Order Date,Quantity,Sales,Profit,Discount,Quantity_Lag_1,Quantity_Lag_2,Quantity_Rolling_Mean_3,Sales_Lag_1,Profit_Lag_1,Month,Year,Week_of_Year,Sub-Category
2014-01-26,0,0.0,0.0,0.0,11.0,3.0,6.666666666666667,796.69,324.68,1,2014,4,Accessories
2014-02-02,0,0.0,0.0,0.0,0.0,11.0,4.666666666666667,0.0,0.0,2,2014,5,Accessories
2014-02-09,15,888.3199999999999,190.43,0.15000000000000002,0.0,0.0,3.6666666666666665,0.0,0.0,2,2014,6,Accessories
2014-02-16,24,1292.76,409.84,0.10000000000000002,15.0,0.0,5.0,888.3199999999999,190.43,2,2014,7,Accessories
2014-02-23,3,62.31,22.43,0.0,24.0,15.0,13.0,1292.76,409.84,2,2014,8,Accessories
2014-03-02,0,0.0,0.0,0.0,3.0,24.0,14.0,62.31,22.43,3,2014,9,Accessories
2014-03-09,5,222.29,80.02000000000001,0.0,0.0,3.0,9.0,0.0,0.0,3,2014,10,Accessories
2014-03-16,18,315.26,21.95,0.06666666666666667,5.0,0.0,2.6666666666666665,222.29,80.02000000000001,3,2014,11,Accessories
2014-03-23,2,170.24,53.2,0.2,18.0,5.0,7.666666666666667,315.26,21.95,3,2014,12,Accessories
2014-03-30,7,111.78,24.54,0.0,2.0,18.0,8.333333333333334,170.24,53.2,3,2014,13,Accessories
2014-04-06,4,179.96,56.99,0.1,7.0,2.0,9.0,111.78,24.54,4,2014,14,Accessories
2014-04-13,13,615.42,234.32,0.0,4.0,7.0,4.333333333333333,179.96,56.99,4,2014,15,Accessories
2014-04-20,3,227.98,28.5,0.2,13.0,4.0,8.0,615.42,234.32,4,2014,16,Accessories
2014-04-27,0,0.0,0.0,0.0,3.0,13.0,6.666666666666667,227.98,28.5,4,2014,17,Accessories
2014-05-04,8,687.74,251.43,0.0,0.0,3.0,5.333333333333333,0.0,0.0,5,2014,18,Accessories
2014-05-11,16,754.08,226.41,0.06666666666666667,8.0,0.0,3.6666666666666665,687.74,251.43,5,2014,19,Accessories
2014-05-18,13,615.11,132.51,0.06666666666666667,16.0,8.0,8.0,754.08,226.41,5,2014,20,Accessories
2014-05-25,2,20.78,-3.64,0.2,13.0,16.0,12.333333333333334,615.11,132.51,5,2014,21,Accessories
2014-06-01,5,127.59,40.21,0.0,2.0,13.0,10.333333333333334,20.78,-3.64,6,2014,22,Accessories
2014-06-08,12,713.54,262.56,0.04,5.0,2.0,6.666666666666667,127.59,40.21,6,2014,23,Accessories
2014-06-15,3,9.09,1.91,0.0,12.0,5.0,6.333333333333333,713.54,262.56,6,2014,24,Accessories
2014-06-22,10,292.72,85.36,0.2,3.0,12.0,6.666666666666667,9.09,1.91,6,2014,25,Accessories
2014-06-29,7,310.34000000000003,54.83,0.1,10.0,3.0,8.333333333333334,292.72,85.36,6,2014,26,Accessories
2014-07-06,7,115.36,49.6,0.0,7.0,10.0,6.666666666666667,310.34000000000003,54.83,7,2014,27,Accessories
2014-07-13,4,46.69,-2.92,0.2,7.0,7.0,8.0,115.36,49.6,7,2014,28,Accessories
2014-07-20,5,44.91,16.41,0.0,4.0,7.0,6.0,46.69,-2.92,7,2014,29,Accessories
2014-07-27,37,2328.84,362.67,0.05,5.0,4.0,5.333333333333333,44.91,16.41,7,2014,30,Accessories
2014-08-03,0,0.0,0.0,0.0,37.0,5.0,15.333333333333334,2328.84,362.67,8,2014,31,Accessories
2014-08-10,19,686.24,185.74,0.06666666666666667,0.0,37.0,14.0,0.0,0.0,8,2014,32,Accessories
2014-08-17,14,443.88,104.2,0.1,19.0,0.0,18.666666666666668,686.24,185.74,8,2014,33,Accessories
2014-08-24,0,0.0,0.0,0.0,14.0,19.0,11.0,443.88,104.2,8,2014,34,Accessories
2014-08-31,25,514.39,124.4,0.0,0.0,14.0,11.0,0.0,0.0,8,2014,35,Accessories
2014-09-07,12,330.95,64.53,0.1,25.0,0.0,13.0,514.39,124.4,9,2014,36,Accessories
2014-09-14,11,316.7,48.699999999999996,0.2,12.0,25.0,12.333333333333334,330.95,64.53,9,2014,37,Accessories
2014-09-21,12,103.9,29.98,0.2,11.0,12.0,16.0,316.7,48.699999999999996,9,2014,38,Accessories
2014-09-28,13,156.97,38.93,0.2,12.0,11.0,11.666666666666666,103.9,29.98,9,2014,39,Accessories
2014-10-05,0,0.0,0.0,0.0,13.0,12.0,12.0,156.97,38.93,10,2014,40,Accessories
2014-10-12,1,10.99,4.29,0.0,0.0,13.0,8.333333333333334,0.0,0.0,10,2014,41,Accessories
2014-10-19,13,525.69,105.42,0.04,1.0,0.0,4.666666666666667,10.99,4.29,10,2014,42,Accessories
2014-10-26,7,360.75,72.5,0.2,13.0,1.0,4.666666666666667,525.69,105.42,10,2014,43,Accessories
2014-11-02,14,488.34,151.91,0.0,7.0,13.0,7.0,360.75,72.5,11,2014,44,Accessories
2014-11-09,22,1075.29,243.95,0.13333333333333333,14.0,7.0,11.333333333333334,488.34,151.91,11,2014,45,Accessories
2014-11-16,15,1219.6,220.74,0.0,22.0,14.0,14.333333333333334,1075.29,243.95,11,2014,46,Accessories
2014-11-23,14,307.0,50.52,0.06666666666666667,15.0,22.0,17.0,1219.6,220.74,11,2014,47,Accessories
2014-11-30,21,378.63,61.97,0.1,14.0,15.0,17.0,307.0,50.52,11,2014,48,Accessories
2014-12-07,4,23.84,3.28,0.2,21.0,14.0,16.666666666666668,378.63,61.97,12,2014,49,Accessories
2014-12-14,32,975.61,242.41,0.14285714285714285,4.0,21.0,13.0,23.84,3.28,12,2014,50,Accessories
2014-12-21,19,952.37,156.9,0.12000000000000002,32.0,4.0,19.0,975.61,242.41,12,2014,51,Accessories
2014-12-28,8,560.85,197.45999999999998,0.0,19.0,32.0,18.333333333333332,952.37,156.9,12,2014,52,Accessories
2015-01-04,25,2079.82,866.9200000000001,0.05714285714285715,8.0,19.0,19.666666666666668,560.85,197.45999999999998,1,2015,1,Accessories
2015-01-11,9,1435.29,598.88,0.1,25.0,8.0,17.333333333333332,2079.82,866.9200000000001,1,2015,2,Accessories
2015-01-18,0,0.0,0.0,0.0,9.0,25.0,14.0,1435.29,598.88,1,2015,3,Accessories
2015-01-25,0,0.0,0.0,0.0,0.0,9.0,11.333333333333334,0.0,0.0,1,2015,4,Accessories
2015-02-01,0,0.0,0.0,0.0,0.0,0.0,3.0,0.0,0.0,2,2015,5,Accessories
2015-02-08,12,298.08,85.16,0.13333333333333333,0.0,0.0,0.0,0.0,0.0,2,2015,6,Accessories
2015-02-15,20,712.9000000000001,72.12,0.1,12.0,0.0,4.0,298.08,85.16,2,2015,7,Accessories
2015-02-22,1,29.99,3.0,0.0,20.0,12.0,10.666666666666666,712.9000000000001,72.12,2,2015,8,Accessories
2015-03-01,14,937.3199999999999,165.5,0.1,1.0,20.0,11.0,29.99,3.0,3,2015,9,Accessories
2015-03-08,6,177.52,50.65,0.1,14.0,1.0,11.666666666666666,937.3199999999999,165.5,3,2015,10,Accessories
2015-03-15,16,346.08,96.27,0.10000000000000002,6.0,14.0,7.0,177.52,50.65,3,2015,11,Accessories
2015-03-22,8,462.96,92.29,0.1,16.0,6.0,12.0,346.08,96.27,3,2015,12,Accessories
2015-03-29,10,476.24,137.13,0.05,8.0,16.0,10.0,462.96,92.29,3,2015,13,Accessories
2015-04-05,0,0.0,0.0,0.0,10.0,8.0,11.333333333333334,476.24,137.13,4,2015,14,Accessories
2015-04-12,13,1864.2800000000002,550.2900000000001,0.05,0.0,10.0,6.0,0.0,0.0,4,2015,15,Accessories
2015-04-19,19,814.41,281.10999999999996,0.06666666666666667,13.0,0.0,7.666666666666667,1864.2800000000002,550.2900000000001,4,2015,16,Accessories
2015-04-26,0,0.0,0.0,0.0,19.0,13.0,10.666666666666666,814.41,281.10999999999996,4,2015,17,Accessories
2015-05-03,1,10.31,-1.29,0.2,0.0,19.0,10.666666666666666,0.0,0.0,5,2015,18,Accessories
2015-05-10,16,615.78,81.53,0.15000000000000002,1.0,0.0,6.666666666666667,10.31,-1.29,5,2015,19,Accessories
2015-05-17,9,342.95,50.150000000000006,0.13333333333333333,16.0,1.0,5.666666666666667,615.78,81.53,5,2015,20,Accessories
2015-05-24,0,0.0,0.0,0.0,9.0,16.0,8.666666666666666,342.95,50.150000000000006,5,2015,21,Accessories
2015-05-31,11,319.9,86.85,0.1,0.0,9.0,8.333333333333334,0.0,0.0,5,2015,22,Accessories
2015-06-07,4,44.019999999999996,8.86,0.2,11.0,0.0,6.666666666666667,319.9,86.85,6,2015,23,Accessories
2015-06-14,11,1687.89,112.15,0.0,4.0,11.0,5.0,44.019999999999996,8.86,6,2015,24,Accessories
2015-06-21,3,331.65000000000003,91.27,0.2,11.0,4.0,8.666666666666666,1687.89,112.15,6,2015,25,Accessories
2015-06-28,5,116.9,26.8,0.0,3.0,11.0,6.0,331.65000000000003,91.27,6,2015,26,Accessories
2015-07-05,6,383.95,47.99,0.2,5.0,3.0,6.333333333333333,116.9,26.8,7,2015,27,Accessories
2015-07-12,12,649.93,184.17999999999998,0.0,6.0,5.0,4.666666666666667,383.95,47.99,7,2015,28,Accessories
2015-07-19,14,1119.8600000000001,368.76,0.0,12.0,6.0,7.666666666666667,649.93,184.17999999999998,7,2015,29,Accessories
2015-07-26,19,1111.06,189.05,0.0,14.0,12.0,10.666666666666666,1119.8600000000001,368.76,7,2015,30,Accessories
2015-08-02,20,2759.2799999999997,960.02,0.0,19.0,14.0,15.0,1111.06,189.05,8,2015,31,Accessories
2015-08-09,4,82.36999999999999,29.54,0.1,20.0,19.0,17.666666666666668,2759.2799999999997,960.02,8,2015,32,Accessories
2015-08-16,12,759.0500000000001,144.77,0.05,4.0,20.0,14.333333333333334,82.36999999999999,29.54,8,2015,33,Accessories
2015-08-23,19,556.52,14.799999999999997,0.15000000000000002,12.0,4.0,12.0,759.0500000000001,144.77,8,2015,34,Accessories
2015-08-30,13,220.48,41.54,0.0,19.0,12.0,11.666666666666666,556.52,14.799999999999997,8,2015,35,Accessories
2015-09-06,19,723.38,133.82,0.16,13.0,19.0,14.666666666666666,220.48,41.54,9,2015,36,Accessories
2015-09-13,13,1067.71,162.28,0.0,19.0,13.0,17.0,723.38,133.82,9,2015,37,Accessories
2015-09-20,18,1530.55,404.29,0.1,13.0,19.0,15.0,1067.71,162.28,9,2015,38,Accessories
2015-09-27,30,2206.03,559.1999999999999,0.1,18.0,13.0,16.666666666666668,1530.55,404.29,9,2015,39,Accessories
2015-10-04,0,0.0,0.0,0.0,30.0,18.0,20.333333333333332,2206.03,559.1999999999999,10,2015,40,Accessories
2015-10-11,6,126.59,32.239999999999995,0.1,0.0,30.0,16.0,0.0,0.0,10,2015,41,Accessories
2015-10-18,16,495.09,97.32,0.15000000000000002,6.0,0.0,12.0,126.59,32.239999999999995,10,2015,42,Accessories
2015-10-25,15,658.29,247.37,0.0,16.0,6.0,7.333333333333333,495.09,97.32,10,2015,43,Accessories
2015-11-01,0,0.0,0.0,0.0,15.0,16.0,12.333333333333334,658.29,247.37,11,2015,44,Accessories
2015-11-08,9,138.84,45.11,0.0,0.0,15.0,10.333333333333334,0.0,0.0,11,2015,45,Accessories
2015-11-15,34,781.5899999999999,60.58,0.08888888888888889,9.0,0.0,8.0,138.84,45.11,11,2015,46,Accessories
2015-11-22,15,1457.99,398.46999999999997,0.08,34.0,9.0,14.333333333333334,781.5899999999999,60.58,11,2015,47,Accessories
2015-11-29,16,592.36,123.24000000000001,0.06666666666666667,15.0,34.0,19.333333333333332,1457.99,398.46999999999997,11,2015,48,Accessories
2015-12-06,2,10.38,2.21,0.2,16.0,15.0,21.666666666666668,592.36,123.24000000000001,12,2015,49,Accessories
2015-12-13,14,362.19,147.37,0.05,2.0,16.0,11.0,10.38,2.21,12,2015,50,Accessories
2015-12-20,38,7039.53,2172.85,0.08888888888888889,14.0,2.0,10.666666666666666,362.19,147.37,12,2015,51,Accessories
2015-12-27,34,1617.6100000000001,512.87,0.13333333333333333,38.0,14.0,18.0,7039.53,2172.85,12,2015,52,Accessories
2016-01-03,2,54.38,1.36,0.2,34.0,38.0,28.666666666666668,1617.6100000000001,512.87,1,2016,53,Accessories
2016-01-10,15,658.52,266.11,0.04,2.0,34.0,24.666666666666668,54.38,1.36,1,2016,1,Accessories
2016-01-17,13,729.65,153.04,0.05,15.0,2.0,17.0,658.52,266.11,1,2016,2,Accessories
2016-01-24,5,155.16,58.85,0.1,13.0,15.0,10.0,729.65,153.04,1,2016,3,Accessories
2016-01-31,0,0.0,0.0,0.0,5.0,13.0,11.0,155.16,58.85,1,2016,4,Accessories
2016-02-07,0,0.0,0.0,0.0,0.0,5.0,6.0,0.0,0.0,2,2016,5,Accessories
2016-02-14,8,325.15999999999997,27.699999999999996,0.2,0.0,0.0,1.6666666666666667,0.0,0.0,2,2016,6,Accessories
2016-02-21,4,102.96,40.370000000000005,0.0,8.0,0.0,2.6666666666666665,325.15999999999997,27.699999999999996,2,2016,7,Accessories
2016-02-28,1,36.24,15.22,0.0,4.0,8.0,4.0,102.96,40.370000000000005,2,2016,8,Accessories
2016-03-06,20,801.9,-46.53999999999999,0.2,1.0,4.0,4.333333333333333,36.24,15.22,3,2016,9,Accessories
2016-03-13,28,2352.14,774.33,0.08,20.0,1.0,8.333333333333334,801.9,-46.53999999999999,3,2016,10,Accessories
2016-03-20,3,83.98,-13.65,0.2,28.0,20.0,16.333333333333332,2352.14,774.33,3,2016,11,Accessories
2016-03-27,10,1466.01,245.95,0.06666666666666667,3.0,28.0,17.0,83.98,-13.65,3,2016,12,Accessories
2016-04-03,2,159.98,57.59,0.0,10.0,3.0,13.666666666666666,1466.01,245.95,4,2016,13,Accessories
2016-04-10,8,369.91999999999996,104.97999999999999,0.0,2.0,10.0,5.0,159.98,57.59,4,2016,14,Accessories
2016-04-17,17,814.02,174.12,0.15000000000000002,8.0,2.0,6.666666666666667,369.91999999999996,104.97999999999999,4,2016,15,Accessories
2016-04-24,3,258.7,64.67,0.2,17.0,8.0,9.0,814.02,174.12,4,2016,16,Accessories
2016-05-01,6,191.47,40.69,0.2,3.0,17.0,9.333333333333334,258.7,64.67,5,2016,17,Accessories
2016-05-08,0,0.0,0.0,0.0,6.0,3.0,8.666666666666666,191.47,40.69,5,2016,18,Accessories
2016-05-15,28,1025.21,188.57,0.08,0.0,6.0,3.0,0.0,0.0,5,2016,19,Accessories
2016-05-22,7,161.36,57.6,0.0,28.0,0.0,11.333333333333334,1025.21,188.57,5,2016,20,Accessories
2016-05-29,3,111.91,4.78,0.2,7.0,28.0,11.666666666666666,161.36,57.6,5,2016,21,Accessories
2016-06-05,15,2341.82,688.1099999999999,0.1,3.0,7.0,12.666666666666666,111.91,4.78,6,2016,22,Accessories
2016-06-12,16,588.98,224.94,0.0,15.0,3.0,8.333333333333334,2341.82,688.1099999999999,6,2016,23,Accessories
2016-06-19,3,47.75,11.98,0.1,16.0,15.0,11.333333333333334,588.98,224.94,6,2016,24,Accessories
2016-06-26,17,322.42,54.28,0.06666666666666667,3.0,16.0,11.333333333333334,47.75,11.98,6,2016,25,Accessories
2016-07-03,11,150.12,20.37,0.1,17.0,3.0,12.0,322.42,54.28,7,2016,26,Accessories
2016-07-10,8,379.91999999999996,108.38,0.0,11.0,17.0,10.333333333333334,150.12,20.37,7,2016,27,Accessories
2016-07-17,13,1133.33,301.14,0.04,8.0,11.0,12.0,379.91999999999996,108.38,7,2016,28,Accessories
2016-07-24,7,515.5,172.18,0.06666666666666667,13.0,8.0,10.666666666666666,1133.33,301.14,7,2016,29,Accessories
2016-07-31,7,124.25,48.46,0.0,7.0,13.0,9.333333333333334,515.5,172.18,7,2016,30,Accessories
2016-08-07,16,518.0,80.44000000000001,0.20000000000000004,7.0,7.0,9.0,124.25,48.46,8,2016,31,Accessories
2016-08-14,19,529.36,88.58,0.16666666666666666,16.0,7.0,10.0,518.0,80.44000000000001,8,2016,32,Accessories
2016-08-21,3,254.97,91.79,0.0,19.0,16.0,14.0,529.36,88.58,8,2016,33,Accessories
2016-08-28,19,1404.28,202.82999999999998,0.10000000000000002,3.0,19.0,12.666666666666666,254.97,91.79,8,2016,34,Accessories
2016-09-04,18,767.51,246.81,0.04,19.0,3.0,13.666666666666666,1404.28,202.82999999999998,9,2016,35,Accessories
2016-09-11,5,573.95,190.75,0.0,18.0,19.0,13.333333333333334,767.51,246.81,9,2016,36,Accessories
2016-09-18,6,79.02,23.76,0.1,5.0,18.0,14.0,573.95,190.75,9,2016,37,Accessories
2016-09-25,10,749.9,282.46,0.0,6.0,5.0,9.666666666666666,79.02,23.76,9,2016,38,Accessories
2016-10-02,11,778.19,32.010000000000005,0.05,10.0,6.0,7.0,749.9,282.46,10,2016,39,Accessories
2016-10-09,4,66.84,12.6,0.1,11.0,10.0,9.0,778.19,32.010000000000005,10,2016,40,Accessories
2016-10-16,31,2545.04,632.89,0.1142857142857143,4.0,11.0,8.333333333333334,66.84,12.6,10,2016,41,Accessories
2016-10-23,12,204.24,0.5400000000000009,0.1,31.0,4.0,15.333333333333334,2545.04,632.89,10,2016,42,Accessories
2016-10-30,6,459.98,42.6,0.0,12.0,31.0,15.666666666666666,204.24,0.5400000000000009,10,2016,43,Accessories
2016-11-06,8,675.9200000000001,224.35000000000002,0.0,6.0,12.0,16.333333333333332,459.98,42.6,11,2016,44,Accessories
2016-11-13,26,3855.31,690.27,0.04,8.0,6.0,8.666666666666666,675.9200000000001,224.35000000000002,11,2016,45,Accessories
2016-11-20,18,2798.19,837.23,0.03333333333333333,26.0,8.0,13.333333333333334,3855.31,690.27,11,2016,46,Accessories
2016-11-27,54,2323.66,512.79,0.1076923076923077,18.0,26.0,17.333333333333332,2798.19,837.23,11,2016,47,Accessories
2016-12-04,8,160.12,22.89,0.1,54.0,18.0,32.666666666666664,2323.66,512.79,12,2016,48,Accessories
2016-12-11,18,1572.6200000000001,102.96,0.1,8.0,54.0,26.666666666666668,160.12,22.89,12,2016,49,Accessories
2016-12-18,30,1729.7,288.5,0.05714285714285715,18.0,8.0,26.666666666666668,1572.6200000000001,102.96,12,2016,50,Accessories
2016-12-25,25,1122.12,347.1,0.10000000000000002,30.0,18.0,18.666666666666668,1729.7,288.5,12,2016,51,Accessories
2017-01-01,5,129.97,19.39,0.1,25.0,30.0,24.333333333333332,1122.12,347.1,1,2017,52,Accessories
2017-01-08,9,172.76,48.8,0.0,5.0,25.0,20.0,129.97,19.39,1,2017,1,Accessories
2017-01-15,34,596.66,121.50000000000001,0.07500000000000001,9.0,5.0,13.0,172.76,48.8,1,2017,2,Accessories
2017-01-22,8,799.9200000000001,197.98000000000002,0.0,34.0,9.0,16.0,596.66,121.50000000000001,1,2017,3,Accessories
2017-01-29,14,617.87,160.47,0.13333333333333333,8.0,34.0,17.0,799.9200000000001,197.98000000000002,1,2017,4,Accessories
2017-02-05,15,1016.0899999999999,247.23999999999998,0.0,14.0,8.0,18.666666666666668,617.87,160.47,2,2017,5,Accessories
2017-02-12,24,4625.34,1418.13,0.04,15.0,14.0,12.333333333333334,1016.0899999999999,247.23999999999998,2,2017,6,Accessories
2017-02-19,7,909.49,391.08000000000004,0.0,24.0,15.0,17.666666666666668,4625.34,1418.13,2,2017,7,Accessories
2017-02-26,7,1399.69,216.28,0.20000000000000004,7.0,24.0,15.333333333333334,909.49,391.08000000000004,2,2017,8,Accessories
2017-03-05,2,99.98,42.99,0.0,7.0,7.0,12.666666666666666,1399.69,216.28,3,2017,9,Accessories
2017-03-12,68,4755.24,1528.08,0.10588235294117647,2.0,7.0,5.333333333333333,99.98,42.99,3,2017,10,Accessories
2017-03-19,27,830.91,265.44,0.05714285714285715,68.0,2.0,25.666666666666668,4755.24,1528.08,3,2017,11,Accessories
2017-03-26,12,461.21000000000004,72.35,0.05,27.0,68.0,32.333333333333336,830.91,265.44,3,2017,12,Accessories
2017-04-02,1,39.99,7.0,0.2,12.0,27.0,35.666666666666664,461.21000000000004,72.35,4,2017,13,Accessories
2017-04-09,8,111.0,38.11,0.1,1.0,12.0,13.333333333333334,39.99,7.0,4,2017,14,Accessories
2017-04-16,19,991.4,156.14,0.10000000000000002,8.0,1.0,7.0,111.0,38.11,4,2017,15,Accessories
2017-04-23,12,260.27,79.7,0.1,19.0,8.0,9.333333333333334,991.4,156.14,4,2017,16,Accessories
2017-04-30,8,180.33,28.31,0.06666666666666667,12.0,19.0,13.0,260.27,79.7,4,2017,17,Accessories
2017-05-07,3,299.97,125.99,0.0,8.0,12.0,13.0,180.33,28.31,5,2017,18,Accessories
2017-05-14,34,2578.23,997.5600000000001,0.044444444444444446,3.0,8.0,7.666666666666667,299.97,125.99,5,2017,19,Accessories
2017-05-21,8,404.09000000000003,128.96,0.0,34.0,3.0,15.0,2578.23,997.5600000000001,5,2017,20,Accessories
2017-05-28,30,608.86,110.0,0.06666666666666667,8.0,34.0,15.0,404.09000000000003,128.96,5,2017,21,Accessories
2017-06-04,2,35.36,-3.09,0.2,30.0,8.0,24.0,608.86,110.0,6,2017,22,Accessories
2017-06-11,19,1046.58,254.34,0.08,2.0,30.0,13.333333333333334,35.36,-3.09,6,2017,23,Accessories
2017-06-18,9,581.29,116.1,0.1,19.0,2.0,17.0,1046.58,254.34,6,2017,24,Accessories
2017-06-25,25,615.37,98.83,0.05,9.0,19.0,10.0,581.29,116.1,6,2017,25,Accessories
2017-07-02,17,1781.69,331.84000000000003,0.06666666666666667,25.0,9.0,17.666666666666668,615.37,98.83,7,2017,26,Accessories
2017-07-09,33,1989.91,294.47,0.08333333333333333,17.0,25.0,17.0,1781.69,331.84000000000003,7,2017,27,Accessories
2017-07-16,28,1926.44,426.05,0.028571428571428574,33.0,17.0,25.0,1989.91,294.47,7,2017,28,Accessories
2017-07-23,13,949.6700000000001,287.75,0.0,28.0,33.0,26.0,1926.44,426.05,7,2017,29,Accessories
2017-07-30,13,1975.47,704.64,0.0,13.0,28.0,24.666666666666668,949.6700000000001,287.75,7,2017,30,Accessories
2017-08-06,9,130.96,20.59,0.2,13.0,13.0,18.0,1975.47,704.64,8,2017,31,Accessories
2017-08-13,34,1038.63,316.21000000000004,0.08,9.0,13.0,11.666666666666666,130.96,20.59,8,2017,32,Accessories
2017-08-20,19,2461.4,613.2099999999999,0.0,34.0,9.0,18.666666666666668,1038.63,316.21000000000004,8,2017,33,Accessories
2017-08-27,18,1225.0500000000002,236.70999999999998,0.06666666666666667,19.0,34.0,20.666666666666668,2461.4,613.2099999999999,8,2017,34,Accessories
2017-09-03,6,987.8599999999999,303.76,0.06666666666666667,18.0,19.0,23.666666666666668,1225.0500000000002,236.70999999999998,9,2017,35,Accessories
2017-09-10,6,359.94,139.18,0.0,6.0,18.0,14.333333333333334,987.8599999999999,303.76,9,2017,36,Accessories
2017-09-17,36,2553.77,804.54,0.07272727272727274,6.0,6.0,10.0,359.94,139.18,9,2017,37,Accessories
2017-09-24,57,2973.01,758.34,0.042857142857142864,36.0,6.0,16.0,2553.77,804.54,9,2017,38,Accessories
2017-10-01,12,574.3,151.32999999999998,0.15000000000000002,57.0,36.0,33.0,2973.01,758.34,10,2017,39,Accessories
2017-10-08,12,440.21,137.94,0.05,12.0,57.0,35.0,574.3,151.32999999999998,10,2017,40,Accessories
2017-10-15,45,1718.0,398.07,0.06000000000000001,12.0,12.0,27.0,440.21,137.94,10,2017,41,Accessories
2017-10-22,4,46.93,11.15,0.2,45.0,12.0,23.0,1718.0,398.07,10,2017,42,Accessories
2017-10-29,6,125.37,-1.2400000000000007,0.15000000000000002,4.0,45.0,20.333333333333332,46.93,11.15,10,2017,43,Accessories
2017-11-05,18,733.3499999999999,-13.149999999999999,0.1,6.0,4.0,18.333333333333332,125.37,-1.2400000000000007,11,2017,44,Accessories
2017-11-12,15,288.89,54.09,0.06666666666666667,18.0,6.0,9.333333333333334,733.3499999999999,-13.149999999999999,11,2017,45,Accessories
2017-11-19,41,1571.2800000000002,405.81,0.08888888888888889,15.0,18.0,13.0,288.89,54.09,11,2017,46,Accessories
2017-11-26,27,338.7,118.31,0.05,41.0,15.0,24.666666666666668,1571.2800000000002,405.81,11,2017,47,Accessories
2017-12-03,14,646.12,130.60999999999999,0.13333333333333333,27.0,41.0,27.666666666666668,338.7,118.31,12,2017,48,Accessories
2017-12-10,38,2234.96,424.90999999999997,0.06666666666666668,14.0,27.0,27.333333333333332,646.12,130.60999999999999,12,2017,49,Accessories
2017-12-17,39,978.96,184.02,0.12000000000000002,38.0,14.0,26.333333333333332,2234.96,424.90999999999997,12,2017,50,Accessories
2017-12-24,18,860.23,275.62,0.0,39.0,38.0,30.333333333333332,978.96,184.02,12,2017,51,Accessories
2017-12-31,10,190.73000000000002,55.39,0.1,18.0,39.0,31.666666666666668,860.23,275.62,12,2017,52,Accessories
2014-02-02,0,0.0,0.0,0.0,4.0,4.0,8.0,247.72,93.58,2,2014,5,Appliances
2014-02-09,9,200.94,51.190000000000005,0.06666666666666667,0.0,4.0,2.6666666666666665,0.0,0.0,2,2014,6,Appliances
2014-02-16,5,92.30999999999999,2.6799999999999997,0.5333333333333333,9.0,0.0,4.333333333333333,200.94,51.190000000000005,2,2014,7,Appliances
2014-02-23,0,0.0,0.0,0.0,5.0,9.0,4.666666666666667,92.30999999999999,2.6799999999999997,2,2014,8,Appliances
2014-03-02,0,0.0,0.0,0.0,0.0,5.0,4.666666666666667,0.0,0.0,3,2014,9,Appliances
2014-03-09,3,176.77,-459.61,0.8,0.0,0.0,1.6666666666666667,0.0,0.0,3,2014,10,Appliances
2014-03-16,0,0.0,0.0,0.0,3.0,0.0,1.0,176.77,-459.61,3,2014,11,Appliances
2014-03-23,2,93.78,36.57,0.0,0.0,3.0,1.0,0.0,0.0,3,2014,12,Appliances
2014-03-30,0,0.0,0.0,0.0,2.0,0.0,1.6666666666666667,93.78,36.57,3,2014,13,Appliances
2014-04-06,10,126.22,37.91,0.0,0.0,2.0,0.6666666666666666,0.0,0.0,4,2014,14,Appliances
2014-04-13,9,192.63,35.870000000000005,0.13333333333333333,10.0,0.0,4.0,126.22,37.91,4,2014,15,Appliances
2014-04-20,2,106.96,31.02,0.0,9.0,10.0,6.333333333333333,192.63,35.870000000000005,4,2014,16,Appliances
2014-04-27,3,270.72,78.51,0.0,2.0,9.0,7.0,106.96,31.02,4,2014,17,Appliances
2014-05-04,0,0.0,0.0,0.0,3.0,2.0,4.666666666666667,270.72,78.51,5,2014,18,Appliances
2014-05-11,8,171.39,33.74,0.1,0.0,3.0,1.6666666666666667,0.0,0.0,5,2014,19,Appliances
2014-05-18,6,250.26,72.58,0.0,8.0,0.0,3.6666666666666665,171.39,33.74,5,2014,20,Appliances
2014-05-25,13,562.92,-31.94999999999999,0.2,6.0,8.0,4.666666666666667,250.26,72.58,5,2014,21,Appliances
2014-06-01,3,235.95,77.86,0.0,13.0,6.0,9.0,562.92,-31.94999999999999,6,2014,22,Appliances
2014-06-08,0,0.0,0.0,0.0,3.0,13.0,7.333333333333333,235.95,77.86,6,2014,23,Appliances
2014-06-15,0,0.0,0.0,0.0,0.0,3.0,5.333333333333333,0.0,0.0,6,2014,24,Appliances
2014-06-22,11,576.02,186.48999999999998,0.06666666666666667,0.0,0.0,1.0,0.0,0.0,6,2014,25,Appliances
2014-06-29,0,0.0,0.0,0.0,11.0,0.0,3.6666666666666665,576.02,186.48999999999998,6,2014,26,Appliances
2014-07-06,0,0.0,0.0,0.0,0.0,11.0,3.6666666666666665,0.0,0.0,7,2014,27,Appliances
2014-07-13,6,245.88,68.85,0.0,0.0,0.0,3.6666666666666665,0.0,0.0,7,2014,28,Appliances
2014-07-20,1,39.48,11.05,0.0,6.0,0.0,2.0,245.88,68.85,7,2014,29,Appliances
2014-07-27,3,4.99,-12.98,0.8,1.0,6.0,2.3333333333333335,39.48,11.05,7,2014,30,Appliances
2014-08-03,0,0.0,0.0,0.0,3.0,1.0,3.3333333333333335,4.99,-12.98,8,2014,31,Appliances
2014-08-10,17,495.07,-365.99,0.18,0.0,3.0,1.3333333333333333,0.0,0.0,8,2014,32,Appliances
2014-08-17,5,152.24,17.13,0.2,17.0,0.0,6.666666666666667,495.07,-365.99,8,2014,33,Appliances
2014-08-24,0,0.0,0.0,0.0,5.0,17.0,7.333333333333333,152.24,17.13,8,2014,34,Appliances
2014-08-31,0,0.0,0.0,0.0,0.0,5.0,7.333333333333333,0.0,0.0,8,2014,35,Appliances
2014-09-07,5,114.9,34.47,0.0,0.0,0.0,1.6666666666666667,0.0,0.0,9,2014,36,Appliances
2014-09-14,9,85.84,-182.82999999999998,0.6,5.0,0.0,1.6666666666666667,114.9,34.47,9,2014,37,Appliances
2014-09-21,10,137.13,38.32,0.0,9.0,5.0,4.666666666666667,85.84,-182.82999999999998,9,2014,38,Appliances
2014-09-28,15,202.02999999999997,18.75,0.20000000000000004,10.0,9.0,8.0,137.13,38.32,9,2014,39,Appliances
2014-10-05,12,864.63,70.91,0.2,15.0,10.0,11.333333333333334,202.02999999999997,18.75,10,2014,40,Appliances
2014-10-12,4,81.92,22.12,0.0,12.0,15.0,12.333333333333334,864.63,70.91,10,2014,41,Appliances
2014-10-19,8,217.07999999999998,53.51,0.4,4.0,12.0,10.333333333333334,81.92,22.12,10,2014,42,Appliances
2014-10-26,4,121.79,13.7,0.2,8.0,4.0,8.0,217.07999999999998,53.51,10,2014,43,Appliances
2014-11-02,0,0.0,0.0,0.0,4.0,8.0,5.333333333333333,121.79,13.7,11,2014,44,Appliances
2014-11-09,6,182.67,47.86,0.0,0.0,4.0,4.0,0.0,0.0,11,2014,45,Appliances
2014-11-16,5,363.82,38.05,0.06666666666666667,6.0,0.0,3.3333333333333335,182.67,47.86,11,2014,46,Appliances
2014-11-23,9,950.74,275.58000000000004,0.26666666666666666,5.0,6.0,3.6666666666666665,363.82,38.05,11,2014,47,Appliances
2014-11-30,5,84.22,23.14,0.0,9.0,5.0,6.666666666666667,950.74,275.58000000000004,11,2014,48,Appliances
2014-12-07,0,0.0,0.0,0.0,5.0,9.0,6.333333333333333,84.22,23.14,12,2014,49,Appliances
2014-12-14,11,378.09000000000003,34.61,0.2,0.0,5.0,4.666666666666667,0.0,0.0,12,2014,50,Appliances
2014-12-21,9,62.94,-45.739999999999995,0.5,11.0,0.0,5.333333333333333,378.09000000000003,34.61,12,2014,51,Appliances
2014-12-28,28,2504.06,699.37,0.05,9.0,11.0,6.666666666666667,62.94,-45.739999999999995,12,2014,52,Appliances
2015-01-04,10,174.85,37.23,0.13333333333333333,28.0,9.0,16.0,2504.06,699.37,1,2015,1,Appliances
2015-01-11,0,0.0,0.0,0.0,10.0,28.0,15.666666666666666,174.85,37.23,1,2015,2,Appliances
2015-01-18,0,0.0,0.0,0.0,0.0,10.0,12.666666666666666,0.0,0.0,1,2015,3,Appliances
2015-01-25,0,0.0,0.0,0.0,0.0,0.0,3.3333333333333335,0.0,0.0,1,2015,4,Appliances
2015-02-01,0,0.0,0.0,0.0,0.0,0.0,0.0,0.0,0.0,2,2015,5,Appliances
2015-02-08,6,64.97,-165.72,0.8,0.0,0.0,0.0,0.0,0.0,2,2015,6,Appliances
2015-02-15,4,197.72,55.36,0.0,6.0,0.0,2.0,64.97,-165.72,2,2015,7,Appliances
2015-02-22,0,0.0,0.0,0.0,4.0,6.0,3.3333333333333335,197.72,55.36,2,2015,8,Appliances
2015-03-01,6,26.88,6.72,0.0,0.0,4.0,3.3333333333333335,0.0,0.0,3,2015,9,Appliances
2015-03-08,9,41.9,8.57,0.2,6.0,0.0,3.3333333333333335,26.88,6.72,3,2015,10,Appliances
2015-03-15,2,137.62,60.55,0.0,9.0,6.0,5.0,41.9,8.57,3,2015,11,Appliances
2015-03-22,4,962.08,156.34,0.2,2.0,9.0,5.666666666666667,137.62,60.55,3,2015,12,Appliances
2015-03-29,9,93.38,25.18,0.06666666666666667,4.0,2.0,5.0,962.08,156.34,3,2015,13,Appliances
2015-04-05,2,644.08,107.35,0.1,9.0,4.0,5.0,93.38,25.18,4,2015,14,Appliances
2015-04-12,0,0.0,0.0,0.0,2.0,9.0,5.0,644.08,107.35,4,2015,15,Appliances
2015-04-19,13,1623.49,403.73,0.24000000000000005,0.0,2.0,3.6666666666666665,0.0,0.0,4,2015,16,Appliances
2015-04-26,8,478.83,167.1,0.0,13.0,0.0,5.0,1623.49,403.73,4,2015,17,Appliances
2015-05-03,27,567.97,-406.13,0.3166666666666667,8.0,13.0,7.0,478.83,167.1,5,2015,18,Appliances
2015-05-10,9,126.95,27.919999999999998,0.1,27.0,8.0,16.0,567.97,-406.13,5,2015,19,Appliances
2015-05-17,4,387.14,24.2,0.2,9.0,27.0,14.666666666666666,126.95,27.919999999999998,5,2015,20,Appliances
2015-05-24,13,871.27,192.73999999999998,0.45,4.0,9.0,13.333333333333334,387.14,24.2,5,2015,21,Appliances
2015-05-31,15,1006.05,129.45999999999998,0.1,13.0,4.0,8.666666666666666,871.27,192.73999999999998,5,2015,22,Appliances
2015-06-07,0,0.0,0.0,0.0,15.0,13.0,10.666666666666666,1006.05,129.45999999999998,6,2015,23,Appliances
2015-06-14,3,16.17,4.12,0.0,0.0,15.0,9.333333333333334,0.0,0.0,6,2015,24,Appliances
2015-06-21,0,0.0,0.0,0.0,3.0,0.0,6.0,16.17,4.12,6,2015,25,Appliances
2015-06-28,0,0.0,0.0,0.0,0.0,3.0,1.0,0.0,0.0,6,2015,26,Appliances
2015-07-05,8,463.25,-1181.28,0.8,0.0,0.0,1.0,0.0,0.0,7,2015,27,Appliances
2015-07-12,12,230.51999999999998,61.46,0.0,8.0,0.0,2.6666666666666665,463.25,-1181.28,7,2015,28,Appliances
2015-07-19,0,0.0,0.0,0.0,12.0,8.0,6.666666666666667,230.51999999999998,61.46,7,2015,29,Appliances
2015-07-26,3,68.94,20.68,0.0,0.0,12.0,6.666666666666667,0.0,0.0,7,2015,30,Appliances
2015-08-02,0,0.0,0.0,0.0,3.0,0.0,5.0,68.94,20.68,8,2015,31,Appliances
2015-08-09,4,257.05,-360.56,0.4,0.0,3.0,1.0,0.0,0.0,8,2015,32,Appliances
2015-08-16,3,44.43,18.66,0.0,4.0,0.0,2.3333333333333335,257.05,-360.56,8,2015,33,Appliances
2015-08-23,8,574.57,145.19,0.26666666666666666,3.0,4.0,2.3333333333333335,44.43,18.66,8,2015,34,Appliances
2015-08-30,4,105.96,29.67,0.0,8.0,3.0,5.0,574.57,145.19,8,2015,35,Appliances
2015-09-06,6,533.5799999999999,190.10999999999999,0.0,4.0,8.0,5.0,105.96,29.67,9,2015,36,Appliances
2015-09-13,10,347.94000000000005,-62.370000000000005,0.3333333333333333,6.0,4.0,6.0,533.5799999999999,190.10999999999999,9,2015,37,Appliances
2015-09-20,0,0.0,0.0,0.0,10.0,6.0,6.666666666666667,347.94000000000005,-62.370000000000005,9,2015,38,Appliances
2015-09-27,9,1280.23,366.85,0.06666666666666667,0.0,10.0,5.333333333333333,0.0,0.0,9,2015,39,Appliances
2015-10-04,14,566.49,161.7,0.0,9.0,0.0,6.333333333333333,1280.23,366.85,10,2015,40,Appliances
2015-10-11,13,982.04,18.419999999999987,0.25,14.0,9.0,7.666666666666667,566.49,161.7,10,2015,41,Appliances
2015-10-18,13,126.25,-295.4,0.8,13.0,14.0,12.0,982.04,18.419999999999987,10,2015,42,Appliances
2015-10-25,5,1640.7,459.4,0.0,13.0,13.0,13.333333333333334,126.25,-295.4,10,2015,43,Appliances
2015-11-01,8,386.78999999999996,73.43,0.1,5.0,13.0,10.333333333333334,1640.7,459.4,11,2015,44,Appliances
2015-11-08,5,406.6,113.85,0.0,8.0,5.0,8.666666666666666,386.78999999999996,73.43,11,2015,45,Appliances
2015-11-15,7,937.15,352.16,0.0,5.0,8.0,6.0,406.6,113.85,11,2015,46,Appliances
2015-11-22,28,993.11,-8.180000000000007,0.3,7.0,5.0,6.666666666666667,937.15,352.16,11,2015,47,Appliances
2015-11-29,17,3225.6099999999997,929.3299999999999,0.03333333333333333,28.0,7.0,13.333333333333334,993.11,-8.180000000000007,11,2015,48,Appliances
2015-12-06,3,98.35,9.84,0.2,17.0,28.0,17.333333333333332,3225.6099999999997,929.3299999999999,12,2015,49,Appliances
2015-12-13,4,134.48,34.96,0.0,3.0,17.0,16.0,98.35,9.84,12,2015,50,Appliances
2015-12-20,16,666.9200000000001,98.89999999999999,0.12000000000000002,4.0,3.0,8.0,134.48,34.96,12,2015,51,Appliances
2015-12-27,17,1133.1799999999998,319.66,0.04,16.0,4.0,7.666666666666667,666.9200000000001,98.89999999999999,12,2015,52,Appliances
2016-01-03,0,0.0,0.0,0.0,17.0,16.0,12.333333333333334,1133.1799999999998,319.66,1,2016,53,Appliances
2016-01-10,8,452.84000000000003,87.96,0.10000000000000002,0.0,17.0,11.0,0.0,0.0,1,2016,1,Appliances
2016-01-17,14,3018.15,961.27,0.26666666666666666,8.0,0.0,8.333333333333334,452.84000000000003,87.96,1,2016,2,Appliances
2016-01-24,4,64.86,6.49,0.2,14.0,8.0,7.333333333333333,3018.15,961.27,1,2016,3,Appliances
2016-01-31,0,0.0,0.0,0.0,4.0,14.0,8.666666666666666,64.86,6.49,1,2016,4,Appliances
2016-02-07,0,0.0,0.0,0.0,0.0,4.0,6.0,0.0,0.0,2,2016,5,Appliances
2016-02-14,6,121.14,43.46,0.0,0.0,0.0,1.3333333333333333,0.0,0.0,2,2016,6,Appliances
2016-02-21,6,92.06,-225.56,0.8,6.0,0.0,2.0,121.14,43.46,2,2016,7,Appliances
2016-02-28,12,661.2,186.85,0.0,6.0,6.0,4.0,92.06,-225.56,2,2016,8,Appliances
2016-03-06,3,26.41,-71.3,0.8,12.0,6.0,8.0,661.2,186.85,3,2016,9,Appliances
2016-03-13,24,2564.7200000000003,798.2299999999999,0.06666666666666667,3.0,12.0,7.0,26.41,-71.3,3,2016,10,Appliances
2016-03-20,6,1773.75,384.82,0.1,24.0,3.0,13.0,2564.7200000000003,798.2299999999999,3,2016,11,Appliances
2016-03-27,0,0.0,0.0,0.0,6.0,24.0,11.0,1773.75,384.82,3,2016,12,Appliances
2016-04-03,0,0.0,0.0,0.0,0.0,6.0,10.0,0.0,0.0,4,2016,13,Appliances
2016-04-10,2,87.17,8.72,0.2,0.0,0.0,2.0,0.0,0.0,4,2016,14,Appliances
2016-04-17,0,0.0,0.0,0.0,2.0,0.0,0.6666666666666666,87.17,8.72,4,2016,15,Appliances
2016-04-24,7,252.70999999999998,-71.8,0.4,0.0,2.0,0.6666666666666666,0.0,0.0,4,2016,16,Appliances
2016-05-01,0,0.0,0.0,0.0,7.0,0.0,3.0,252.70999999999998,-71.8,5,2016,17,Appliances
2016-05-08,4,58.24,15.72,0.0,0.0,7.0,2.3333333333333335,0.0,0.0,5,2016,18,Appliances
2016-05-15,3,62.79,-166.39,0.8,4.0,0.0,3.6666666666666665,58.24,15.72,5,2016,19,Appliances
2016-05-22,9,905.74,242.78,0.0,3.0,4.0,2.3333333333333335,62.79,-166.39,5,2016,20,Appliances
2016-05-29,2,34.85,6.53,0.2,9.0,3.0,5.333333333333333,905.74,242.78,5,2016,21,Appliances
2016-06-05,12,545.47,127.66,0.25,2.0,9.0,4.666666666666667,34.85,6.53,6,2016,22,Appliances
2016-06-12,6,77.88,22.59,0.0,12.0,2.0,7.666666666666667,545.47,127.66,6,2016,23,Appliances
2016-06-19,3,453.6,90.72,0.2,6.0,12.0,6.666666666666667,77.88,22.59,6,2016,24,Appliances
2016-06-26,12,780.4399999999999,109.1,0.2,3.0,6.0,7.0,453.6,90.72,6,2016,25,Appliances
2016-07-03,6,283.98,123.38,0.0,12.0,3.0,7.0,780.4399999999999,109.1,7,2016,26,Appliances
2016-07-10,3,33.53,2.51,0.2,6.0,12.0,7.0,283.98,123.38,7,2016,27,Appliances
2016-07-17,11,360.21999999999997,109.36,0.0,3.0,6.0,7.0,33.53,2.51,7,2016,28,Appliances
2016-07-24,2,23.7,6.52,0.2,11.0,3.0,6.666666666666667,360.21999999999997,109.36,7,2016,29,Appliances
2016-07-31,14,1252.1399999999999,279.42,0.125,2.0,11.0,5.333333333333333,23.7,6.52,7,2016,30,Appliances
2016-08-07,0,0.0,0.0,0.0,14.0,2.0,9.0,1252.1399999999999,279.42,8,2016,31,Appliances
2016-08-14,10,771.66,50.34000000000003,0.2,0.0,14.0,5.333333333333333,0.0,0.0,8,2016,32,Appliances
2016-08-21,12,477.65,111.72,0.1,10.0,0.0,8.0,771.66,50.34000000000003,8,2016,33,Appliances
2016-08-28,12,1197.45,300.75,0.06666666666666667,12.0,10.0,7.333333333333333,477.65,111.72,8,2016,34,Appliances
2016-09-04,0,0.0,0.0,0.0,12.0,12.0,11.333333333333334,1197.45,300.75,9,2016,35,Appliances
2016-09-11,4,569.54,64.07,0.2,0.0,12.0,8.0,0.0,0.0,9,2016,36,Appliances
2016-09-18,16,522.11,167.95,0.18,4.0,0.0,5.333333333333333,569.54,64.07,9,2016,37,Appliances
2016-09-25,6,679.51,147.66000000000003,0.1,16.0,4.0,6.666666666666667,522.11,167.95,9,2016,38,Appliances
2016-10-02,8,329.90999999999997,-184.86,0.4,6.0,16.0,8.666666666666666,679.51,147.66000000000003,10,2016,39,Appliances
2016-10-09,3,113.76,44.37,0.0,8.0,6.0,10.0,329.90999999999997,-184.86,10,2016,40,Appliances
2016-10-16,20,1477.0900000000001,369.60999999999996,0.03333333333333333,3.0,8.0,5.666666666666667,113.76,44.37,10,2016,41,Appliances
2016-10-23,7,1927.59,751.76,0.0,20.0,3.0,10.333333333333334,1477.0900000000001,369.60999999999996,10,2016,42,Appliances
2016-10-30,7,55.59,14.889999999999999,0.0,7.0,20.0,10.0,1927.59,751.76,10,2016,43,Appliances
2016-11-06,0,0.0,0.0,0.0,7.0,7.0,11.333333333333334,55.59,14.889999999999999,11,2016,44,Appliances
2016-11-13,11,1132.22,83.75999999999999,0.20000000000000004,0.0,7.0,4.666666666666667,0.0,0.0,11,2016,45,Appliances
2016-11-20,12,235.51,53.42,0.05,11.0,0.0,6.0,1132.22,83.75999999999999,11,2016,46,Appliances
2016-11-27,10,274.63,53.47,0.10000000000000002,12.0,11.0,7.666666666666667,235.51,53.42,11,2016,47,Appliances
2016-12-04,5,154.9,40.27,0.0,10.0,12.0,11.0,274.63,53.47,12,2016,48,Appliances
2016-12-11,13,481.54999999999995,-40.44000000000001,0.16666666666666666,5.0,10.0,9.0,154.9,40.27,12,2016,49,Appliances
2016-12-18,10,373.16,51.93,0.15000000000000002,13.0,5.0,9.333333333333334,481.54999999999995,-40.44000000000001,12,2016,50,Appliances
2016-12-25,0,0.0,0.0,0.0,10.0,13.0,9.333333333333334,373.16,51.93,12,2016,51,Appliances
2017-01-01,9,150.29,-2.8900000000000006,0.2,0.0,10.0,7.666666666666667,0.0,0.0,1,2017,52,Appliances
2017-01-08,16,2443.49,796.85,0.13333333333333333,9.0,0.0,6.333333333333333,150.29,-2.8900000000000006,1,2017,1,Appliances
2017-01-15,18,2546.25,484.36,0.12000000000000002,16.0,9.0,8.333333333333334,2443.49,796.85,1,2017,2,Appliances
2017-01-22,3,542.94,152.02,0.0,18.0,16.0,14.333333333333334,2546.25,484.36,1,2017,3,Appliances
2017-01-29,3,25.86,6.72,0.0,3.0,18.0,12.333333333333334,542.94,152.02,1,2017,4,Appliances
2017-02-05,6,52.23,2.799999999999999,0.4,3.0,3.0,8.0,25.86,6.72,2,2017,5,Appliances
2017-02-12,37,702.0,-784.02,0.3777777777777778,6.0,3.0,4.0,52.23,2.799999999999999,2,2017,6,Appliances
2017-02-19,15,1336.5,400.28000000000003,0.0,37.0,6.0,15.333333333333334,702.0,-784.02,2,2017,7,Appliances
2017-02-26,10,369.90000000000003,103.31,0.0,15.0,37.0,19.333333333333332,1336.5,400.28000000000003,2,2017,8,Appliances
2017-03-05,5,72.8,19.66,0.0,10.0,15.0,20.666666666666668,369.90000000000003,103.31,3,2017,9,Appliances
2017-03-12,17,92.81,8.07,0.2,5.0,10.0,10.0,72.8,19.66,3,2017,10,Appliances
2017-03-19,15,989.8800000000001,275.19,0.2,17.0,5.0,10.666666666666666,92.81,8.07,3,2017,11,Appliances
2017-03-26,13,327.59,-172.82,0.3333333333333333,15.0,17.0,12.333333333333334,989.8800000000001,275.19,3,2017,12,Appliances
2017-04-02,8,66.28999999999999,-82.28,0.4,13.0,15.0,15.0,327.59,-172.82,4,2017,13,Appliances
2017-04-09,2,243.16,72.95,0.0,8.0,13.0,12.0,66.28999999999999,-82.28,4,2017,14,Appliances
2017-04-16,5,208.18,26.87,0.1,2.0,8.0,7.666666666666667,243.16,72.95,4,2017,15,Appliances
2017-04-23,6,219.2,-207.8,0.4,5.0,2.0,5.0,208.18,26.87,4,2017,16,Appliances
2017-04-30,5,127.36,17.68,0.2,6.0,5.0,4.333333333333333,219.2,-207.8,4,2017,17,Appliances
2017-05-07,7,1902.94,538.0699999999999,0.0,5.0,6.0,5.333333333333333,127.36,17.68,5,2017,18,Appliances
2017-05-14,10,337.11,87.75,0.06666666666666667,7.0,5.0,6.0,1902.94,538.0699999999999,5,2017,19,Appliances
2017-05-21,22,1167.5,359.12,0.0,10.0,7.0,7.333333333333333,337.11,87.75,5,2017,20,Appliances
2017-05-28,11,351.89,52.1,0.26666666666666666,22.0,10.0,13.0,1167.5,359.12,5,2017,21,Appliances
2017-06-04,2,465.16,120.94,0.0,11.0,22.0,14.333333333333334,351.89,52.1,6,2017,22,Appliances
2017-06-11,10,880.36,151.07,0.06666666666666667,2.0,11.0,11.666666666666666,465.16,120.94,6,2017,23,Appliances
2017-06-18,3,180.66,50.58,0.0,10.0,2.0,7.666666666666667,880.36,151.07,6,2017,24,Appliances
2017-06-25,2,2.6999999999999997,-6.32,0.8,3.0,10.0,5.0,180.66,50.58,6,2017,25,Appliances
2017-07-02,5,384.33,36.19,0.4,2.0,3.0,5.0,2.6999999999999997,-6.32,7,2017,26,Appliances
2017-07-09,9,1642.11,438.07,0.10000000000000002,5.0,2.0,3.3333333333333335,384.33,36.19,7,2017,27,Appliances
2017-07-16,7,500.58,140.16,0.0,9.0,5.0,5.333333333333333,1642.11,438.07,7,2017,28,Appliances
2017-07-23,6,433.8,116.95,0.0,7.0,9.0,7.0,500.58,140.16,7,2017,29,Appliances
2017-07-30,4,172.47,67.08,0.1,6.0,7.0,7.333333333333333,433.8,116.95,7,2017,30,Appliances
2017-08-06,25,928.37,251.72,0.16,4.0,6.0,5.666666666666667,172.47,67.08,8,2017,31,Appliances
2017-08-13,10,1361.8,335.74,0.1,25.0,4.0,11.666666666666666,928.37,251.72,8,2017,32,Appliances
2017-08-20,6,136.7,-73.66,0.4,10.0,25.0,13.0,1361.8,335.74,8,2017,33,Appliances
2017-08-27,14,807.65,76.72999999999999,0.2,6.0,10.0,13.666666666666666,136.7,-73.66,8,2017,34,Appliances
2017-09-03,16,743.32,160.15,0.26666666666666666,14.0,6.0,10.0,807.65,76.72999999999999,9,2017,35,Appliances
2017-09-10,10,69.64,-145.32,0.5,16.0,14.0,12.0,743.32,160.15,9,2017,36,Appliances
2017-09-17,12,1455.6399999999999,255.15,0.05,10.0,16.0,13.333333333333334,69.64,-145.32,9,2017,37,Appliances
2017-09-24,11,434.58000000000004,-91.56,0.2,12.0,10.0,12.666666666666666,1455.6399999999999,255.15,9,2017,38,Appliances
2017-10-01,2,209.79,26.22,0.2,11.0,12.0,11.0,434.58000000000004,-91.56,10,2017,39,Appliances
2017-10-08,8,285.78999999999996,36.51,0.13333333333333333,2.0,11.0,8.333333333333334,209.79,26.22,10,2017,40,Appliances
2017-10-15,22,1790.66,511.23,0.0,8.0,2.0,7.0,285.78999999999996,36.51,10,2017,41,Appliances
2017-10-22,4,185.56,-46.22,0.5,22.0,8.0,10.666666666666666,1790.66,511.23,10,2017,42,Appliances
2017-10-29,1,2.22,0.67,0.0,4.0,22.0,11.333333333333334,185.56,-46.22,10,2017,43,Appliances
2017-11-05,0,0.0,0.0,0.0,1.0,4.0,9.0,2.22,0.67,11,2017,44,Appliances
2017-11-12,34,1926.33,333.45,0.2,0.0,1.0,1.6666666666666667,0.0,0.0,11,2017,45,Appliances
2017-11-19,19,2938.16,662.37,0.25,34.0,0.0,11.666666666666666,1926.33,333.45,11,2017,46,Appliances
2017-11-26,23,405.74,-156.09,0.4,19.0,34.0,17.666666666666668,2938.16,662.37,11,2017,47,Appliances
2017-12-03,5,707.5200000000001,87.35,0.2,23.0,19.0,25.333333333333332,405.74,-156.09,12,2017,48,Appliances
2017-12-10,11,641.57,180.47,0.0,5.0,23.0,15.666666666666666,707.5200000000001,87.35,12,2017,49,Appliances
2017-12-17,8,196.72,-140.6,0.26666666666666666,11.0,5.0,13.0,641.57,180.47,12,2017,50,Appliances
2017-12-24,29,2739.3199999999997,677.58,0.2,8.0,11.0,8.0,196.72,-140.6,12,2017,51,Appliances
2017-12-31,2,209.3,56.51,0.0,29.0,8.0,16.0,2739.3199999999997,677.58,12,2017,52,Appliances
2014-02-02,4,36.44,12.03,0.0,13.0,5.0,12.333333333333334,73.51,21.19,2,2014,5,Art
2014-02-09,11,93.13,29.07,0.0,4.0,13.0,7.333333333333333,36.44,12.03,2,2014,6,Art
2014-02-16,7,16.46,1.44,0.2,11.0,4.0,9.333333333333334,93.13,29.07,2,2014,7,Art
2014-02-23,14,54.21,8.81,0.2,7.0,11.0,7.333333333333333,16.46,1.44,2,2014,8,Art
2014-03-02,4,19.46,3.4,0.2,14.0,7.0,10.666666666666666,54.21,8.81,3,2014,9,Art
2014-03-09,4,19.46,3.4,0.2,4.0,14.0,8.333333333333334,19.46,3.4,3,2014,10,Art
2014-03-16,10,72.27,9.27,0.1,4.0,4.0,7.333333333333333,19.46,3.4,3,2014,11,Art
2014-03-23,22,71.21000000000001,19.04,0.1142857142857143,10.0,4.0,6.0,72.27,9.27,3,2014,12,Art
2014-03-30,22,110.39,40.17,0.0,22.0,10.0,12.0,71.21000000000001,19.04,3,2014,13,Art
2014-04-06,11,136.78,30.04,0.15000000000000002,22.0,22.0,18.0,110.39,40.17,4,2014,14,Art
2014-04-13,5,20.8,1.9100000000000001,0.1,11.0,22.0,18.333333333333332,136.78,30.04,4,2014,15,Art
2014-04-20,17,65.63,18.13,0.1,5.0,11.0,12.666666666666666,20.8,1.9100000000000001,4,2014,16,Art
2014-04-27,3,6.24,0.55,0.2,17.0,5.0,11.0,65.63,18.13,4,2014,17,Art
2014-05-04,32,345.86,93.65,0.025,3.0,17.0,8.333333333333334,6.24,0.55,5,2014,18,Art
2014-05-11,16,77.42999999999999,24.18,0.04,32.0,3.0,17.333333333333332,345.86,93.65,5,2014,19,Art
2014-05-18,17,1139.48,123.21,0.1,16.0,32.0,17.0,77.42999999999999,24.18,5,2014,20,Art
2014-05-25,26,91.53,24.83,0.06666666666666667,17.0,16.0,21.666666666666668,1139.48,123.21,5,2014,21,Art
2014-06-01,8,31.65,9.9,0.06666666666666667,26.0,17.0,19.666666666666668,91.53,24.83,6,2014,22,Art
2014-06-08,11,192.25,53.61,0.0,8.0,26.0,17.0,31.65,9.9,6,2014,23,Art
2014-06-15,3,14.52,4.79,0.0,11.0,8.0,15.0,192.25,53.61,6,2014,24,Art
2014-06-22,13,63.68,19.490000000000002,0.0,3.0,11.0,7.333333333333333,14.52,4.79,6,2014,25,Art
2014-06-29,28,133.73999999999998,24.17,0.2,13.0,3.0,9.0,63.68,19.490000000000002,6,2014,26,Art
2014-07-06,23,91.47999999999999,31.58,0.03333333333333333,28.0,13.0,14.666666666666666,133.73999999999998,24.17,7,2014,27,Art
2014-07-13,10,151.26999999999998,15.030000000000001,0.13333333333333333,23.0,28.0,21.333333333333332,91.47999999999999,31.58,7,2014,28,Art
2014-07-20,9,72.64,12.969999999999999,0.06666666666666667,10.0,23.0,20.333333333333332,151.26999999999998,15.030000000000001,7,2014,29,Art
2014-07-27,18,145.6,38.1,0.04,9.0,10.0,14.0,72.64,12.969999999999999,7,2014,30,Art
2014-08-03,0,0.0,0.0,0.0,18.0,9.0,12.333333333333334,145.6,38.1,8,2014,31,Art
2014-08-10,21,355.23999999999995,105.03,0.08,0.0,18.0,9.0,0.0,0.0,8,2014,32,Art
2014-08-17,0,0.0,0.0,0.0,21.0,0.0,13.0,355.23999999999995,105.03,8,2014,33,Art
2014-08-24,2,10.72,1.74,0.2,0.0,21.0,7.0,0.0,0.0,8,2014,34,Art
2014-08-31,3,8.64,2.51,0.0,2.0,0.0,7.666666666666667,10.72,1.74,8,2014,35,Art
2014-09-07,19,133.71,26.85,0.06666666666666667,3.0,2.0,1.6666666666666667,8.64,2.51,9,2014,36,Art
2014-09-14,15,180.88,46.1,0.06666666666666667,19.0,3.0,8.0,133.71,26.85,9,2014,37,Art
2014-09-21,13,171.88,38.88,0.12000000000000002,15.0,19.0,12.333333333333334,180.88,46.1,9,2014,38,Art
2014-09-28,9,37.46,10.96,0.06666666666666667,13.0,15.0,15.666666666666666,171.88,38.88,9,2014,39,Art
2014-10-05,12,109.71000000000001,16.14,0.20000000000000004,9.0,13.0,12.333333333333334,37.46,10.96,10,2014,40,Art
2014-10-12,9,259.75,114.08999999999999,0.0,12.0,9.0,11.333333333333334,109.71000000000001,16.14,10,2014,41,Art
2014-10-19,4,11.52,3.23,0.0,9.0,12.0,10.0,259.75,114.08999999999999,10,2014,42,Art
2014-10-26,1,2.84,0.88,0.0,4.0,9.0,8.333333333333334,11.52,3.23,10,2014,43,Art
2014-11-02,8,61.64,22.439999999999998,0.0,1.0,4.0,4.666666666666667,2.84,0.88,11,2014,44,Art
2014-11-09,3,7.98,2.07,0.0,8.0,1.0,4.333333333333333,61.64,22.439999999999998,11,2014,45,Art
2014-11-16,7,75.17,8.05,0.20000000000000004,3.0,8.0,4.0,7.98,2.07,11,2014,46,Art
2014-11-23,8,63.21,28.04,0.0,7.0,3.0,6.0,75.17,8.05,11,2014,47,Art
2014-11-30,18,88.87,19.61,0.08,8.0,7.0,6.0,63.21,28.04,11,2014,48,Art
2014-12-07,9,61.97,20.169999999999998,0.1,18.0,8.0,11.0,88.87,19.61,12,2014,49,Art
2014-12-14,15,76.02,9.89,0.16,9.0,18.0,11.666666666666666,61.97,20.169999999999998,12,2014,50,Art
2014-12-21,6,91.47999999999999,24.67,0.0,15.0,9.0,14.0,76.02,9.89,12,2014,51,Art
2014-12-28,12,120.25999999999999,13.45,0.15000000000000002,6.0,15.0,10.0,91.47999999999999,24.67,12,2014,52,Art
2015-01-04,12,94.85,20.65,0.06666666666666667,12.0,6.0,11.0,120.25999999999999,13.45,1,2015,1,Art
2015-01-11,11,187.29999999999998,15.919999999999998,0.13333333333333333,12.0,12.0,10.0,94.85,20.65,1,2015,2,Art
2015-01-18,9,24.22,8.58,0.0,11.0,12.0,11.666666666666666,187.29999999999998,15.919999999999998,1,2015,3,Art
2015-01-25,5,13.12,2.13,0.2,9.0,11.0,10.666666666666666,24.22,8.58,1,2015,4,Art
2015-02-01,3,9.84,2.66,0.0,5.0,9.0,8.333333333333334,13.12,2.13,2,2015,5,Art
2015-02-08,1,10.16,2.64,0.0,3.0,5.0,5.666666666666667,9.84,2.66,2,2015,6,Art
2015-02-15,3,14.35,0.9,0.2,1.0,3.0,3.0,10.16,2.64,2,2015,7,Art
2015-02-22,7,286.79,74.57,0.0,3.0,1.0,2.3333333333333335,14.35,0.9,2,2015,8,Art
2015-03-01,9,23.09,2.99,0.2,7.0,3.0,3.6666666666666665,286.79,74.57,3,2015,9,Art
2015-03-08,2,59.9,14.23,0.2,9.0,7.0,6.333333333333333,23.09,2.99,3,2015,10,Art
2015-03-15,2,9.34,1.17,0.2,2.0,9.0,6.0,59.9,14.23,3,2015,11,Art
2015-03-22,11,48.16,14.7,0.0,2.0,2.0,4.333333333333333,9.34,1.17,3,2015,12,Art
2015-03-29,2,5.56,1.45,0.0,11.0,2.0,5.0,48.16,14.7,3,2015,13,Art
2015-04-05,9,137.09,39.61,0.0,2.0,11.0,5.0,5.56,1.45,4,2015,14,Art
2015-04-12,14,78.6,25.810000000000002,0.05,9.0,2.0,7.333333333333333,137.09,39.61,4,2015,15,Art
2015-04-19,14,106.35999999999999,13.68,0.12000000000000002,14.0,9.0,8.333333333333334,78.6,25.810000000000002,4,2015,16,Art
2015-04-26,13,210.02,56.300000000000004,0.04,14.0,14.0,12.333333333333334,106.35999999999999,13.68,4,2015,17,Art
2015-05-03,6,82.26,24.35,0.0,13.0,14.0,13.666666666666666,210.02,56.300000000000004,5,2015,18,Art
2015-05-10,12,70.04,19.38,0.0,6.0,13.0,11.0,82.26,24.35,5,2015,19,Art
2015-05-17,11,246.01000000000002,22.660000000000004,0.20000000000000004,12.0,6.0,10.333333333333334,70.04,19.38,5,2015,20,Art
2015-05-24,0,0.0,0.0,0.0,11.0,12.0,9.666666666666666,246.01000000000002,22.660000000000004,5,2015,21,Art
2015-05-31,12,85.96,25.37,0.05,0.0,11.0,7.666666666666667,0.0,0.0,5,2015,22,Art
2015-06-07,18,64.13,11.44,0.05,12.0,0.0,7.666666666666667,85.96,25.37,6,2015,23,Art
2015-06-14,21,151.88,21.62,0.15000000000000002,18.0,12.0,10.0,64.13,11.44,6,2015,24,Art
2015-06-21,6,65.61,18.65,0.1,21.0,18.0,17.0,151.88,21.62,6,2015,25,Art
2015-06-28,7,161.71,47.47,0.0,6.0,21.0,15.0,65.61,18.65,6,2015,26,Art
2015-07-05,3,11.74,1.03,0.2,7.0,6.0,11.333333333333334,161.71,47.47,7,2015,27,Art
2015-07-12,20,279.2,29.310000000000002,0.2,3.0,7.0,5.333333333333333,11.74,1.03,7,2015,28,Art
2015-07-19,2,5.76,1.61,0.0,20.0,3.0,10.0,279.2,29.310000000000002,7,2015,29,Art
2015-07-26,5,99.2,25.79,0.0,2.0,20.0,8.333333333333334,5.76,1.61,7,2015,30,Art
2015-08-02,2,5.76,1.73,0.0,5.0,2.0,9.0,99.2,25.79,8,2015,31,Art
2015-08-09,8,67.75,18.2,0.12000000000000002,2.0,5.0,3.0,5.76,1.73,8,2015,32,Art
2015-08-16,31,424.33,111.98,0.06666666666666667,8.0,2.0,5.0,67.75,18.2,8,2015,33,Art
2015-08-23,22,80.07,27.0,0.05,31.0,8.0,13.666666666666666,424.33,111.98,8,2015,34,Art
2015-08-30,3,7.15,0.72,0.2,22.0,31.0,20.333333333333332,80.07,27.0,8,2015,35,Art
2015-09-06,2,42.76,11.12,0.0,3.0,22.0,18.666666666666668,7.15,0.72,9,2015,36,Art
2015-09-13,16,124.1,41.830000000000005,0.1,2.0,3.0,9.0,42.76,11.12,9,2015,37,Art
2015-09-20,23,146.45999999999998,29.2,0.08,16.0,2.0,7.0,124.1,41.830000000000005,9,2015,38,Art
2015-09-27,38,344.83000000000004,63.129999999999995,0.12000000000000002,23.0,16.0,13.666666666666666,146.45999999999998,29.2,9,2015,39,Art
2015-10-04,0,0.0,0.0,0.0,38.0,23.0,25.666666666666668,344.83000000000004,63.129999999999995,10,2015,40,Art
2015-10-11,10,80.67,19.259999999999998,0.1,0.0,38.0,20.333333333333332,0.0,0.0,10,2015,41,Art
2015-10-18,14,89.34,27.08,0.0,10.0,0.0,16.0,80.67,19.259999999999998,10,2015,42,Art
2015-10-25,9,150.5,42.4,0.06666666666666667,14.0,10.0,8.0,89.34,27.08,10,2015,43,Art
2015-11-01,2,2.78,0.72,0.0,9.0,14.0,11.0,150.5,42.4,11,2015,44,Art
2015-11-08,11,140.15,27.3,0.1,2.0,9.0,8.333333333333334,2.78,0.72,11,2015,45,Art
2015-11-15,30,583.59,166.06,0.08,11.0,2.0,7.333333333333333,140.15,27.3,11,2015,46,Art
2015-11-22,32,243.85000000000002,66.27,0.028571428571428574,30.0,11.0,14.333333333333334,583.59,166.06,11,2015,47,Art
2015-11-29,33,315.07,96.91,0.025,32.0,30.0,24.333333333333332,243.85000000000002,66.27,11,2015,48,Art
2015-12-06,2,10.37,1.56,0.2,33.0,32.0,31.666666666666668,315.07,96.91,12,2015,49,Art
2015-12-13,14,46.5,13.14,0.04,2.0,33.0,22.333333333333332,10.37,1.56,12,2015,50,Art
2015-12-20,20,300.79999999999995,79.56,0.06666666666666667,14.0,2.0,16.333333333333332,46.5,13.14,12,2015,51,Art
2015-12-27,12,97.35,22.06,0.12000000000000002,20.0,14.0,12.0,300.79999999999995,79.56,12,2015,52,Art
2016-01-03,0,0.0,0.0,0.0,12.0,20.0,15.333333333333334,97.35,22.06,1,2016,53,Art
2016-01-10,31,505.86,132.76,0.025,0.0,12.0,10.666666666666666,0.0,0.0,1,2016,1,Art
2016-01-17,2,4.66,1.35,0.0,31.0,0.0,14.333333333333334,505.86,132.76,1,2016,2,Art
2016-01-24,6,8.04,2.73,0.0,2.0,31.0,11.0,4.66,1.35,1,2016,3,Art
2016-01-31,5,48.89,12.620000000000001,0.0,6.0,2.0,13.0,8.04,2.73,1,2016,4,Art
2016-02-07,5,94.05,8.56,0.1,5.0,6.0,4.333333333333333,48.89,12.620000000000001,2,2016,5,Art
2016-02-14,14,381.6,99.89,0.0,5.0,5.0,5.333333333333333,94.05,8.56,2,2016,6,Art
2016-02-21,0,0.0,0.0,0.0,14.0,5.0,8.0,381.6,99.89,2,2016,7,Art
2016-02-28,0,0.0,0.0,0.0,0.0,14.0,6.333333333333333,0.0,0.0,2,2016,8,Art
2016-03-06,14,138.48,11.07,0.2,0.0,0.0,4.666666666666667,0.0,0.0,3,2016,9,Art
2016-03-13,17,123.42999999999999,35.79,0.0,14.0,0.0,4.666666666666667,138.48,11.07,3,2016,10,Art
2016-03-20,9,185.22,26.69,0.1,17.0,14.0,10.333333333333334,123.42999999999999,35.79,3,2016,11,Art
2016-03-27,9,92.91,21.5,0.15000000000000002,9.0,17.0,13.333333333333334,185.22,26.69,3,2016,12,Art
2016-04-03,2,21.659999999999997,5.51,0.1,9.0,9.0,11.666666666666666,92.91,21.5,4,2016,13,Art
2016-04-10,11,110.72,20.11,0.16,2.0,9.0,6.666666666666667,21.659999999999997,5.51,4,2016,14,Art
2016-04-17,14,239.13000000000002,65.49,0.06666666666666667,11.0,2.0,7.333333333333333,110.72,20.11,4,2016,15,Art
2016-04-24,28,211.38,57.91,0.0,14.0,11.0,9.0,239.13000000000002,65.49,4,2016,16,Art
2016-05-01,2,5.25,0.59,0.2,28.0,14.0,17.666666666666668,211.38,57.91,5,2016,17,Art
2016-05-08,9,208.21,61.91,0.0,2.0,28.0,14.666666666666666,5.25,0.59,5,2016,18,Art
2016-05-15,27,298.02,85.72999999999999,0.07500000000000001,9.0,2.0,13.0,208.21,61.91,5,2016,19,Art
2016-05-22,5,21.4,6.21,0.0,27.0,9.0,12.666666666666666,298.02,85.72999999999999,5,2016,20,Art
2016-05-29,12,208.48999999999998,54.019999999999996,0.15000000000000002,5.0,27.0,13.666666666666666,21.4,6.21,5,2016,21,Art
2016-06-05,7,20.259999999999998,5.42,0.0,12.0,5.0,14.666666666666666,208.48999999999998,54.019999999999996,6,2016,22,Art
2016-06-12,16,57.03,20.950000000000003,0.0,7.0,12.0,8.0,20.259999999999998,5.42,6,2016,23,Art
2016-06-19,10,25.52,7.4,0.0,16.0,7.0,11.666666666666666,57.03,20.950000000000003,6,2016,24,Art
2016-06-26,10,25.16,8.42,0.06666666666666667,10.0,16.0,11.0,25.52,7.4,6,2016,25,Art
2016-07-03,4,70.55,19.740000000000002,0.0,10.0,10.0,12.0,25.16,8.42,7,2016,26,Art
2016-07-10,4,49.62,13.85,0.0,4.0,10.0,8.0,70.55,19.740000000000002,7,2016,27,Art
2016-07-17,10,64.18,16.05,0.0,4.0,4.0,6.0,49.62,13.85,7,2016,28,Art
2016-07-24,31,352.07,53.13,0.15000000000000002,10.0,4.0,6.0,64.18,16.05,7,2016,29,Art
2016-07-31,9,37.17,11.15,0.0,31.0,10.0,15.0,352.07,53.13,7,2016,30,Art
2016-08-07,10,112.28,16.51,0.13333333333333333,9.0,31.0,16.666666666666668,37.17,11.15,8,2016,31,Art
2016-08-14,6,93.81,12.36,0.06666666666666667,10.0,9.0,16.666666666666668,112.28,16.51,8,2016,32,Art
2016-08-21,0,0.0,0.0,0.0,6.0,10.0,8.333333333333334,93.81,12.36,8,2016,33,Art
2016-08-28,21,78.77,26.27,0.03333333333333333,0.0,6.0,5.333333333333333,0.0,0.0,8,2016,34,Art
2016-09-04,0,0.0,0.0,0.0,21.0,0.0,9.0,78.77,26.27,9,2016,35,Art
2016-09-11,18,116.63,22.709999999999997,0.1,0.0,21.0,7.0,0.0,0.0,9,2016,36,Art
2016-09-18,19,100.25999999999999,32.059999999999995,0.08,18.0,0.0,13.0,116.63,22.709999999999997,9,2016,37,Art
2016-09-25,19,90.67999999999999,18.63,0.08571428571428573,19.0,18.0,12.333333333333334,100.25999999999999,32.059999999999995,9,2016,38,Art
2016-10-02,28,126.59,37.62,0.04,19.0,19.0,18.666666666666668,90.67999999999999,18.63,10,2016,39,Art
2016-10-09,7,81.13,11.67,0.2,28.0,19.0,22.0,126.59,37.62,10,2016,40,Art
2016-10-16,18,107.13,28.12,0.05,7.0,28.0,18.0,81.13,11.67,10,2016,41,Art
2016-10-23,9,128.71,32.41,0.06666666666666667,18.0,7.0,17.666666666666668,107.13,28.12,10,2016,42,Art
2016-10-30,10,139.05,40.91,0.0,9.0,18.0,11.333333333333334,128.71,32.41,10,2016,43,Art
2016-11-06,3,12.39,3.47,0.0,10.0,9.0,12.333333333333334,139.05,40.91,11,2016,44,Art
2016-11-13,26,334.46000000000004,83.9,0.125,3.0,10.0,7.333333333333333,12.39,3.47,11,2016,45,Art
2016-11-20,14,75.62,21.05,0.08,26.0,3.0,13.0,334.46000000000004,83.9,11,2016,46,Art
2016-11-27,31,148.16,36.09,0.10000000000000002,14.0,26.0,14.333333333333334,75.62,21.05,11,2016,47,Art
2016-12-04,0,0.0,0.0,0.0,31.0,14.0,23.666666666666668,148.16,36.09,12,2016,48,Art
2016-12-11,23,80.11,15.26,0.1,0.0,31.0,15.0,0.0,0.0,12,2016,49,Art
2016-12-18,15,34.94,11.68,0.0,23.0,0.0,18.0,80.11,15.26,12,2016,50,Art
2016-12-25,16,36.43,10.129999999999999,0.0,15.0,23.0,12.666666666666666,34.94,11.68,12,2016,51,Art
2017-01-01,19,145.82,26.75,0.13333333333333333,16.0,15.0,18.0,36.43,10.129999999999999,1,2017,52,Art
2017-01-08,0,0.0,0.0,0.0,19.0,16.0,16.666666666666668,145.82,26.75,1,2017,1,Art
2017-01-15,18,245.59,64.25,0.05,0.0,19.0,11.666666666666666,0.0,0.0,1,2017,2,Art
2017-01-22,10,35.59,9.9,0.06666666666666667,18.0,0.0,12.333333333333334,245.59,64.25,1,2017,3,Art
2017-01-29,15,42.6,8.58,0.1,10.0,18.0,9.333333333333334,35.59,9.9,1,2017,4,Art
2017-02-05,16,211.54,51.85,0.06666666666666667,15.0,10.0,14.333333333333334,42.6,8.58,2,2017,5,Art
2017-02-12,78,629.85,137.88,0.07058823529411766,16.0,15.0,13.666666666666666,211.54,51.85,2,2017,6,Art
2017-02-19,21,233.65,64.17,0.08,78.0,16.0,36.333333333333336,629.85,137.88,2,2017,7,Art
2017-02-26,2,6.56,1.9,0.0,21.0,78.0,38.333333333333336,233.65,64.17,2,2017,8,Art
2017-03-05,13,39.14,11.97,0.06666666666666667,2.0,21.0,33.666666666666664,6.56,1.9,3,2017,9,Art
2017-03-12,23,117.66,16.08,0.1142857142857143,13.0,2.0,12.0,39.14,11.97,3,2017,10,Art
2017-03-19,25,187.29000000000002,56.72,0.10000000000000002,23.0,13.0,12.666666666666666,117.66,16.08,3,2017,11,Art
2017-03-26,17,70.0,20.35,0.0,25.0,23.0,20.333333333333332,187.29000000000002,56.72,3,2017,12,Art
2017-04-02,2,6.08,2.07,0.0,17.0,25.0,21.666666666666668,70.0,20.35,4,2017,13,Art
2017-04-09,31,93.86,19.49,0.125,2.0,17.0,14.666666666666666,6.08,2.07,4,2017,14,Art
2017-04-16,22,152.35,35.11,0.1142857142857143,31.0,2.0,16.666666666666668,93.86,19.49,4,2017,15,Art
2017-04-23,2,15.76,3.55,0.2,22.0,31.0,18.333333333333332,152.35,35.11,4,2017,16,Art
2017-04-30,30,325.74,73.14,0.1,2.0,22.0,18.333333333333332,15.76,3.55,4,2017,17,Art
2017-05-07,5,7.12,0.71,0.2,30.0,2.0,18.0,325.74,73.14,5,2017,18,Art
2017-05-14,23,176.6,30.71,0.06666666666666667,5.0,30.0,12.333333333333334,7.12,0.71,5,2017,19,Art
2017-05-21,23,206.43,58.63999999999999,0.0,23.0,5.0,19.333333333333332,176.6,30.71,5,2017,20,Art
2017-05-28,7,44.06,11.43,0.0,23.0,23.0,17.0,206.43,58.63999999999999,5,2017,21,Art
2017-06-04,16,122.47,23.06,0.06666666666666667,7.0,23.0,17.666666666666668,44.06,11.43,6,2017,22,Art
2017-06-11,26,337.02,95.48,0.08571428571428573,16.0,7.0,15.333333333333334,122.47,23.06,6,2017,23,Art
2017-06-18,21,243.62,60.900000000000006,0.12000000000000002,26.0,16.0,16.333333333333332,337.02,95.48,6,2017,24,Art
2017-06-25,29,527.9300000000001,150.85999999999999,0.08,21.0,26.0,21.0,243.62,60.900000000000006,6,2017,25,Art
2017-07-02,6,27.6,8.45,0.0,29.0,21.0,25.333333333333332,527.9300000000001,150.85999999999999,7,2017,26,Art
2017-07-09,15,158.72,40.18,0.05,6.0,29.0,18.666666666666668,27.6,8.45,7,2017,27,Art
2017-07-16,13,94.51,25.8,0.1,15.0,6.0,16.666666666666668,158.72,40.18,7,2017,28,Art
2017-07-23,21,284.35,65.17999999999999,0.03333333333333333,13.0,15.0,11.333333333333334,94.51,25.8,7,2017,29,Art
2017-07-30,12,64.49,22.619999999999997,0.1,21.0,13.0,16.333333333333332,284.35,65.17999999999999,7,2017,30,Art
2017-08-06,2,3.36,0.87,0.0,12.0,21.0,15.333333333333334,64.49,22.619999999999997,8,2017,31,Art
2017-08-13,33,378.89,108.55,0.025,2.0,12.0,11.666666666666666,3.36,0.87,8,2017,32,Art
2017-08-20,12,34.61,6.58,0.13333333333333333,33.0,2.0,15.666666666666666,378.89,108.55,8,2017,33,Art
2017-08-27,3,15.68,2.07,0.2,12.0,33.0,15.666666666666666,34.61,6.58,8,2017,34,Art
2017-09-03,9,14.969999999999999,2.16,0.1,3.0,12.0,16.0,15.68,2.07,9,2017,35,Art
2017-09-10,28,263.47,73.17,0.10000000000000002,9.0,3.0,8.0,14.969999999999999,2.16,9,2017,36,Art
2017-09-17,42,340.93,112.17999999999999,0.06666666666666667,28.0,9.0,13.333333333333334,263.47,73.17,9,2017,37,Art
2017-09-24,31,275.92,83.16,0.04,42.0,28.0,26.333333333333332,340.93,112.17999999999999,9,2017,38,Art
2017-10-01,13,115.37,28.169999999999998,0.06666666666666667,31.0,42.0,33.666666666666664,275.92,83.16,10,2017,39,Art
2017-10-08,19,44.75,13.67,0.05,13.0,31.0,28.666666666666668,115.37,28.169999999999998,10,2017,40,Art
2017-10-15,14,140.52,41.7,0.0,19.0,13.0,21.0,44.75,13.67,10,2017,41,Art
2017-10-22,25,206.01,31.299999999999997,0.10000000000000002,14.0,19.0,15.333333333333334,140.52,41.7,10,2017,42,Art
2017-10-29,9,23.91,3.69,0.20000000000000004,25.0,14.0,19.333333333333332,206.01,31.299999999999997,10,2017,43,Art
2017-11-05,23,119.02,30.66,0.13333333333333333,9.0,25.0,16.0,23.91,3.69,11,2017,44,Art
2017-11-12,27,342.61,76.64,0.1142857142857143,23.0,9.0,19.0,119.02,30.66,11,2017,45,Art
2017-11-19,43,351.78999999999996,57.3,0.13333333333333336,27.0,23.0,19.666666666666668,342.61,76.64,11,2017,46,Art
2017-11-26,55,206.3,46.82,0.09090909090909091,43.0,27.0,31.0,351.78999999999996,57.3,11,2017,47,Art
2017-12-03,15,173.32999999999998,48.76,0.05,55.0,43.0,41.666666666666664,206.3,46.82,12,2017,48,Art
2017-12-10,16,317.71000000000004,84.06,0.04,15.0,55.0,37.666666666666664,173.32999999999998,48.76,12,2017,49,Art
2017-12-17,21,144.58,37.01,0.1,16.0,15.0,28.666666666666668,317.71000000000004,84.06,12,2017,50,Art
2017-12-24,48,128.2,37.66,0.05454545454545456,21.0,16.0,17.333333333333332,144.58,37.01,12,2017,51,Art
2017-12-31,6,50.31,14.54,0.06666666666666667,48.0,21.0,28.333333333333332,128.2,37.66,12,2017,52,Art
2014-01-26,13,126.62,-24.180000000000003,0.175,17.0,20.0,14.333333333333334,60.010000000000005,-37.16,1,2014,4,Binders
2014-02-02,3,22.27,-10.89,0.44999999999999996,13.0,17.0,16.666666666666668,126.62,-24.180000000000003,2,2014,5,Binders
2014-02-09,10,1880.49,875.16,0.06666666666666667,3.0,13.0,11.0,22.27,-10.89,2,2014,6,Binders
2014-02-16,19,88.39999999999999,7.779999999999999,0.475,10.0,3.0,8.666666666666666,1880.49,875.16,2,2014,7,Binders
2014-02-23,5,8.85,-13.72,0.8,19.0,10.0,10.666666666666666,88.39999999999999,7.779999999999999,2,2014,8,Binders
2014-03-02,5,97.11,31.56,0.2,5.0,19.0,11.333333333333334,8.85,-13.72,3,2014,9,Binders
2014-03-09,19,209.84,57.04,0.32,5.0,5.0,9.666666666666666,97.11,31.56,3,2014,10,Binders
2014-03-16,29,224.16,4.619999999999998,0.41111111111111115,19.0,5.0,9.666666666666666,209.84,57.04,3,2014,11,Binders
2014-03-23,33,304.9,30.269999999999996,0.3499999999999999,29.0,19.0,17.666666666666668,224.16,4.619999999999998,3,2014,12,Binders
2014-03-30,4,27.94,9.43,0.2,33.0,29.0,27.0,304.9,30.269999999999996,3,2014,13,Binders
2014-04-06,29,854.74,279.59999999999997,0.45,4.0,33.0,22.0,27.94,9.43,4,2014,14,Binders
2014-04-13,24,695.22,-342.15000000000003,0.26,29.0,4.0,22.0,854.74,279.59999999999997,4,2014,15,Binders
2014-04-20,3,58.05,26.7,0.0,24.0,29.0,19.0,695.22,-342.15000000000003,4,2014,16,Binders
2014-04-27,25,54.71,7.659999999999999,0.4,3.0,24.0,18.666666666666668,58.05,26.7,4,2014,17,Binders
2014-05-04,23,243.99,109.37,0.04,25.0,3.0,17.333333333333332,54.71,7.659999999999999,5,2014,18,Binders
2014-05-11,15,215.84,57.53999999999999,0.39999999999999997,23.0,25.0,17.0,243.99,109.37,5,2014,19,Binders
2014-05-18,11,490.03000000000003,-286.12,0.35,15.0,23.0,21.0,215.84,57.53999999999999,5,2014,20,Binders
2014-05-25,33,3260.6899999999996,1494.55,0.2833333333333333,11.0,15.0,16.333333333333332,490.03000000000003,-286.12,5,2014,21,Binders
2014-06-01,14,723.39,279.27,0.30000000000000004,33.0,11.0,19.666666666666668,3260.6899999999996,1494.55,6,2014,22,Binders
2014-06-08,31,435.67,37.300000000000004,0.5142857142857143,14.0,33.0,19.333333333333332,723.39,279.27,6,2014,23,Binders
2014-06-15,5,23.93,-6.890000000000001,0.4,31.0,14.0,26.0,435.67,37.300000000000004,6,2014,24,Binders
2014-06-22,24,3362.8100000000004,1032.6799999999998,0.5714285714285714,5.0,31.0,16.666666666666668,23.93,-6.890000000000001,6,2014,25,Binders
2014-06-29,9,48.18,-20.36,0.5333333333333333,24.0,5.0,20.0,3362.8100000000004,1032.6799999999998,6,2014,26,Binders
2014-07-06,23,484.14,112.38,0.3666666666666667,9.0,24.0,12.666666666666666,48.18,-20.36,7,2014,27,Binders
2014-07-13,28,523.62,-459.76,0.42500000000000004,23.0,9.0,18.666666666666668,484.14,112.38,7,2014,28,Binders
2014-07-20,23,191.69,-19.840000000000003,0.3,28.0,23.0,20.0,523.62,-459.76,7,2014,29,Binders
2014-07-27,6,9.2,-7.54,0.75,23.0,28.0,24.666666666666668,191.69,-19.840000000000003,7,2014,30,Binders
2014-08-03,0,0.0,0.0,0.0,6.0,23.0,19.0,9.2,-7.54,8,2014,31,Binders
2014-08-10,14,324.97,18.200000000000003,0.35000000000000003,0.0,6.0,9.666666666666666,0.0,0.0,8,2014,32,Binders
2014-08-17,19,118.32,-18.68,0.375,14.0,0.0,6.666666666666667,324.97,18.200000000000003,8,2014,33,Binders
2014-08-24,14,1113.76,409.78,0.25,19.0,14.0,11.0,118.32,-18.68,8,2014,34,Binders
2014-08-31,30,598.79,-408.03999999999996,0.6285714285714287,14.0,19.0,15.666666666666666,1113.76,409.78,8,2014,35,Binders
2014-09-07,15,74.7,24.57,0.20000000000000004,30.0,14.0,21.0,598.79,-408.03999999999996,9,2014,36,Binders
2014-09-14,26,2106.95,612.77,0.5166666666666666,15.0,30.0,19.666666666666668,74.7,24.57,9,2014,37,Binders
2014-09-21,11,66.24,10.0,0.44999999999999996,26.0,15.0,23.666666666666668,2106.95,612.77,9,2014,38,Binders
2014-09-28,30,9679.960000000001,4702.96,0.29000000000000004,11.0,26.0,17.333333333333332,66.24,10.0,9,2014,39,Binders
2014-10-05,9,53.230000000000004,16.63,0.2,30.0,11.0,22.333333333333332,9679.960000000001,4702.96,10,2014,40,Binders
2014-10-12,15,128.86,21.199999999999996,0.45,9.0,30.0,16.666666666666668,53.230000000000004,16.63,10,2014,41,Binders
2014-10-19,30,117.26,21.93,0.26,15.0,9.0,18.0,128.86,21.199999999999996,10,2014,42,Binders
2014-10-26,14,142.42,17.59,0.42000000000000004,30.0,15.0,18.0,117.26,21.93,10,2014,43,Binders
2014-11-02,16,155.53,66.38,0.08571428571428573,14.0,30.0,19.666666666666668,142.42,17.59,11,2014,44,Binders
2014-11-09,15,132.44,-162.81,0.39999999999999997,16.0,14.0,20.0,155.53,66.38,11,2014,45,Binders
2014-11-16,29,3028.96,-672.12,0.2571428571428572,15.0,16.0,15.0,132.44,-162.81,11,2014,46,Binders
2014-11-23,47,2812.42,889.6299999999999,0.47500000000000003,29.0,15.0,20.0,3028.96,-672.12,11,2014,47,Binders
2014-11-30,28,116.92,33.91,0.3,47.0,29.0,30.333333333333332,2812.42,889.6299999999999,11,2014,48,Binders
2014-12-07,13,37.06,13.16,0.20000000000000004,28.0,47.0,34.666666666666664,116.92,33.91,12,2014,49,Binders
2014-12-14,34,848.56,-149.56,0.4222222222222222,13.0,28.0,29.333333333333332,37.06,13.16,12,2014,50,Binders
2014-12-21,26,1987.0300000000002,784.37,0.3125,34.0,13.0,25.0,848.56,-149.56,12,2014,51,Binders
2014-12-28,39,1390.6999999999998,-697.6999999999999,0.6,26.0,34.0,24.333333333333332,1987.0300000000002,784.37,12,2014,52,Binders
2015-01-04,19,648.4499999999999,-423.79,0.425,39.0,26.0,33.0,1390.6999999999998,-697.6999999999999,1,2015,1,Binders
2015-01-11,30,577.76,244.9,0.19999999999999998,19.0,39.0,28.0,648.4499999999999,-423.79,1,2015,2,Binders
2015-01-18,7,133.97,55.2,0.1,30.0,19.0,29.333333333333332,577.76,244.9,1,2015,3,Binders
2015-01-25,0,0.0,0.0,0.0,7.0,30.0,18.666666666666668,133.97,55.2,1,2015,4,Binders
2015-02-01,2,32.96,16.15,0.0,0.0,7.0,12.333333333333334,0.0,0.0,2,2015,5,Binders
2015-02-08,7,18.42,-13.89,0.5666666666666667,2.0,0.0,3.0,32.96,16.15,2,2015,6,Binders
2015-02-15,54,367.01,49.309999999999995,0.3416666666666666,7.0,2.0,3.0,18.42,-13.89,2,2015,7,Binders
2015-02-22,2,2541.98,1270.99,0.0,54.0,7.0,21.0,367.01,49.309999999999995,2,2015,8,Binders
2015-03-01,5,15.32,0.41999999999999993,0.44999999999999996,2.0,54.0,21.0,2541.98,1270.99,3,2015,9,Binders
2015-03-08,6,25.990000000000002,9.29,0.2,5.0,2.0,20.333333333333332,15.32,0.41999999999999993,3,2015,10,Binders
2015-03-15,25,1407.4500000000003,431.90999999999997,0.3333333333333333,6.0,5.0,4.333333333333333,25.990000000000002,9.29,3,2015,11,Binders
2015-03-22,23,7525.66,3540.0,0.35000000000000003,25.0,6.0,12.0,1407.4500000000003,431.90999999999997,3,2015,12,Binders
2015-03-29,0,0.0,0.0,0.0,23.0,25.0,18.0,7525.66,3540.0,3,2015,13,Binders
2015-04-05,12,136.53,52.47,0.1,0.0,23.0,16.0,0.0,0.0,4,2015,14,Binders
2015-04-12,18,1646.56,-1076.9199999999998,0.6,12.0,0.0,11.666666666666666,136.53,52.47,4,2015,15,Binders
2015-04-19,35,498.74,-516.0,0.4125,18.0,12.0,10.0,1646.56,-1076.9199999999998,4,2015,16,Binders
2015-04-26,3,50.35,17.62,0.2,35.0,18.0,21.666666666666668,498.74,-516.0,4,2015,17,Binders
2015-05-03,20,3908.2499999999995,1891.17,0.45,3.0,35.0,18.666666666666668,50.35,17.62,5,2015,18,Binders
2015-05-10,24,216.54999999999998,-154.74,0.6428571428571429,20.0,3.0,19.333333333333332,3908.2499999999995,1891.17,5,2015,19,Binders
2015-05-17,33,366.54,28.43,0.5,24.0,20.0,15.666666666666666,216.54999999999998,-154.74,5,2015,20,Binders
2015-05-24,16,65.64,-27.19,0.6,33.0,24.0,25.666666666666668,366.54,28.43,5,2015,21,Binders
2015-05-31,12,305.38,118.87,0.30000000000000004,16.0,33.0,24.333333333333332,65.64,-27.19,5,2015,22,Binders
2015-06-07,12,19.48,-33.95,0.8000000000000002,12.0,16.0,20.333333333333332,305.38,118.87,6,2015,23,Binders
2015-06-14,40,178.25,32.480000000000004,0.3727272727272727,12.0,12.0,13.333333333333334,19.48,-33.95,6,2015,24,Binders
2015-06-21,21,3143.62,1152.8700000000001,0.4428571428571428,40.0,12.0,21.333333333333332,178.25,32.480000000000004,6,2015,25,Binders
2015-06-28,22,1779.84,702.73,0.17142857142857146,21.0,40.0,24.333333333333332,3143.62,1152.8700000000001,6,2015,26,Binders
2015-07-05,0,0.0,0.0,0.0,22.0,21.0,27.666666666666668,1779.84,702.73,7,2015,27,Binders
2015-07-12,54,1518.9699999999998,-1084.01,0.4230769230769231,0.0,22.0,14.333333333333334,0.0,0.0,7,2015,28,Binders
2015-07-19,11,58.74,-62.370000000000005,0.475,54.0,0.0,25.333333333333332,1518.9699999999998,-1084.01,7,2015,29,Binders
2015-07-26,36,296.0,95.81,0.3,11.0,54.0,21.666666666666668,58.74,-62.370000000000005,7,2015,30,Binders
2015-08-02,3,10.92,4.1,0.2,36.0,11.0,33.666666666666664,296.0,95.81,8,2015,31,Binders
2015-08-09,14,518.6700000000001,204.52,0.375,3.0,36.0,16.666666666666668,10.92,4.1,8,2015,32,Binders
2015-08-16,36,126.11000000000001,-25.279999999999998,0.4428571428571428,14.0,3.0,17.666666666666668,518.6700000000001,204.52,8,2015,33,Binders
2015-08-23,19,214.73000000000002,-52.190000000000005,0.39999999999999997,36.0,14.0,17.666666666666668,126.11000000000001,-25.279999999999998,8,2015,34,Binders
2015-08-30,10,52.98,5.32,0.5,19.0,36.0,23.0,214.73000000000002,-52.190000000000005,8,2015,35,Binders
2015-09-06,19,401.87,57.03,0.31999999999999995,10.0,19.0,21.666666666666668,52.98,5.32,9,2015,36,Binders
2015-09-13,41,1703.2099999999998,648.54,0.26666666666666666,19.0,10.0,16.0,401.87,57.03,9,2015,37,Binders
2015-09-20,58,1702.8100000000002,-818.8199999999999,0.39999999999999997,41.0,19.0,23.333333333333332,1703.2099999999998,648.54,9,2015,38,Binders
2015-09-27,66,530.52,-159.97,0.461111111111111,58.0,41.0,39.333333333333336,1702.8100000000002,-818.8199999999999,9,2015,39,Binders
2015-10-04,12,96.81,28.23,0.475,66.0,58.0,55.0,530.52,-159.97,10,2015,40,Binders
2015-10-11,13,182.8,74.26,0.22499999999999998,12.0,66.0,45.333333333333336,96.81,28.23,10,2015,41,Binders
2015-10-18,10,3.96,-6.93,0.8,13.0,12.0,30.333333333333332,182.8,74.26,10,2015,42,Binders
2015-10-25,17,58.44,-8.5,0.5666666666666668,10.0,13.0,11.666666666666666,3.96,-6.93,10,2015,43,Binders
2015-11-01,14,53.83,2.0999999999999996,0.3666666666666667,17.0,10.0,13.333333333333334,58.44,-8.5,11,2015,44,Binders
2015-11-08,31,447.02,82.23,0.42857142857142855,14.0,17.0,13.666666666666666,53.83,2.0999999999999996,11,2015,45,Binders
2015-11-15,50,767.3199999999999,-107.11,0.40833333333333327,31.0,14.0,20.666666666666668,447.02,82.23,11,2015,46,Binders
2015-11-22,51,297.32,-31.2,0.5692307692307692,50.0,31.0,31.666666666666668,767.3199999999999,-107.11,11,2015,47,Binders
2015-11-29,32,239.38,27.84,0.2666666666666667,51.0,50.0,44.0,297.32,-31.2,11,2015,48,Binders
2015-12-06,16,177.51000000000002,-127.52,0.6,32.0,51.0,44.333333333333336,239.38,27.84,12,2015,49,Binders
2015-12-13,8,76.82000000000001,30.46,0.25,16.0,32.0,33.0,177.51000000000002,-127.52,12,2015,50,Binders
2015-12-20,15,192.69,72.27000000000001,0.10000000000000002,8.0,16.0,18.666666666666668,76.82000000000001,30.46,12,2015,51,Binders
2015-12-27,4,19.94,7.23,0.2,15.0,8.0,13.0,192.69,72.27000000000001,12,2015,52,Binders
2016-01-03,38,1204.52,477.40999999999997,0.14285714285714285,4.0,15.0,9.0,19.94,7.23,1,2016,53,Binders
2016-01-10,34,4539.35,1489.43,0.19999999999999998,38.0,4.0,19.0,1204.52,477.40999999999997,1,2016,1,Binders
2016-01-17,11,149.27,62.080000000000005,0.13333333333333333,34.0,38.0,25.333333333333332,4539.35,1489.43,1,2016,2,Binders
2016-01-24,8,57.7,24.9,0.1,11.0,34.0,27.666666666666668,149.27,62.080000000000005,1,2016,3,Binders
2016-01-31,13,1384.08,671.57,0.28,8.0,11.0,17.666666666666668,57.7,24.9,1,2016,4,Binders
2016-02-07,14,172.46,68.08,0.13333333333333333,13.0,8.0,10.666666666666666,1384.08,671.57,2,2016,5,Binders
2016-02-14,46,1549.68,547.03,0.22727272727272727,14.0,13.0,11.666666666666666,172.46,68.08,2,2016,6,Binders
2016-02-21,20,492.58000000000004,115.05,0.3333333333333333,46.0,14.0,24.333333333333332,1549.68,547.03,2,2016,7,Binders
2016-02-28,3,56.82,28.41,0.0,20.0,46.0,26.666666666666668,492.58000000000004,115.05,2,2016,8,Binders
2016-03-06,12,113.91,-81.46,0.5,3.0,20.0,23.0,56.82,28.41,3,2016,9,Binders
2016-03-13,61,1522.1399999999999,-730.6700000000001,0.38461538461538464,12.0,3.0,11.666666666666666,113.91,-81.46,3,2016,10,Binders
2016-03-20,14,90.56,-38.95,0.425,61.0,12.0,25.333333333333332,1522.1399999999999,-730.6700000000001,3,2016,11,Binders
2016-03-27,7,52.75,16.73,0.3333333333333333,14.0,61.0,29.0,90.56,-38.95,3,2016,12,Binders
2016-04-03,21,304.11,8.309999999999995,0.275,7.0,14.0,27.333333333333332,52.75,16.73,4,2016,13,Binders
2016-04-10,25,830.43,277.6,0.2285714285714286,21.0,7.0,14.0,304.11,8.309999999999995,4,2016,14,Binders
2016-04-17,16,269.09999999999997,-111.14999999999999,0.21428571428571427,25.0,21.0,17.666666666666668,830.43,277.6,4,2016,15,Binders
2016-04-24,29,102.81,-50.199999999999996,0.3375,16.0,25.0,20.666666666666668,269.09999999999997,-111.14999999999999,4,2016,16,Binders
2016-05-01,7,33.33,-14.450000000000001,0.5333333333333333,29.0,16.0,23.333333333333332,102.81,-50.199999999999996,5,2016,17,Binders
2016-05-08,13,34.0,11.35,0.20000000000000004,7.0,29.0,17.333333333333332,33.33,-14.450000000000001,5,2016,18,Binders
2016-05-15,74,1511.1100000000001,360.88,0.47058823529411764,13.0,7.0,16.333333333333332,34.0,11.35,5,2016,19,Binders
2016-05-22,28,139.27,-54.16,0.6222222222222222,74.0,13.0,31.333333333333332,1511.1100000000001,360.88,5,2016,20,Binders
2016-05-29,11,49.96,2.960000000000001,0.35,28.0,74.0,38.333333333333336,139.27,-54.16,5,2016,21,Binders
2016-06-05,12,17.41,-9.86,0.64,11.0,28.0,37.666666666666664,49.96,2.960000000000001,6,2016,22,Binders
2016-06-12,56,1827.97,619.1700000000001,0.2111111111111111,12.0,11.0,17.0,17.41,-9.86,6,2016,23,Binders
2016-06-19,10,86.1,-14.99,0.39999999999999997,56.0,12.0,26.333333333333332,1827.97,619.1700000000001,6,2016,24,Binders
2016-06-26,22,278.99,60.36,0.35000000000000003,10.0,56.0,26.0,86.1,-14.99,6,2016,25,Binders
2016-07-03,7,49.28,18.3,0.13333333333333333,22.0,10.0,29.333333333333332,278.99,60.36,7,2016,26,Binders
2016-07-10,20,132.41,28.7,0.4,7.0,22.0,13.0,49.28,18.3,7,2016,27,Binders
2016-07-17,36,538.08,187.01,0.15,20.0,7.0,16.333333333333332,132.41,28.7,7,2016,28,Binders
2016-07-24,19,115.36,3.1400000000000006,0.5,36.0,20.0,21.0,538.08,187.01,7,2016,29,Binders
2016-07-31,24,1538.6899999999998,-903.48,0.5166666666666666,19.0,36.0,25.0,115.36,3.1400000000000006,7,2016,30,Binders
2016-08-07,47,1482.8,-1938.8,0.55,24.0,19.0,26.333333333333332,1538.6899999999998,-903.48,8,2016,31,Binders
2016-08-14,33,170.43,37.53,0.2857142857142857,47.0,24.0,30.0,1482.8,-1938.8,8,2016,32,Binders
2016-08-21,33,531.56,159.03,0.3375,33.0,47.0,34.666666666666664,170.43,37.53,8,2016,33,Binders
2016-08-28,41,222.26000000000002,-32.669999999999995,0.6714285714285715,33.0,33.0,37.666666666666664,531.56,159.03,8,2016,34,Binders
2016-09-04,26,135.47,5.039999999999999,0.39999999999999997,41.0,33.0,35.666666666666664,222.26000000000002,-32.669999999999995,9,2016,35,Binders
2016-09-11,14,86.2,13.2,0.44999999999999996,26.0,41.0,33.333333333333336,135.47,5.039999999999999,9,2016,36,Binders
2016-09-18,31,2098.11,747.01,0.2625,14.0,26.0,27.0,86.2,13.2,9,2016,37,Binders
2016-09-25,61,999.71,-552.5799999999999,0.3266666666666667,31.0,14.0,23.666666666666668,2098.11,747.01,9,2016,38,Binders
2016-10-02,17,117.49,-2.120000000000001,0.5499999999999999,61.0,31.0,35.333333333333336,999.71,-552.5799999999999,10,2016,39,Binders
2016-10-09,25,455.65,89.6,0.34285714285714286,17.0,61.0,36.333333333333336,117.49,-2.120000000000001,10,2016,40,Binders
2016-10-16,60,1570.69,467.4,0.3,25.0,17.0,34.333333333333336,455.65,89.6,10,2016,41,Binders
2016-10-23,25,4929.99,1792.3,0.18333333333333335,60.0,25.0,34.0,1570.69,467.4,10,2016,42,Binders
2016-10-30,28,249.91,-14.03,0.34444444444444444,25.0,60.0,36.666666666666664,4929.99,1792.3,10,2016,43,Binders
2016-11-06,24,81.05,9.95,0.45,28.0,25.0,37.666666666666664,249.91,-14.03,11,2016,44,Binders
2016-11-13,29,198.98,19.83,0.475,24.0,28.0,25.666666666666668,81.05,9.95,11,2016,45,Binders
2016-11-20,42,1331.79,464.68,0.35714285714285715,29.0,24.0,27.0,198.98,19.83,11,2016,46,Binders
2016-11-27,72,2364.87,263.36,0.29375,42.0,29.0,31.666666666666668,1331.79,464.68,11,2016,47,Binders
2016-12-04,17,74.02,13.900000000000002,0.31999999999999995,72.0,42.0,47.666666666666664,2364.87,263.36,12,2016,48,Binders
2016-12-11,27,97.82,27.75,0.34285714285714286,17.0,72.0,43.666666666666664,74.02,13.900000000000002,12,2016,49,Binders
2016-12-18,38,12020.6,5614.7,0.37,27.0,17.0,38.666666666666664,97.82,27.75,12,2016,50,Binders
2016-12-25,42,246.38,-5.709999999999997,0.4636363636363636,38.0,27.0,27.333333333333332,12020.6,5614.7,12,2016,51,Binders
2017-01-01,50,286.01000000000005,2.010000000000001,0.45999999999999996,42.0,38.0,35.666666666666664,246.38,-5.709999999999997,1,2017,52,Binders
2017-01-08,25,421.65,166.66000000000003,0.18333333333333332,50.0,42.0,43.333333333333336,286.01000000000005,2.010000000000001,1,2017,1,Binders
2017-01-15,59,277.63,8.769999999999996,0.38181818181818183,25.0,50.0,39.0,421.65,166.66000000000003,1,2017,2,Binders
2017-01-22,35,5730.02,2574.35,0.18571428571428572,59.0,25.0,44.666666666666664,277.63,8.769999999999996,1,2017,3,Binders
2017-01-29,23,440.31,116.41,0.35000000000000003,35.0,59.0,39.666666666666664,5730.02,2574.35,1,2017,4,Binders
2017-02-05,33,165.12,-28.31,0.43333333333333335,23.0,35.0,39.0,440.31,116.41,2,2017,5,Binders
2017-02-12,80,3335.76,436.5399999999999,0.4058823529411764,33.0,23.0,30.333333333333332,165.12,-28.31,2,2017,6,Binders
2017-02-19,0,0.0,0.0,0.0,80.0,33.0,45.333333333333336,3335.76,436.5399999999999,2,2017,7,Binders
2017-02-26,7,6.75,-6.84,0.75,0.0,80.0,37.666666666666664,0.0,0.0,2,2017,8,Binders
2017-03-05,24,2131.81,617.94,0.5,7.0,0.0,29.0,6.75,-6.84,3,2017,9,Binders
2017-03-12,39,2085.16,808.96,0.43999999999999995,24.0,7.0,10.333333333333334,2131.81,617.94,3,2017,10,Binders
2017-03-19,42,572.04,-166.48000000000002,0.2636363636363636,39.0,24.0,23.333333333333332,2085.16,808.96,3,2017,11,Binders
2017-03-26,20,270.7,91.2,0.2,42.0,39.0,35.0,572.04,-166.48000000000002,3,2017,12,Binders
2017-04-02,34,204.35,-18.84999999999999,0.3666666666666667,20.0,42.0,33.666666666666664,270.7,91.2,4,2017,13,Binders
2017-04-09,49,284.37,-41.519999999999996,0.5166666666666666,34.0,20.0,32.0,204.35,-18.84999999999999,4,2017,14,Binders
2017-04-16,39,995.6899999999999,209.66,0.6,49.0,34.0,34.333333333333336,284.37,-41.519999999999996,4,2017,15,Binders
2017-04-23,40,252.07999999999998,33.21999999999999,0.5666666666666667,39.0,49.0,40.666666666666664,995.6899999999999,209.66,4,2017,16,Binders
2017-04-30,27,168.48999999999998,-75.19,0.6,40.0,39.0,42.666666666666664,252.07999999999998,33.21999999999999,4,2017,17,Binders
2017-05-07,36,686.76,-262.51,0.3875,27.0,40.0,35.333333333333336,168.48999999999998,-75.19,5,2017,18,Binders
2017-05-14,55,1692.73,641.7,0.2833333333333333,36.0,27.0,34.333333333333336,686.76,-262.51,5,2017,19,Binders
2017-05-21,32,249.53,94.97,0.30000000000000004,55.0,36.0,39.333333333333336,1692.73,641.7,5,2017,20,Binders
2017-05-28,20,770.5,228.03,0.4714285714285714,32.0,55.0,41.0,249.53,94.97,5,2017,21,Binders
2017-06-04,27,150.36,52.46,0.18333333333333335,20.0,32.0,35.666666666666664,770.5,228.03,6,2017,22,Binders
2017-06-11,34,102.75,-89.95,0.7333333333333334,27.0,20.0,26.333333333333332,150.36,52.46,6,2017,23,Binders
2017-06-18,10,57.25,9.06,0.5,34.0,27.0,27.0,102.75,-89.95,6,2017,24,Binders
2017-06-25,39,530.12,-287.94,0.4454545454545455,10.0,34.0,23.666666666666668,57.25,9.06,6,2017,25,Binders
2017-07-02,15,1088.4299999999998,368.86,0.26,39.0,10.0,27.666666666666668,530.12,-287.94,7,2017,26,Binders
2017-07-09,23,1677.6,779.09,0.31428571428571433,15.0,39.0,21.333333333333332,1088.4299999999998,368.86,7,2017,27,Binders
2017-07-16,31,2009.0800000000002,-2941.32,0.45,23.0,15.0,25.666666666666668,1677.6,779.09,7,2017,28,Binders
2017-07-23,49,1088.09,219.2,0.3538461538461538,31.0,23.0,23.0,2009.0800000000002,-2941.32,7,2017,29,Binders
2017-07-30,10,120.24,-33.71,0.3,49.0,31.0,34.333333333333336,1088.09,219.2,7,2017,30,Binders
2017-08-06,28,3835.78,1671.56,0.2125,10.0,49.0,30.0,120.24,-33.71,8,2017,31,Binders
2017-08-13,25,1915.67,-1213.9399999999998,0.35714285714285715,28.0,10.0,29.0,3835.78,1671.56,8,2017,32,Binders
2017-08-20,52,4684.26,1556.85,0.39999999999999997,25.0,28.0,21.0,1915.67,-1213.9399999999998,8,2017,33,Binders
2017-08-27,24,4403.06,1484.9399999999998,0.2,52.0,25.0,35.0,4684.26,1556.85,8,2017,34,Binders
2017-09-03,20,664.46,-601.62,0.42000000000000004,24.0,52.0,33.666666666666664,4403.06,1484.9399999999998,9,2017,35,Binders
2017-09-10,34,724.75,224.73,0.4555555555555555,20.0,24.0,32.0,664.46,-601.62,9,2017,36,Binders
2017-09-17,75,3441.25,650.0999999999999,0.3238095238095238,34.0,20.0,26.0,724.75,224.73,9,2017,37,Binders
2017-09-24,60,918.28,343.19,0.36428571428571427,75.0,34.0,43.0,3441.25,650.0999999999999,9,2017,38,Binders
2017-10-01,27,1056.1699999999998,239.2,0.4714285714285714,60.0,75.0,56.333333333333336,918.28,343.19,10,2017,39,Binders
2017-10-08,7,17.509999999999998,-13.129999999999999,0.7,27.0,60.0,54.0,1056.1699999999998,239.2,10,2017,40,Binders
2017-10-15,78,7229.79,936.7699999999998,0.37222222222222223,7.0,27.0,31.333333333333332,17.509999999999998,-13.129999999999999,10,2017,41,Binders
2017-10-22,43,2045.0800000000002,-1145.35,0.36363636363636365,78.0,7.0,37.333333333333336,7229.79,936.7699999999998,10,2017,42,Binders
2017-10-29,19,133.65,-118.18,0.74,43.0,78.0,42.666666666666664,2045.0800000000002,-1145.35,10,2017,43,Binders
2017-11-05,22,1069.59,445.53999999999996,0.3285714285714286,19.0,43.0,46.666666666666664,133.65,-118.18,11,2017,44,Binders
2017-11-12,66,2993.06,1050.06,0.25,22.0,19.0,28.0,1069.59,445.53999999999996,11,2017,45,Binders
2017-11-19,82,2393.73,-2138.51,0.4533333333333333,66.0,22.0,35.666666666666664,2993.06,1050.06,11,2017,46,Binders
2017-11-26,57,1065.41,338.98,0.375,82.0,66.0,56.666666666666664,2393.73,-2138.51,11,2017,47,Binders
2017-12-03,33,1592.71,-798.32,0.23333333333333336,57.0,82.0,68.33333333333333,1065.41,338.98,12,2017,48,Binders
2017-12-10,36,515.63,140.51,0.2,33.0,57.0,57.333333333333336,1592.71,-798.32,12,2017,49,Binders
2017-12-17,35,162.53,0.08999999999999453,0.24444444444444446,36.0,33.0,42.0,515.63,140.51,12,2017,50,Binders
2017-12-24,42,303.28000000000003,61.879999999999995,0.3384615384615385,35.0,36.0,34.666666666666664,162.53,0.08999999999999453,12,2017,51,Binders
2017-12-31,30,300.90000000000003,86.11,0.37,42.0,35.0,37.666666666666664,303.28000000000003,61.879999999999995,12,2017,52,Binders
2014-02-09,0,0.0,0.0,0.0,2.0,2.0,5.333333333333333,290.67,3.42,2,2014,6,Bookcases
2014-02-16,5,883.92,-110.49,0.2,0.0,2.0,1.3333333333333333,0.0,0.0,2,2014,7,Bookcases
2014-02-23,0,0.0,0.0,0.0,5.0,0.0,2.3333333333333335,883.92,-110.49,2,2014,8,Bookcases
2014-03-02,0,0.0,0.0,0.0,0.0,5.0,1.6666666666666667,0.0,0.0,3,2014,9,Bookcases
2014-03-09,5,302.45,-199.62,0.5,0.0,0.0,1.6666666666666667,0.0,0.0,3,2014,10,Bookcases
2014-03-16,0,0.0,0.0,0.0,5.0,0.0,1.6666666666666667,302.45,-199.62,3,2014,11,Bookcases
2014-03-23,0,0.0,0.0,0.0,0.0,5.0,1.6666666666666667,0.0,0.0,3,2014,12,Bookcases
2014-03-30,2,205.67,-12.1,0.15,0.0,0.0,1.6666666666666667,0.0,0.0,3,2014,13,Bookcases
2014-04-06,2,353.57,-44.2,0.2,2.0,0.0,0.6666666666666666,205.67,-12.1,4,2014,14,Bookcases
2014-04-13,0,0.0,0.0,0.0,2.0,2.0,1.3333333333333333,353.57,-44.2,4,2014,15,Bookcases
2014-04-20,0,0.0,0.0,0.0,0.0,2.0,1.3333333333333333,0.0,0.0,4,2014,16,Bookcases
2014-04-27,0,0.0,0.0,0.0,0.0,0.0,0.6666666666666666,0.0,0.0,4,2014,17,Bookcases
2014-05-04,0,0.0,0.0,0.0,0.0,0.0,0.0,0.0,0.0,5,2014,18,Bookcases
2014-05-11,0,0.0,0.0,0.0,0.0,0.0,0.0,0.0,0.0,5,2014,19,Bookcases
2014-05-18,0,0.0,0.0,0.0,0.0,0.0,0.0,0.0,0.0,5,2014,20,Bookcases
2014-05-25,0,0.0,0.0,0.0,0.0,0.0,0.0,0.0,0.0,5,2014,21,Bookcases
2014-06-01,0,0.0,0.0,0.0,0.0,0.0,0.0,0.0,0.0,6,2014,22,Bookcases
2014-06-08,0,0.0,0.0,0.0,0.0,0.0,0.0,0.0,0.0,6,2014,23,Bookcases
2014-06-15,3,212.94,57.49,0.0,0.0,0.0,0.0,0.0,0.0,6,2014,24,Bookcases
2014-06-22,4,193.07,-19.87,0.32,3.0,0.0,1.0,212.94,57.49,6,2014,25,Bookcases
2014-06-29,0,0.0,0.0,0.0,4.0,3.0,2.3333333333333335,193.07,-19.87,6,2014,26,Bookcases
2014-07-06,0,0.0,0.0,0.0,0.0,4.0,2.3333333333333335,0.0,0.0,7,2014,27,Bookcases
2014-07-13,0,0.0,0.0,0.0,0.0,0.0,1.3333333333333333,0.0,0.0,7,2014,28,Bookcases
2014-07-20,0,0.0,0.0,0.0,0.0,0.0,0.0,0.0,0.0,7,2014,29,Bookcases
2014-07-27,0,0.0,0.0,0.0,0.0,0.0,0.0,0.0,0.0,7,2014,30,Bookcases
2014-08-03,8,1367.84,259.89,0.0,0.0,0.0,0.0,0.0,0.0,8,2014,31,Bookcases
2014-08-10,4,155.46,-7.77,0.2,8.0,0.0,2.6666666666666665,1367.84,259.89,8,2014,32,Bookcases
2014-08-17,0,0.0,0.0,0.0,4.0,8.0,4.0,155.46,-7.77,8,2014,33,Bookcases
2014-08-24,9,638.82,172.48,0.0,0.0,4.0,4.0,0.0,0.0,8,2014,34,Bookcases
2014-08-31,0,0.0,0.0,0.0,9.0,0.0,4.333333333333333,638.82,172.48,8,2014,35,Bookcases
2014-09-07,1,119.83,7.05,0.15,0.0,9.0,3.0,0.0,0.0,9,2014,36,Bookcases
2014-09-14,2,222.67,10.48,0.15,1.0,0.0,3.3333333333333335,119.83,7.05,9,2014,37,Bookcases
2014-09-21,7,1295.0,-80.50999999999999,0.25,2.0,1.0,1.0,222.67,10.48,9,2014,38,Bookcases
2014-09-28,5,736.53,-76.71000000000001,0.235,7.0,2.0,3.3333333333333335,1295.0,-80.50999999999999,9,2014,39,Bookcases
2014-10-05,7,349.97,-216.98,0.5,5.0,7.0,4.666666666666667,736.53,-76.71000000000001,10,2014,40,Bookcases
2014-10-12,0,0.0,0.0,0.0,7.0,5.0,6.333333333333333,349.97,-216.98,10,2014,41,Bookcases
2014-10-19,0,0.0,0.0,0.0,0.0,7.0,4.0,0.0,0.0,10,2014,42,Bookcases
2014-10-26,0,0.0,0.0,0.0,0.0,0.0,2.3333333333333335,0.0,0.0,10,2014,43,Bookcases
2014-11-02,6,617.0,-36.29,0.15,0.0,0.0,0.0,0.0,0.0,11,2014,44,Bookcases
2014-11-09,0,0.0,0.0,0.0,6.0,0.0,2.0,617.0,-36.29,11,2014,45,Bookcases
2014-11-16,7,827.9300000000001,-225.34,0.325,0.0,6.0,2.0,0.0,0.0,11,2014,46,Bookcases
2014-11-23,22,5457.84,155.56,0.16666666666666666,7.0,0.0,4.333333333333333,827.9300000000001,-225.34,11,2014,47,Bookcases
2014-11-30,7,687.28,-42.78,0.175,22.0,7.0,9.666666666666666,5457.84,155.56,11,2014,48,Bookcases
2014-12-07,3,308.5,-18.15,0.15,7.0,22.0,12.0,687.28,-42.78,12,2014,49,Bookcases
2014-12-14,4,322.96,-1.0,0.235,3.0,7.0,10.666666666666666,308.5,-18.15,12,2014,50,Bookcases
2014-12-21,0,0.0,0.0,0.0,4.0,3.0,4.666666666666667,322.96,-1.0,12,2014,51,Bookcases
2014-12-28,0,0.0,0.0,0.0,0.0,4.0,2.3333333333333335,0.0,0.0,12,2014,52,Bookcases
2015-01-04,15,3143.45,239.22,0.17333333333333334,0.0,0.0,1.3333333333333333,0.0,0.0,1,2015,1,Bookcases
2015-01-11,0,0.0,0.0,0.0,15.0,0.0,5.0,3143.45,239.22,1,2015,2,Bookcases
2015-01-18,0,0.0,0.0,0.0,0.0,15.0,5.0,0.0,0.0,1,2015,3,Bookcases
2015-01-25,0,0.0,0.0,0.0,0.0,0.0,5.0,0.0,0.0,1,2015,4,Bookcases
2015-02-01,0,0.0,0.0,0.0,0.0,0.0,0.0,0.0,0.0,2,2015,5,Bookcases
2015-02-08,0,0.0,0.0,0.0,0.0,0.0,0.0,0.0,0.0,2,2015,6,Bookcases
2015-02-15,3,512.5,-30.15,0.15,0.0,0.0,0.0,0.0,0.0,2,2015,7,Bookcases
2015-02-22,0,0.0,0.0,0.0,3.0,0.0,1.0,512.5,-30.15,2,2015,8,Bookcases
2015-03-01,9,1352.4,-437.54,0.32,0.0,3.0,1.0,0.0,0.0,3,2015,9,Bookcases
2015-03-08,0,0.0,0.0,0.0,9.0,0.0,4.0,1352.4,-437.54,3,2015,10,Bookcases
2015-03-15,8,657.62,12.969999999999999,0.2,0.0,9.0,3.0,0.0,0.0,3,2015,11,Bookcases
2015-03-22,4,383.47,-67.67,0.32,8.0,0.0,5.666666666666667,657.62,12.969999999999999,3,2015,12,Bookcases
2015-03-29,3,359.06,-35.91,0.3,4.0,8.0,4.0,383.47,-67.67,3,2015,13,Bookcases
2015-04-05,0,0.0,0.0,0.0,3.0,4.0,5.0,359.06,-35.91,4,2015,14,Bookcases
2015-04-12,0,0.0,0.0,0.0,0.0,3.0,2.3333333333333335,0.0,0.0,4,2015,15,Bookcases
2015-04-19,9,523.26,125.58,0.0,0.0,0.0,1.0,0.0,0.0,4,2015,16,Bookcases
2015-04-26,0,0.0,0.0,0.0,9.0,0.0,3.0,523.26,125.58,4,2015,17,Bookcases
2015-05-03,0,0.0,0.0,0.0,0.0,9.0,3.0,0.0,0.0,5,2015,18,Bookcases
2015-05-10,6,418.74,-315.33,0.6,0.0,0.0,3.0,0.0,0.0,5,2015,19,Bookcases
2015-05-17,5,509.96,42.0,0.15,6.0,0.0,2.0,418.74,-315.33,5,2015,20,Bookcases
2015-05-24,0,0.0,0.0,0.0,5.0,6.0,3.6666666666666665,509.96,42.0,5,2015,21,Bookcases
2015-05-31,7,1406.86,140.69,0.0,0.0,5.0,3.6666666666666665,0.0,0.0,5,2015,22,Bookcases
2015-06-07,6,585.88,142.73000000000002,0.0,7.0,0.0,4.0,1406.86,140.69,6,2015,23,Bookcases
2015-06-14,3,369.2,-114.02,0.32,6.0,7.0,4.333333333333333,585.88,142.73000000000002,6,2015,24,Bookcases
2015-06-21,0,0.0,0.0,0.0,3.0,6.0,5.333333333333333,369.2,-114.02,6,2015,25,Bookcases
2015-06-28,6,482.94,-376.69,0.5,0.0,3.0,3.0,0.0,0.0,6,2015,26,Bookcases
2015-07-05,0,0.0,0.0,0.0,6.0,0.0,3.0,482.94,-376.69,7,2015,27,Bookcases
2015-07-12,0,0.0,0.0,0.0,0.0,6.0,2.0,0.0,0.0,7,2015,28,Bookcases
2015-07-19,13,555.15,-199.65,0.35000000000000003,0.0,0.0,2.0,0.0,0.0,7,2015,29,Bookcases
2015-07-26,14,2003.27,-122.29,0.19999999999999998,13.0,0.0,4.333333333333333,555.15,-199.65,7,2015,30,Bookcases
2015-08-02,0,0.0,0.0,0.0,14.0,13.0,9.0,2003.27,-122.29,8,2015,31,Bookcases
2015-08-09,3,512.94,97.46,0.0,0.0,14.0,9.0,0.0,0.0,8,2015,32,Bookcases
2015-08-16,8,4706.37,808.13,0.25,3.0,0.0,5.666666666666667,512.94,97.46,8,2015,33,Bookcases
2015-08-23,0,0.0,0.0,0.0,8.0,3.0,3.6666666666666665,4706.37,808.13,8,2015,34,Bookcases
2015-08-30,2,307.67,28.96,0.15,0.0,8.0,3.6666666666666665,0.0,0.0,8,2015,35,Bookcases
2015-09-06,7,1552.83,200.95,0.15,2.0,0.0,3.3333333333333335,307.67,28.96,9,2015,36,Bookcases
2015-09-13,5,687.4,48.12,0.0,7.0,2.0,3.0,1552.83,200.95,9,2015,37,Bookcases
2015-09-20,21,9424.39,-1526.0199999999998,0.22000000000000003,5.0,7.0,4.666666666666667,687.4,48.12,9,2015,38,Bookcases
2015-09-27,0,0.0,0.0,0.0,21.0,5.0,11.0,9424.39,-1526.0199999999998,9,2015,39,Bookcases
2015-10-04,0,0.0,0.0,0.0,0.0,21.0,8.666666666666666,0.0,0.0,10,2015,40,Bookcases
2015-10-11,2,361.96,83.25,0.0,0.0,0.0,7.0,0.0,0.0,10,2015,41,Bookcases
2015-10-18,0,0.0,0.0,0.0,2.0,0.0,0.6666666666666666,361.96,83.25,10,2015,42,Bookcases
2015-10-25,0,0.0,0.0,0.0,0.0,2.0,0.6666666666666666,0.0,0.0,10,2015,43,Bookcases
2015-11-01,0,0.0,0.0,0.0,0.0,0.0,0.6666666666666666,0.0,0.0,11,2015,44,Bookcases
2015-11-08,0,0.0,0.0,0.0,0.0,0.0,0.0,0.0,0.0,11,2015,45,Bookcases
2015-11-15,14,1666.88,-145.06,0.2925,0.0,0.0,0.0,0.0,0.0,11,2015,46,Bookcases
2015-11-22,17,1010.25,-309.63,0.284,14.0,0.0,4.666666666666667,1666.88,-145.06,11,2015,47,Bookcases
2015-11-29,1,170.98,32.49,0.0,17.0,14.0,10.333333333333334,1010.25,-309.63,11,2015,48,Bookcases
2015-12-06,12,681.41,42.59,0.2,1.0,17.0,10.666666666666666,170.98,32.49,12,2015,49,Bookcases
2015-12-13,7,1525.49,159.37,0.2,12.0,1.0,10.0,681.41,42.59,12,2015,50,Bookcases
2015-12-20,3,359.06,-71.81,0.3,7.0,12.0,6.666666666666667,1525.49,159.37,12,2015,51,Bookcases
2015-12-27,15,1864.11,-748.4,0.284,3.0,7.0,7.333333333333333,359.06,-71.81,12,2015,52,Bookcases
2016-01-03,0,0.0,0.0,0.0,15.0,3.0,8.333333333333334,1864.11,-748.4,1,2016,53,Bookcases
2016-01-10,0,0.0,0.0,0.0,0.0,15.0,6.0,0.0,0.0,1,2016,1,Bookcases
2016-01-17,0,0.0,0.0,0.0,0.0,0.0,5.0,0.0,0.0,1,2016,2,Bookcases
2016-01-24,4,451.14,-67.67,0.2,0.0,0.0,0.0,0.0,0.0,1,2016,3,Bookcases
2016-01-31,1,48.58,7.77,0.0,4.0,0.0,1.3333333333333333,451.14,-67.67,1,2016,4,Bookcases
2016-02-07,3,173.94,38.27,0.0,1.0,4.0,1.6666666666666667,48.58,7.77,2,2016,5,Bookcases
2016-02-14,10,781.86,-137.98,0.32,3.0,1.0,2.6666666666666665,173.94,38.27,2,2016,6,Bookcases
2016-02-21,0,0.0,0.0,0.0,10.0,3.0,4.666666666666667,781.86,-137.98,2,2016,7,Bookcases
2016-02-28,0,0.0,0.0,0.0,0.0,10.0,4.333333333333333,0.0,0.0,2,2016,8,Bookcases
2016-03-06,0,0.0,0.0,0.0,0.0,0.0,3.3333333333333335,0.0,0.0,3,2016,9,Bookcases
2016-03-13,9,749.35,18.939999999999998,0.15,0.0,0.0,0.0,0.0,0.0,3,2016,10,Bookcases
2016-03-20,6,313.62,-113.0,0.51,9.0,0.0,3.0,749.35,18.939999999999998,3,2016,11,Bookcases
2016-03-27,3,301.47,-241.18,0.5,6.0,9.0,5.0,313.62,-113.0,3,2016,12,Bookcases
2016-04-03,5,299.98,-167.99,0.5,3.0,6.0,6.0,301.47,-241.18,4,2016,13,Bookcases
2016-04-10,6,1415.95,230.87,0.175,5.0,3.0,4.666666666666667,299.98,-167.99,4,2016,14,Bookcases
2016-04-17,3,257.5,24.24,0.15,6.0,5.0,4.666666666666667,1415.95,230.87,4,2016,15,Bookcases
2016-04-24,0,0.0,0.0,0.0,3.0,6.0,4.666666666666667,257.5,24.24,4,2016,16,Bookcases
2016-05-01,0,0.0,0.0,0.0,0.0,3.0,3.0,0.0,0.0,5,2016,17,Bookcases
2016-05-08,2,239.98,52.8,0.0,0.0,0.0,1.0,0.0,0.0,5,2016,18,Bookcases
2016-05-15,8,1038.6,-204.60999999999999,0.16,2.0,0.0,0.6666666666666666,239.98,52.8,5,2016,19,Bookcases
2016-05-22,0,0.0,0.0,0.0,8.0,2.0,3.3333333333333335,1038.6,-204.60999999999999,5,2016,20,Bookcases
2016-05-29,0,0.0,0.0,0.0,0.0,8.0,3.3333333333333335,0.0,0.0,5,2016,21,Bookcases
2016-06-05,0,0.0,0.0,0.0,0.0,0.0,2.6666666666666665,0.0,0.0,6,2016,22,Bookcases
2016-06-12,3,722.35,90.29,0.2,0.0,0.0,0.0,0.0,0.0,6,2016,23,Bookcases
2016-06-19,7,838.8399999999999,49.35,0.15,3.0,0.0,1.0,722.35,90.29,6,2016,24,Bookcases
2016-06-26,2,353.57,-44.2,0.2,7.0,3.0,3.3333333333333335,838.8399999999999,49.35,6,2016,25,Bookcases
2016-07-03,7,1266.86,291.38,0.0,2.0,7.0,4.0,353.57,-44.2,7,2016,26,Bookcases
2016-07-10,0,0.0,0.0,0.0,7.0,2.0,5.333333333333333,1266.86,291.38,7,2016,27,Bookcases
2016-07-17,4,579.14,21.72,0.2,0.0,7.0,3.0,0.0,0.0,7,2016,28,Bookcases
2016-07-24,5,504.9,126.23,0.0,4.0,0.0,3.6666666666666665,579.14,21.72,7,2016,29,Bookcases
2016-07-31,5,177.45,-78.08,0.5,5.0,4.0,3.0,504.9,126.23,7,2016,30,Bookcases
2016-08-07,17,2309.48,491.0,0.06666666666666667,5.0,5.0,4.666666666666667,177.45,-78.08,8,2016,31,Bookcases
2016-08-14,18,3479.9900000000002,-204.64999999999998,0.064,17.0,5.0,9.0,2309.48,491.0,8,2016,32,Bookcases
2016-08-21,0,0.0,0.0,0.0,18.0,17.0,13.333333333333334,3479.9900000000002,-204.64999999999998,8,2016,33,Bookcases
2016-08-28,2,156.37,-52.89,0.32,0.0,18.0,11.666666666666666,0.0,0.0,8,2016,34,Bookcases
2016-09-04,9,720.55,-75.39,0.325,2.0,0.0,6.666666666666667,156.37,-52.89,9,2016,35,Bookcases
2016-09-11,0,0.0,0.0,0.0,9.0,2.0,3.6666666666666665,720.55,-75.39,9,2016,36,Bookcases
2016-09-18,2,273.67,-12.88,0.15,0.0,9.0,3.6666666666666665,0.0,0.0,9,2016,37,Bookcases
2016-09-25,4,641.55,125.26,0.075,2.0,0.0,3.6666666666666665,273.67,-12.88,9,2016,38,Bookcases
2016-10-02,17,1905.54,-231.29999999999998,0.22333333333333336,4.0,2.0,2.0,641.55,125.26,10,2016,39,Bookcases
2016-10-09,1,176.78,-22.1,0.2,17.0,4.0,7.666666666666667,1905.54,-231.29999999999998,10,2016,40,Bookcases
2016-10-16,5,432.84,-136.14,0.35,1.0,17.0,7.333333333333333,176.78,-22.1,10,2016,41,Bookcases
2016-10-23,7,1285.5700000000002,304.81,0.049999999999999996,5.0,1.0,7.666666666666667,432.84,-136.14,10,2016,42,Bookcases
2016-10-30,0,0.0,0.0,0.0,7.0,5.0,4.333333333333333,1285.5700000000002,304.81,10,2016,43,Bookcases
2016-11-06,0,0.0,0.0,0.0,0.0,7.0,4.0,0.0,0.0,11,2016,44,Bookcases
2016-11-13,0,0.0,0.0,0.0,0.0,0.0,2.3333333333333335,0.0,0.0,11,2016,45,Bookcases
2016-11-20,5,376.53999999999996,-37.84,0.35,0.0,0.0,0.0,0.0,0.0,11,2016,46,Bookcases
2016-11-27,15,3860.1499999999996,181.59,0.18333333333333335,5.0,0.0,1.6666666666666667,376.53999999999996,-37.84,11,2016,47,Bookcases
2016-12-04,0,0.0,0.0,0.0,15.0,5.0,6.666666666666667,3860.1499999999996,181.59,12,2016,48,Bookcases
2016-12-11,0,0.0,0.0,0.0,0.0,15.0,6.666666666666667,0.0,0.0,12,2016,49,Bookcases
2016-12-18,0,0.0,0.0,0.0,0.0,0.0,5.0,0.0,0.0,12,2016,50,Bookcases
2016-12-25,2,141.37,-14.14,0.3,0.0,0.0,0.0,0.0,0.0,12,2016,51,Bookcases
2017-01-01,0,0.0,0.0,0.0,2.0,0.0,0.6666666666666666,141.37,-14.14,1,2017,52,Bookcases
2017-01-08,11,797.01,69.46000000000001,0.175,0.0,2.0,0.6666666666666666,0.0,0.0,1,2017,1,Bookcases
2017-01-15,5,354.9,94.41,0.0,11.0,0.0,4.333333333333333,797.01,69.46000000000001,1,2017,2,Bookcases
2017-01-22,1,84.98,18.7,0.0,5.0,11.0,5.333333333333333,354.9,94.41,1,2017,3,Bookcases
2017-01-29,0,0.0,0.0,0.0,1.0,5.0,5.666666666666667,84.98,18.7,1,2017,4,Bookcases
2017-02-05,2,441.96,101.65,0.0,0.0,1.0,2.0,0.0,0.0,2,2017,5,Bookcases
2017-02-12,14,460.11,-748.25,0.7,2.0,0.0,1.0,441.96,101.65,2,2017,6,Bookcases
2017-02-19,1,89.07,-17.03,0.32,14.0,2.0,5.333333333333333,460.11,-748.25,2,2017,7,Bookcases
2017-02-26,5,231.92,5.8,0.2,1.0,14.0,5.666666666666667,89.07,-17.03,2,2017,8,Bookcases
2017-03-05,0,0.0,0.0,0.0,5.0,1.0,6.666666666666667,231.92,5.8,3,2017,9,Bookcases
2017-03-12,6,664.61,-22.57,0.21666666666666667,0.0,5.0,2.0,0.0,0.0,3,2017,10,Bookcases
2017-03-19,0,0.0,0.0,0.0,6.0,0.0,3.6666666666666665,664.61,-22.57,3,2017,11,Bookcases
2017-03-26,2,257.57,-28.98,0.2,0.0,6.0,2.0,0.0,0.0,3,2017,12,Bookcases
2017-04-02,7,1228.66,-66.34,0.32,2.0,0.0,2.6666666666666665,257.57,-28.98,4,2017,13,Bookcases
2017-04-09,9,825.17,-117.88,0.3,7.0,2.0,3.0,1228.66,-66.34,4,2017,14,Bookcases
2017-04-16,12,543.45,-29.18,0.18333333333333335,9.0,7.0,6.0,825.17,-117.88,4,2017,15,Bookcases
2017-04-23,4,387.14,-14.52,0.2,12.0,9.0,9.333333333333334,543.45,-29.18,4,2017,16,Bookcases
2017-04-30,7,344.98,28.41,0.15,4.0,12.0,8.333333333333334,387.14,-14.52,4,2017,17,Bookcases
2017-05-07,3,89.99,-152.98,0.7,7.0,4.0,7.666666666666667,344.98,28.41,5,2017,18,Bookcases
2017-05-14,0,0.0,0.0,0.0,3.0,7.0,4.666666666666667,89.99,-152.98,5,2017,19,Bookcases
2017-05-21,12,1931.76,450.37,0.0,0.0,3.0,3.3333333333333335,0.0,0.0,5,2017,20,Bookcases
2017-05-28,4,115.96,-64.94,0.5,12.0,0.0,5.0,1931.76,450.37,5,2017,21,Bookcases
2017-06-04,7,1047.38,137.14,0.13,4.0,12.0,5.333333333333333,115.96,-64.94,6,2017,22,Bookcases
2017-06-11,10,769.2,-95.87,0.16,7.0,4.0,7.666666666666667,1047.38,137.14,6,2017,23,Bookcases
2017-06-18,2,77.73,-3.89,0.2,10.0,7.0,7.0,769.2,-95.87,6,2017,24,Bookcases
2017-06-25,1,400.78,-5.01,0.2,2.0,10.0,6.333333333333333,77.73,-3.89,6,2017,25,Bookcases
2017-07-02,15,1484.8200000000002,93.91999999999999,0.15666666666666665,1.0,2.0,4.333333333333333,400.78,-5.01,7,2017,26,Bookcases
2017-07-09,3,87.21,-45.35,0.5,15.0,1.0,6.0,1484.8200000000002,93.91999999999999,7,2017,27,Bookcases
2017-07-16,2,307.67,-14.48,0.15,3.0,15.0,6.333333333333333,87.21,-45.35,7,2017,28,Bookcases
2017-07-23,3,302.94,69.68,0.0,2.0,3.0,6.666666666666667,307.67,-14.48,7,2017,29,Bookcases
2017-07-30,2,115.96,25.51,0.0,3.0,2.0,2.6666666666666665,302.94,69.68,7,2017,30,Bookcases
2017-08-06,2,1497.67,140.96,0.15,2.0,3.0,2.3333333333333335,115.96,25.51,8,2017,31,Bookcases
2017-08-13,17,1796.75,72.84,0.075,2.0,2.0,2.3333333333333335,1497.67,140.96,8,2017,32,Bookcases
2017-08-20,0,0.0,0.0,0.0,17.0,2.0,7.0,1796.75,72.84,8,2017,33,Bookcases
2017-08-27,2,130.98,-89.07,0.5,0.0,17.0,6.333333333333333,0.0,0.0,8,2017,34,Bookcases
2017-09-03,0,0.0,0.0,0.0,2.0,0.0,6.333333333333333,130.98,-89.07,9,2017,35,Bookcases
2017-09-10,3,314.35,-15.72,0.2,0.0,2.0,0.6666666666666666,0.0,0.0,9,2017,36,Bookcases
2017-09-17,9,2224.1400000000003,296.84,0.049999999999999996,3.0,0.0,1.6666666666666667,314.35,-15.72,9,2017,37,Bookcases
2017-09-24,6,495.14,-327.89,0.4666666666666666,9.0,3.0,4.0,2224.1400000000003,296.84,9,2017,38,Bookcases
2017-10-01,0,0.0,0.0,0.0,6.0,9.0,6.0,495.14,-327.89,10,2017,39,Bookcases
2017-10-08,2,203.98,16.8,0.15,0.0,6.0,5.0,0.0,0.0,10,2017,40,Bookcases
2017-10-15,0,0.0,0.0,0.0,2.0,0.0,2.6666666666666665,203.98,16.8,10,2017,41,Bookcases
2017-10-22,3,328.4,-91.76,0.32,0.0,2.0,0.6666666666666666,0.0,0.0,10,2017,42,Bookcases
2017-10-29,5,556.67,6.55,0.15,3.0,0.0,1.6666666666666667,328.4,-91.76,10,2017,43,Bookcases
2017-11-05,9,409.96,-318.96,0.35,5.0,3.0,2.6666666666666665,556.67,6.55,11,2017,44,Bookcases
2017-11-12,3,174.42,41.86,0.0,9.0,5.0,5.666666666666667,409.96,-318.96,11,2017,45,Bookcases
2017-11-19,5,533.73,-41.72,0.32,3.0,9.0,5.666666666666667,174.42,41.86,11,2017,46,Bookcases
2017-11-26,10,1404.99,-127.13,0.18333333333333335,5.0,3.0,5.666666666666667,533.73,-41.72,11,2017,47,Bookcases
2017-12-03,0,0.0,0.0,0.0,10.0,5.0,6.0,1404.99,-127.13,12,2017,48,Bookcases
2017-12-10,5,2154.9,129.29,0.0,0.0,10.0,5.0,0.0,0.0,12,2017,49,Bookcases
2017-12-17,3,287.98,7.2,0.2,5.0,0.0,5.0,2154.9,129.29,12,2017,50,Bookcases
2017-12-24,8,323.0,-132.8,0.35,3.0,5.0,2.6666666666666665,287.98,7.2,12,2017,51,Bookcases
2017-12-31,6,515.12,16.919999999999998,0.2,8.0,3.0,5.333333333333333,323.0,-132.8,12,2017,52,Bookcases
2014-01-26,3,1067.94,224.27,0.0,6.0,24.0,14.666666666666666,545.94,87.35,1,2014,4,Chairs
2014-02-02,0,0.0,0.0,0.0,3.0,6.0,11.0,1067.94,224.27,2,2014,5,Chairs
2014-02-09,0,0.0,0.0,0.0,0.0,3.0,3.0,0.0,0.0,2,2014,6,Chairs
2014-02-16,8,239.84,64.76,0.0,0.0,0.0,1.0,0.0,0.0,2,2014,7,Chairs
2014-02-23,0,0.0,0.0,0.0,8.0,0.0,2.6666666666666665,239.84,64.76,2,2014,8,Chairs
2014-03-02,0,0.0,0.0,0.0,0.0,8.0,2.6666666666666665,0.0,0.0,3,2014,9,Chairs
2014-03-09,0,0.0,0.0,0.0,0.0,0.0,2.6666666666666665,0.0,0.0,3,2014,10,Chairs
2014-03-16,10,1520.5500000000002,228.64000000000001,0.16666666666666666,0.0,0.0,0.0,0.0,0.0,3,2014,11,Chairs
2014-03-23,6,532.73,-46.28,0.2,10.0,0.0,3.3333333333333335,1520.5500000000002,228.64000000000001,3,2014,12,Chairs
2014-03-30,14,494.09000000000003,56.11999999999999,0.2,6.0,10.0,5.333333333333333,532.73,-46.28,3,2014,13,Chairs
2014-04-06,7,1125.49,98.48,0.2,14.0,6.0,10.0,494.09000000000003,56.11999999999999,4,2014,14,Chairs
2014-04-13,6,725.29,17.61,0.1,7.0,14.0,9.0,1125.49,98.48,4,2014,15,Chairs
2014-04-20,3,317.06,-18.12,0.3,6.0,7.0,9.0,725.29,17.61,4,2014,16,Chairs
2014-04-27,12,2280.06,147.60999999999999,0.25,3.0,6.0,5.333333333333333,317.06,-18.12,4,2014,17,Chairs
2014-05-04,4,613.5400000000001,83.19,0.1,12.0,3.0,7.0,2280.06,147.60999999999999,5,2014,18,Chairs
2014-05-11,20,1751.26,347.27,0.125,4.0,12.0,6.333333333333333,613.5400000000001,83.19,5,2014,19,Chairs
2014-05-18,11,512.3399999999999,38.43,0.2,20.0,4.0,12.0,1751.26,347.27,5,2014,20,Chairs
2014-05-25,2,107.77,-29.25,0.3,11.0,20.0,11.666666666666666,512.3399999999999,38.43,5,2014,21,Chairs
2014-06-01,13,3158.8900000000003,763.8,0.16666666666666666,2.0,11.0,11.0,107.77,-29.25,6,2014,22,Chairs
2014-06-08,2,478.48,47.85,0.2,13.0,2.0,8.666666666666666,3158.8900000000003,763.8,6,2014,23,Chairs
2014-06-15,4,797.94,-57.0,0.3,2.0,13.0,5.666666666666667,478.48,47.85,6,2014,24,Chairs
2014-06-22,16,1671.83,27.53,0.19999999999999998,4.0,2.0,6.333333333333333,797.94,-57.0,6,2014,25,Chairs
2014-06-29,5,1228.47,0.0,0.3,16.0,4.0,7.333333333333333,1671.83,27.53,6,2014,26,Chairs
2014-07-06,13,1839.3,325.75,0.15000000000000002,5.0,16.0,8.333333333333334,1228.47,0.0,7,2014,27,Chairs
2014-07-13,6,845.1,45.35,0.15,13.0,5.0,11.333333333333334,1839.3,325.75,7,2014,28,Chairs
2014-07-20,6,1240.51,-166.10999999999999,0.25,6.0,13.0,8.0,845.1,45.35,7,2014,29,Chairs
2014-07-27,15,2919.45,-63.370000000000005,0.18,6.0,6.0,8.333333333333334,1240.51,-166.10999999999999,7,2014,30,Chairs
2014-08-03,0,0.0,0.0,0.0,15.0,6.0,9.0,2919.45,-63.370000000000005,8,2014,31,Chairs
2014-08-10,28,4675.219999999999,191.25,0.19999999999999998,0.0,15.0,7.0,0.0,0.0,8,2014,32,Chairs
2014-08-17,5,603.92,45.29,0.2,28.0,0.0,14.333333333333334,4675.219999999999,191.25,8,2014,33,Chairs
2014-08-24,15,921.61,139.04999999999998,0.15,5.0,28.0,11.0,603.92,45.29,8,2014,34,Chairs
2014-08-31,0,0.0,0.0,0.0,15.0,5.0,16.0,921.61,139.04999999999998,8,2014,35,Chairs
2014-09-07,0,0.0,0.0,0.0,0.0,15.0,6.666666666666667,0.0,0.0,9,2014,36,Chairs
2014-09-14,6,340.12,-9.72,0.3,0.0,0.0,5.0,0.0,0.0,9,2014,37,Chairs
2014-09-21,9,1518.88,317.82,0.1,6.0,0.0,2.0,340.12,-9.72,9,2014,38,Chairs
2014-09-28,14,1914.5699999999997,202.19,0.17500000000000002,9.0,6.0,5.0,1518.88,317.82,9,2014,39,Chairs
2014-10-05,1,256.78,32.1,0.2,14.0,9.0,9.666666666666666,1914.5699999999997,202.19,10,2014,40,Chairs
2014-10-12,14,2511.6800000000003,279.48,0.15000000000000002,1.0,14.0,8.0,256.78,32.1,10,2014,41,Chairs
2014-10-19,25,3209.39,496.05,0.06,14.0,1.0,9.666666666666666,2511.6800000000003,279.48,10,2014,42,Chairs
2014-10-26,0,0.0,0.0,0.0,25.0,14.0,13.333333333333334,3209.39,496.05,10,2014,43,Chairs
2014-11-02,9,1812.14,487.5400000000001,0.06666666666666667,0.0,25.0,13.0,0.0,0.0,11,2014,44,Chairs
2014-11-09,11,2067.9,144.43,0.15,9.0,0.0,11.333333333333334,1812.14,487.5400000000001,11,2014,45,Chairs
2014-11-16,13,1508.42,32.03999999999999,0.225,11.0,9.0,6.666666666666667,2067.9,144.43,11,2014,46,Chairs
2014-11-23,22,2671.5,-48.79999999999998,0.16666666666666666,13.0,11.0,11.0,1508.42,32.03999999999999,11,2014,47,Chairs
2014-11-30,8,1457.1100000000001,1.3699999999999974,0.2333333333333333,22.0,13.0,15.333333333333334,2671.5,-48.79999999999998,11,2014,48,Chairs
2014-12-07,9,765.0699999999999,-25.08,0.2333333333333333,8.0,22.0,14.333333333333334,1457.1100000000001,1.3699999999999974,12,2014,49,Chairs
2014-12-14,10,3971.59,434.56,0.15000000000000002,9.0,8.0,13.0,765.0699999999999,-25.08,12,2014,50,Chairs
2014-12-21,60,8683.6,476.78,0.19090909090909092,10.0,9.0,9.0,3971.59,434.56,12,2014,51,Chairs
2014-12-28,30,2185.45,221.32999999999998,0.19999999999999998,60.0,10.0,26.333333333333332,8683.6,476.78,12,2014,52,Chairs
2015-01-04,9,790.63,130.69,0.1,30.0,60.0,33.333333333333336,2185.45,221.32999999999998,1,2015,1,Chairs
2015-01-11,7,593.46,50.709999999999994,0.06666666666666667,9.0,30.0,33.0,790.63,130.69,1,2015,2,Chairs
2015-01-18,14,4680.59,392.92,0.2,7.0,9.0,15.333333333333334,593.46,50.709999999999994,1,2015,3,Chairs
2015-01-25,4,199.3,-8.54,0.3,14.0,7.0,10.0,4680.59,392.92,1,2015,4,Chairs
2015-02-01,7,2985.91,-54.6,0.25,4.0,14.0,8.333333333333334,199.3,-8.54,2,2015,5,Chairs
2015-02-08,9,901.52,-83.09,0.19999999999999998,7.0,4.0,8.333333333333334,2985.91,-54.6,2,2015,6,Chairs
2015-02-15,13,2731.0800000000004,561.93,0.1,9.0,7.0,6.666666666666667,901.52,-83.09,2,2015,7,Chairs
2015-02-22,0,0.0,0.0,0.0,13.0,9.0,9.666666666666666,2731.0800000000004,561.93,2,2015,8,Chairs
2015-03-01,10,551.27,15.570000000000004,0.2,0.0,13.0,7.333333333333333,0.0,0.0,3,2015,9,Chairs
2015-03-08,8,1005.98,-16.060000000000002,0.13333333333333333,10.0,0.0,7.666666666666667,551.27,15.570000000000004,3,2015,10,Chairs
2015-03-15,16,2493.5299999999997,299.26,0.16666666666666666,8.0,10.0,6.0,1005.98,-16.060000000000002,3,2015,11,Chairs
2015-03-22,0,0.0,0.0,0.0,16.0,8.0,11.333333333333334,2493.5299999999997,299.26,3,2015,12,Chairs
2015-03-29,7,1274.69,102.03,0.25,0.0,16.0,8.0,0.0,0.0,3,2015,13,Chairs
2015-04-05,4,366.74,-110.02,0.3,7.0,0.0,7.666666666666667,1274.69,102.03,4,2015,14,Chairs
2015-04-12,17,1503.28,149.53,0.07500000000000001,4.0,7.0,3.6666666666666665,366.74,-110.02,4,2015,15,Chairs
2015-04-19,4,274.44,-0.3099999999999987,0.13333333333333333,17.0,4.0,9.333333333333334,1503.28,149.53,4,2015,16,Chairs
2015-04-26,16,1432.3600000000001,-137.61,0.25,4.0,17.0,8.333333333333334,274.44,-0.3099999999999987,4,2015,17,Chairs
2015-05-03,17,1963.63,358.49,0.175,16.0,4.0,12.333333333333334,1432.3600000000001,-137.61,5,2015,18,Chairs
2015-05-10,16,2706.03,243.84,0.16666666666666666,17.0,16.0,12.333333333333334,1963.63,358.49,5,2015,19,Chairs
2015-05-17,10,1124.3400000000001,112.0,0.2,16.0,17.0,16.333333333333332,2706.03,243.84,5,2015,20,Chairs
2015-05-24,7,602.65,-163.58,0.3,10.0,16.0,14.333333333333334,1124.3400000000001,112.0,5,2015,21,Chairs
2015-05-31,17,3095.5200000000004,651.1,0.22499999999999998,7.0,10.0,11.0,602.65,-163.58,5,2015,22,Chairs
2015-06-07,9,1268.82,266.45,0.0,17.0,7.0,11.333333333333334,3095.5200000000004,651.1,6,2015,23,Chairs
2015-06-14,3,342.45,36.150000000000006,0.2,9.0,17.0,11.0,1268.82,266.45,6,2015,24,Chairs
2015-06-21,6,840.51,30.890000000000004,0.25,3.0,9.0,9.666666666666666,342.45,36.150000000000006,6,2015,25,Chairs
2015-06-28,3,332.94,79.91,0.0,6.0,3.0,6.0,840.51,30.890000000000004,6,2015,26,Chairs
2015-07-05,1,117.88,1.31,0.1,3.0,6.0,4.0,332.94,79.91,7,2015,27,Chairs
2015-07-12,10,1237.3600000000001,259.66,0.125,1.0,3.0,3.3333333333333335,117.88,1.31,7,2015,28,Chairs
2015-07-19,21,4572.79,274.95,0.14,10.0,1.0,4.666666666666667,1237.3600000000001,259.66,7,2015,29,Chairs
2015-07-26,5,827.9200000000001,41.4,0.2,21.0,10.0,10.666666666666666,4572.79,274.95,7,2015,30,Chairs
2015-08-02,6,155.88,38.97,0.0,5.0,21.0,12.0,827.9200000000001,41.4,8,2015,31,Chairs
2015-08-09,7,860.93,189.4,0.0,6.0,5.0,10.666666666666666,155.88,38.97,8,2015,32,Chairs
2015-08-16,2,577.76,115.55,0.1,7.0,6.0,6.0,860.93,189.4,8,2015,33,Chairs
2015-08-23,3,598.46,-42.75,0.3,2.0,7.0,5.0,577.76,115.55,8,2015,34,Chairs
2015-08-30,1,40.78,4.59,0.2,3.0,2.0,4.0,598.46,-42.75,8,2015,35,Chairs
2015-09-06,5,203.92,22.94,0.2,1.0,3.0,2.0,40.78,4.59,9,2015,36,Chairs
2015-09-13,17,2793.96,488.93,0.125,5.0,1.0,3.0,203.92,22.94,9,2015,37,Chairs
2015-09-20,9,1256.62,315.37,0.05,17.0,5.0,7.666666666666667,2793.96,488.93,9,2015,38,Chairs
2015-09-27,32,5169.84,1108.51,0.07142857142857142,9.0,17.0,10.333333333333334,1256.62,315.37,9,2015,39,Chairs
2015-10-04,0,0.0,0.0,0.0,32.0,9.0,19.333333333333332,5169.84,1108.51,10,2015,40,Chairs
2015-10-11,4,542.03,-56.89,0.25,0.0,32.0,13.666666666666666,0.0,0.0,10,2015,41,Chairs
2015-10-18,8,1022.8400000000001,251.52999999999997,0.0,4.0,0.0,12.0,542.03,-56.89,10,2015,42,Chairs
2015-10-25,24,2148.54,132.57999999999998,0.16,8.0,4.0,4.0,1022.8400000000001,251.52999999999997,10,2015,43,Chairs
2015-11-01,0,0.0,0.0,0.0,24.0,8.0,12.0,2148.54,132.57999999999998,11,2015,44,Chairs
2015-11-08,20,1657.38,-239.01999999999998,0.2333333333333333,0.0,24.0,10.666666666666666,0.0,0.0,11,2015,45,Chairs
2015-11-15,7,1114.19,119.59,0.2,20.0,0.0,14.666666666666666,1657.38,-239.01999999999998,11,2015,46,Chairs
2015-11-22,18,2290.6400000000003,281.94,0.2,7.0,20.0,9.0,1114.19,119.59,11,2015,47,Chairs
2015-11-29,11,1408.8700000000001,209.32999999999998,0.0,18.0,7.0,15.0,2290.6400000000003,281.94,11,2015,48,Chairs
2015-12-06,0,0.0,0.0,0.0,11.0,18.0,12.0,1408.8700000000001,209.32999999999998,12,2015,49,Chairs
2015-12-13,11,732.54,29.41,0.25,0.0,11.0,9.666666666666666,0.0,0.0,12,2015,50,Chairs
2015-12-20,14,991.96,223.57999999999998,0.0,11.0,0.0,7.333333333333333,732.54,29.41,12,2015,51,Chairs
2015-12-27,17,1793.5900000000001,-6.099999999999989,0.275,14.0,11.0,8.333333333333334,991.96,223.57999999999998,12,2015,52,Chairs
2016-01-03,0,0.0,0.0,0.0,17.0,14.0,14.0,1793.5900000000001,-6.099999999999989,1,2016,53,Chairs
2016-01-10,10,1512.34,304.96,0.15000000000000002,0.0,17.0,10.333333333333334,0.0,0.0,1,2016,1,Chairs
2016-01-17,13,1258.1,183.16,0.15,10.0,0.0,9.0,1512.34,304.96,1,2016,2,Chairs
2016-01-24,9,1167.06,70.25,0.2,13.0,10.0,7.666666666666667,1258.1,183.16,1,2016,3,Chairs
2016-01-31,4,435.17,-59.84,0.2,9.0,13.0,10.666666666666666,1167.06,70.25,1,2016,4,Chairs
2016-02-07,24,2732.31,299.46,0.2,4.0,9.0,8.666666666666666,435.17,-59.84,2,2016,5,Chairs
2016-02-14,3,215.98,-2.7,0.2,24.0,4.0,12.333333333333334,2732.31,299.46,2,2016,6,Chairs
2016-02-21,8,617.5699999999999,73.69,0.13333333333333333,3.0,24.0,10.333333333333334,215.98,-2.7,2,2016,7,Chairs
2016-02-28,0,0.0,0.0,0.0,8.0,3.0,11.666666666666666,617.5699999999999,73.69,2,2016,8,Chairs
2016-03-06,9,1429.83,168.92,0.15,0.0,8.0,3.6666666666666665,0.0,0.0,3,2016,9,Chairs
2016-03-13,25,3161.48,257.89,0.17142857142857146,9.0,0.0,5.666666666666667,1429.83,168.92,3,2016,10,Chairs
2016-03-20,11,2077.24,-81.07000000000001,0.2333333333333333,25.0,9.0,11.333333333333334,3161.48,257.89,3,2016,11,Chairs
2016-03-27,5,528.43,0.0,0.3,11.0,25.0,15.0,2077.24,-81.07000000000001,3,2016,12,Chairs
2016-04-03,12,1172.12,18.490000000000002,0.2,5.0,11.0,13.666666666666666,528.43,0.0,4,2016,13,Chairs
2016-04-10,0,0.0,0.0,0.0,12.0,5.0,9.333333333333334,1172.12,18.490000000000002,4,2016,14,Chairs
2016-04-17,10,2810.24,-6.939999999999998,0.2,0.0,12.0,5.666666666666667,0.0,0.0,4,2016,15,Chairs
2016-04-24,10,1670.13,55.68000000000001,0.25,10.0,0.0,7.333333333333333,2810.24,-6.939999999999998,4,2016,16,Chairs
2016-05-01,5,476.21999999999997,65.38,0.15000000000000002,10.0,10.0,6.666666666666667,1670.13,55.68000000000001,5,2016,17,Chairs
2016-05-08,0,0.0,0.0,0.0,5.0,10.0,8.333333333333334,476.21999999999997,65.38,5,2016,18,Chairs
2016-05-15,27,3700.24,515.89,0.19999999999999998,0.0,5.0,5.0,0.0,0.0,5,2016,19,Chairs
2016-05-22,2,641.96,179.75,0.0,27.0,0.0,10.666666666666666,3700.24,515.89,5,2016,20,Chairs
2016-05-29,24,4768.3,502.99,0.175,2.0,27.0,9.666666666666666,641.96,179.75,5,2016,21,Chairs
2016-06-05,3,191.08,-38.22,0.3,24.0,2.0,17.666666666666668,4768.3,502.99,6,2016,22,Chairs
2016-06-12,4,289.4,-37.760000000000005,0.2,3.0,24.0,9.666666666666666,191.08,-38.22,6,2016,23,Chairs
2016-06-19,4,483.14,54.35,0.2,4.0,3.0,10.333333333333334,289.4,-37.760000000000005,6,2016,24,Chairs
2016-06-26,4,246.82,-14.17,0.25,4.0,4.0,3.6666666666666665,483.14,54.35,6,2016,25,Chairs
2016-07-03,5,661.62,13.02,0.15,4.0,4.0,4.0,246.82,-14.17,7,2016,26,Chairs
2016-07-10,13,1642.85,187.35,0.175,5.0,4.0,4.333333333333333,661.62,13.02,7,2016,27,Chairs
2016-07-17,7,1833.42,123.23,0.2,13.0,5.0,7.333333333333333,1642.85,187.35,7,2016,28,Chairs
2016-07-24,8,758.49,70.45,0.10000000000000002,7.0,13.0,8.333333333333334,1833.42,123.23,7,2016,29,Chairs
2016-07-31,6,645.13,114.97,0.1,8.0,7.0,9.333333333333334,758.49,70.45,7,2016,30,Chairs
2016-08-07,11,1000.36,70.46,0.26666666666666666,6.0,8.0,7.0,645.13,114.97,8,2016,31,Chairs
2016-08-14,6,1411.95,396.38,0.0,11.0,6.0,8.333333333333334,1000.36,70.46,8,2016,32,Chairs
2016-08-21,9,798.47,86.22,0.15000000000000002,6.0,11.0,7.666666666666667,1411.95,396.38,8,2016,33,Chairs
2016-08-28,16,3160.5600000000004,30.97,0.2333333333333333,9.0,6.0,8.666666666666666,798.47,86.22,8,2016,34,Chairs
2016-09-04,9,1141.6399999999999,-169.76999999999998,0.15,16.0,9.0,10.333333333333334,3160.5600000000004,30.97,9,2016,35,Chairs
2016-09-11,5,530.36,86.29,0.15000000000000002,9.0,16.0,11.333333333333334,1141.6399999999999,-169.76999999999998,9,2016,36,Chairs
2016-09-18,18,2883.12,177.99,0.16666666666666666,5.0,9.0,10.0,530.36,86.29,9,2016,37,Chairs
2016-09-25,26,3629.51,397.35,0.15555555555555556,18.0,5.0,10.666666666666666,2883.12,177.99,9,2016,38,Chairs
2016-10-02,8,1202.53,-232.60000000000002,0.3,26.0,18.0,16.333333333333332,3629.51,397.35,10,2016,39,Chairs
2016-10-09,0,0.0,0.0,0.0,8.0,26.0,17.333333333333332,1202.53,-232.60000000000002,10,2016,40,Chairs
2016-10-16,9,1969.84,408.22,0.15000000000000002,0.0,8.0,11.333333333333334,0.0,0.0,10,2016,41,Chairs
2016-10-23,10,751.75,-44.38,0.2333333333333333,9.0,0.0,5.666666666666667,1969.84,408.22,10,2016,42,Chairs
2016-10-30,14,427.64,80.78,0.1,10.0,9.0,6.333333333333333,751.75,-44.38,10,2016,43,Chairs
2016-11-06,13,2265.73,137.29000000000002,0.16666666666666666,14.0,10.0,11.0,427.64,80.78,11,2016,44,Chairs
2016-11-13,18,1607.1399999999999,-106.15,0.22000000000000003,13.0,14.0,12.333333333333334,2265.73,137.29000000000002,11,2016,45,Chairs
2016-11-20,18,1663.57,-11.519999999999996,0.2,18.0,13.0,15.0,1607.1399999999999,-106.15,11,2016,46,Chairs
2016-11-27,9,1812.3,201.48000000000002,0.25,18.0,18.0,16.333333333333332,1663.57,-11.519999999999996,11,2016,47,Chairs
2016-12-04,19,1885.1399999999999,103.83,0.13999999999999999,9.0,18.0,15.0,1812.3,201.48000000000002,12,2016,48,Chairs
2016-12-11,32,5595.4,203.60999999999999,0.2125,19.0,9.0,15.333333333333334,1885.1399999999999,103.83,12,2016,49,Chairs
2016-12-18,10,1209.28,110.68,0.13333333333333333,32.0,19.0,20.0,5595.4,203.60999999999999,12,2016,50,Chairs
2016-12-25,13,3477.68,490.79,0.13333333333333333,10.0,32.0,20.333333333333332,1209.28,110.68,12,2016,51,Chairs
2017-01-01,24,2440.76,41.699999999999996,0.18333333333333335,13.0,10.0,18.333333333333332,3477.68,490.79,1,2017,52,Chairs
2017-01-08,14,4948.15,520.14,0.13333333333333333,24.0,13.0,15.666666666666666,2440.76,41.699999999999996,1,2017,1,Chairs
2017-01-15,22,2671.2,348.61,0.16666666666666666,14.0,24.0,17.0,4948.15,520.14,1,2017,2,Chairs
2017-01-22,9,1397.79,11.569999999999999,0.13333333333333333,22.0,14.0,20.0,2671.2,348.61,1,2017,3,Chairs
2017-01-29,0,0.0,0.0,0.0,9.0,22.0,15.0,1397.79,11.569999999999999,1,2017,4,Chairs
2017-02-05,4,419.14,-68.11,0.2,0.0,9.0,10.333333333333334,0.0,0.0,2,2017,5,Chairs
2017-02-12,30,5397.38,748.24,0.14285714285714285,4.0,0.0,4.333333333333333,419.14,-68.11,2,2017,6,Chairs
2017-02-19,3,600.56,-8.58,0.3,30.0,4.0,11.333333333333334,5397.38,748.24,2,2017,7,Chairs
2017-02-26,2,196.78,-22.14,0.2,3.0,30.0,12.333333333333334,600.56,-8.58,2,2017,8,Chairs
2017-03-05,1,180.98,47.05,0.0,2.0,3.0,11.666666666666666,196.78,-22.14,3,2017,9,Chairs
2017-03-12,7,579.7,32.91,0.13333333333333333,1.0,2.0,2.0,180.98,47.05,3,2017,10,Chairs
2017-03-19,1,89.77,-2.56,0.3,7.0,1.0,3.3333333333333335,579.7,32.91,3,2017,11,Chairs
2017-03-26,22,4272.01,1069.0,0.03333333333333333,1.0,7.0,3.0,89.77,-2.56,3,2017,12,Chairs
2017-04-02,5,811.81,-74.97,0.3,22.0,1.0,10.0,4272.01,1069.0,4,2017,13,Chairs
2017-04-09,2,97.18,6.07,0.2,5.0,22.0,9.333333333333334,811.81,-74.97,4,2017,14,Chairs
2017-04-16,29,1350.37,12.560000000000002,0.16,2.0,5.0,9.666666666666666,97.18,6.07,4,2017,15,Chairs
2017-04-23,12,1225.88,209.09,0.15,29.0,2.0,12.0,1350.37,12.560000000000002,4,2017,16,Chairs
2017-04-30,0,0.0,0.0,0.0,12.0,29.0,14.333333333333334,1225.88,209.09,4,2017,17,Chairs
2017-05-07,0,0.0,0.0,0.0,0.0,12.0,13.666666666666666,0.0,0.0,5,2017,18,Chairs
2017-05-14,16,1969.32,-87.04,0.16,0.0,0.0,4.0,0.0,0.0,5,2017,19,Chairs
2017-05-21,26,1777.61,-60.830000000000005,0.2,16.0,0.0,5.333333333333333,1969.32,-87.04,5,2017,20,Chairs
2017-05-28,7,590.8199999999999,-50.39,0.19999999999999998,26.0,16.0,14.0,1777.61,-60.830000000000005,5,2017,21,Chairs
2017-06-04,0,0.0,0.0,0.0,7.0,26.0,16.333333333333332,590.8199999999999,-50.39,6,2017,22,Chairs
2017-06-11,8,938.3199999999999,-93.8,0.225,0.0,7.0,11.0,0.0,0.0,6,2017,23,Chairs
2017-06-18,23,2974.71,121.13,0.18,8.0,0.0,5.0,938.3199999999999,-93.8,6,2017,24,Chairs
2017-06-25,10,1420.84,135.57999999999998,0.13333333333333333,23.0,8.0,10.333333333333334,2974.71,121.13,6,2017,25,Chairs
2017-07-02,9,1034.26,-160.59,0.19999999999999998,10.0,23.0,13.666666666666666,1420.84,135.57999999999998,7,2017,26,Chairs
2017-07-09,11,2330.84,547.3,0.08,9.0,10.0,14.0,1034.26,-160.59,7,2017,27,Chairs
2017-07-16,14,1250.84,146.36,0.15,11.0,9.0,10.0,2330.84,547.3,7,2017,28,Chairs
2017-07-23,20,1770.63,-46.75,0.18571428571428572,14.0,11.0,11.333333333333334,1250.84,146.36,7,2017,29,Chairs
2017-07-30,10,859.87,130.11,0.13333333333333333,20.0,14.0,15.0,1770.63,-46.75,7,2017,30,Chairs
2017-08-06,5,176.05,-25.84,0.3,10.0,20.0,14.666666666666666,859.87,130.11,8,2017,31,Chairs
2017-08-13,15,1111.9499999999998,-65.69,0.22000000000000003,5.0,10.0,11.666666666666666,176.05,-25.84,8,2017,32,Chairs
2017-08-20,15,4953.320000000001,-535.36,0.2333333333333333,15.0,5.0,10.0,1111.9499999999998,-65.69,8,2017,33,Chairs
2017-08-27,10,1255.1,264.13,0.1,15.0,15.0,11.666666666666666,4953.320000000001,-535.36,8,2017,34,Chairs
2017-09-03,0,0.0,0.0,0.0,10.0,15.0,13.333333333333334,1255.1,264.13,9,2017,35,Chairs
2017-09-10,11,704.98,-22.029999999999998,0.2333333333333333,0.0,10.0,8.333333333333334,0.0,0.0,9,2017,36,Chairs
2017-09-17,35,4273.5,474.64,0.15,11.0,0.0,7.0,704.98,-22.029999999999998,9,2017,37,Chairs
2017-09-24,6,1124.38,166.31,0.15,35.0,11.0,15.333333333333334,4273.5,474.64,9,2017,38,Chairs
2017-10-01,11,1241.45,65.06,0.15,6.0,35.0,17.333333333333332,1124.38,166.31,10,2017,39,Chairs
2017-10-08,0,0.0,0.0,0.0,11.0,6.0,17.333333333333332,1241.45,65.06,10,2017,40,Chairs
2017-10-15,12,1742.27,-203.01000000000002,0.225,0.0,11.0,5.666666666666667,0.0,0.0,10,2017,41,Chairs
2017-10-22,9,1741.5700000000002,61.64,0.20000000000000004,12.0,0.0,7.666666666666667,1742.27,-203.01000000000002,10,2017,42,Chairs
2017-10-29,0,0.0,0.0,0.0,9.0,12.0,7.0,1741.5700000000002,61.64,10,2017,43,Chairs
2017-11-05,11,745.78,-19.98,0.13333333333333333,0.0,9.0,7.0,0.0,0.0,11,2017,44,Chairs
2017-11-12,15,3161.5600000000004,264.64,0.2333333333333333,11.0,0.0,6.666666666666667,745.78,-19.98,11,2017,45,Chairs
2017-11-19,18,3583.0899999999997,44.559999999999995,0.26666666666666666,15.0,11.0,8.666666666666666,3161.5600000000004,264.64,11,2017,46,Chairs
2017-11-26,23,3855.27,488.38,0.13333333333333333,18.0,15.0,14.666666666666666,3583.0899999999997,44.559999999999995,11,2017,47,Chairs
2017-12-03,13,2712.59,295.77,0.19999999999999998,23.0,18.0,18.666666666666668,3855.27,488.38,12,2017,48,Chairs
2017-12-10,23,2892.7400000000002,498.62999999999994,0.13333333333333333,13.0,23.0,18.0,2712.59,295.77,12,2017,49,Chairs
2017-12-17,7,618.79,90.75,0.1,23.0,13.0,19.666666666666668,2892.7400000000002,498.62999999999994,12,2017,50,Chairs
2017-12-24,27,4217.610000000001,801.76,0.06666666666666667,7.0,23.0,14.333333333333334,618.79,90.75,12,2017,51,Chairs
2017-12-31,29,2919.66,473.47,0.09999999999999999,27.0,7.0,19.0,4217.610000000001,801.76,12,2017,52,Chairs
2014-02-09,2,11.36,5.34,0.0,0.0,3.0,4.333333333333333,0.0,0.0,2,2014,6,Envelopes
2014-02-16,6,12.77,4.63,0.2,2.0,0.0,1.6666666666666667,11.36,5.34,2,2014,7,Envelopes
2014-02-23,0,0.0,0.0,0.0,6.0,2.0,2.6666666666666665,12.77,4.63,2,2014,8,Envelopes
2014-03-02,0,0.0,0.0,0.0,0.0,6.0,2.6666666666666665,0.0,0.0,3,2014,9,Envelopes
2014-03-09,4,26.439999999999998,13.07,0.0,0.0,0.0,2.0,0.0,0.0,3,2014,10,Envelopes
2014-03-16,5,14.48,4.89,0.2,4.0,0.0,1.3333333333333333,26.439999999999998,13.07,3,2014,11,Envelopes
2014-03-23,0,0.0,0.0,0.0,5.0,4.0,3.0,14.48,4.89,3,2014,12,Envelopes
2014-03-30,8,341.84000000000003,116.19,0.1,0.0,5.0,3.0,0.0,0.0,3,2014,13,Envelopes
2014-04-06,0,0.0,0.0,0.0,8.0,0.0,4.333333333333333,341.84000000000003,116.19,4,2014,14,Envelopes
2014-04-13,0,0.0,0.0,0.0,0.0,8.0,2.6666666666666665,0.0,0.0,4,2014,15,Envelopes
2014-04-20,3,149.35,50.41,0.2,0.0,0.0,2.6666666666666665,0.0,0.0,4,2014,16,Envelopes
2014-04-27,8,247.84,121.44,0.0,3.0,0.0,1.0,149.35,50.41,4,2014,17,Envelopes
2014-05-04,0,0.0,0.0,0.0,8.0,3.0,3.6666666666666665,247.84,121.44,5,2014,18,Envelopes
2014-05-11,0,0.0,0.0,0.0,0.0,8.0,3.6666666666666665,0.0,0.0,5,2014,19,Envelopes
2014-05-18,7,348.49,117.61,0.2,0.0,0.0,2.6666666666666665,0.0,0.0,5,2014,20,Envelopes
2014-05-25,6,56.06,21.02,0.2,7.0,0.0,2.3333333333333335,348.49,117.61,5,2014,21,Envelopes
2014-06-01,0,0.0,0.0,0.0,6.0,7.0,4.333333333333333,56.06,21.02,6,2014,22,Envelopes
2014-06-08,2,13.98,4.72,0.2,0.0,6.0,4.333333333333333,0.0,0.0,6,2014,23,Envelopes
2014-06-15,0,0.0,0.0,0.0,2.0,0.0,2.6666666666666665,13.98,4.72,6,2014,24,Envelopes
2014-06-22,9,66.3,27.86,0.1,0.0,2.0,0.6666666666666666,0.0,0.0,6,2014,25,Envelopes
2014-06-29,0,0.0,0.0,0.0,9.0,0.0,3.6666666666666665,66.3,27.86,6,2014,26,Envelopes
2014-07-06,0,0.0,0.0,0.0,0.0,9.0,3.0,0.0,0.0,7,2014,27,Envelopes
2014-07-13,0,0.0,0.0,0.0,0.0,0.0,3.0,0.0,0.0,7,2014,28,Envelopes
2014-07-20,0,0.0,0.0,0.0,0.0,0.0,0.0,0.0,0.0,7,2014,29,Envelopes
2014-07-27,5,87.92,29.67,0.2,0.0,0.0,0.0,0.0,0.0,7,2014,30,Envelopes
2014-08-03,7,48.94,16.52,0.2,5.0,0.0,1.6666666666666667,87.92,29.67,8,2014,31,Envelopes
2014-08-10,3,38.34,17.25,0.0,7.0,5.0,4.0,48.94,16.52,8,2014,32,Envelopes
2014-08-17,0,0.0,0.0,0.0,3.0,7.0,5.0,38.34,17.25,8,2014,33,Envelopes
2014-08-24,0,0.0,0.0,0.0,0.0,3.0,3.3333333333333335,0.0,0.0,8,2014,34,Envelopes
2014-08-31,10,164.99,56.49,0.20000000000000004,0.0,0.0,1.0,0.0,0.0,8,2014,35,Envelopes
2014-09-07,0,0.0,0.0,0.0,10.0,0.0,3.3333333333333335,164.99,56.49,9,2014,36,Envelopes
2014-09-14,6,41.74,14.68,0.1,0.0,10.0,3.3333333333333335,0.0,0.0,9,2014,37,Envelopes
2014-09-21,10,276.85,130.11,0.0,6.0,0.0,5.333333333333333,41.74,14.68,9,2014,38,Envelopes
2014-09-28,2,3.26,1.1,0.2,10.0,6.0,5.333333333333333,276.85,130.11,9,2014,39,Envelopes
2014-10-05,3,158.13,77.48,0.0,2.0,10.0,6.0,3.26,1.1,10,2014,40,Envelopes
2014-10-12,9,37.01,15.09,0.1,3.0,2.0,5.0,158.13,77.48,10,2014,41,Envelopes
2014-10-19,11,88.91,37.16,0.1,9.0,3.0,4.666666666666667,37.01,15.09,10,2014,42,Envelopes
2014-10-26,0,0.0,0.0,0.0,11.0,9.0,7.666666666666667,88.91,37.16,10,2014,43,Envelopes
2014-11-02,0,0.0,0.0,0.0,0.0,11.0,6.666666666666667,0.0,0.0,11,2014,44,Envelopes
2014-11-09,0,0.0,0.0,0.0,0.0,0.0,3.6666666666666665,0.0,0.0,11,2014,45,Envelopes
2014-11-16,18,892.0799999999999,312.61,0.1,0.0,0.0,0.0,0.0,0.0,11,2014,46,Envelopes
2014-11-23,21,179.16,74.17,0.1,18.0,0.0,6.0,892.0799999999999,312.61,11,2014,47,Envelopes
2014-11-30,10,126.3,58.72,0.0,21.0,18.0,13.0,179.16,74.17,11,2014,48,Envelopes
2014-12-07,0,0.0,0.0,0.0,10.0,21.0,16.333333333333332,126.3,58.72,12,2014,49,Envelopes
2014-12-14,3,23.47,7.63,0.2,0.0,10.0,10.333333333333334,0.0,0.0,12,2014,50,Envelopes
2014-12-21,0,0.0,0.0,0.0,3.0,0.0,4.333333333333333,23.47,7.63,12,2014,51,Envelopes
2014-12-28,0,0.0,0.0,0.0,0.0,3.0,1.0,0.0,0.0,12,2014,52,Envelopes
2015-01-04,5,62.55,22.68,0.2,0.0,0.0,1.0,0.0,0.0,1,2015,1,Envelopes
2015-01-11,0,0.0,0.0,0.0,5.0,0.0,1.6666666666666667,62.55,22.68,1,2015,2,Envelopes
2015-01-18,0,0.0,0.0,0.0,0.0,5.0,1.6666666666666667,0.0,0.0,1,2015,3,Envelopes
2015-01-25,0,0.0,0.0,0.0,0.0,0.0,1.6666666666666667,0.0,0.0,1,2015,4,Envelopes
2015-02-01,0,0.0,0.0,0.0,0.0,0.0,0.0,0.0,0.0,2,2015,5,Envelopes
2015-02-08,6,101.88,50.94,0.0,0.0,0.0,0.0,0.0,0.0,2,2015,6,Envelopes
2015-02-15,0,0.0,0.0,0.0,6.0,0.0,2.0,101.88,50.94,2,2015,7,Envelopes
2015-02-22,0,0.0,0.0,0.0,0.0,6.0,2.0,0.0,0.0,2,2015,8,Envelopes
2015-03-01,0,0.0,0.0,0.0,0.0,0.0,2.0,0.0,0.0,3,2015,9,Envelopes
2015-03-08,9,74.52,35.02,0.0,0.0,0.0,0.0,0.0,0.0,3,2015,10,Envelopes
2015-03-15,15,260.09999999999997,84.65,0.20000000000000004,9.0,0.0,3.0,74.52,35.02,3,2015,11,Envelopes
2015-03-22,3,31.369999999999997,15.39,0.0,15.0,9.0,8.0,260.09999999999997,84.65,3,2015,12,Envelopes
2015-03-29,3,22.92,11.23,0.0,3.0,15.0,9.0,31.369999999999997,15.39,3,2015,13,Envelopes
2015-04-05,0,0.0,0.0,0.0,3.0,3.0,7.0,22.92,11.23,4,2015,14,Envelopes
2015-04-12,8,304.65999999999997,138.43,0.0,0.0,3.0,2.0,0.0,0.0,4,2015,15,Envelopes
2015-04-19,0,0.0,0.0,0.0,8.0,0.0,3.6666666666666665,304.65999999999997,138.43,4,2015,16,Envelopes
2015-04-26,4,202.3,91.25,0.0,0.0,8.0,2.6666666666666665,0.0,0.0,4,2015,17,Envelopes
2015-05-03,5,46.82,22.89,0.0,4.0,0.0,4.0,202.3,91.25,5,2015,18,Envelopes
2015-05-10,0,0.0,0.0,0.0,5.0,4.0,3.0,46.82,22.89,5,2015,19,Envelopes
2015-05-17,12,231.14,76.03,0.13333333333333333,0.0,5.0,3.0,0.0,0.0,5,2015,20,Envelopes
2015-05-24,3,186.69,87.74,0.0,12.0,0.0,5.666666666666667,231.14,76.03,5,2015,21,Envelopes
2015-05-31,2,12.22,4.43,0.2,3.0,12.0,5.0,186.69,87.74,5,2015,22,Envelopes
2015-06-07,0,0.0,0.0,0.0,2.0,3.0,5.666666666666667,12.22,4.43,6,2015,23,Envelopes
2015-06-14,3,7.08,2.48,0.2,0.0,2.0,1.6666666666666667,0.0,0.0,6,2015,24,Envelopes
2015-06-21,8,221.65,99.25,0.13333333333333333,3.0,0.0,1.6666666666666667,7.08,2.48,6,2015,25,Envelopes
2015-06-28,0,0.0,0.0,0.0,8.0,3.0,3.6666666666666665,221.65,99.25,6,2015,26,Envelopes
2015-07-05,5,311.15,146.24,0.0,0.0,8.0,3.6666666666666665,0.0,0.0,7,2015,27,Envelopes
2015-07-12,2,24.4,7.93,0.2,5.0,0.0,4.333333333333333,311.15,146.24,7,2015,28,Envelopes
2015-07-19,9,137.25,63.14,0.0,2.0,5.0,2.3333333333333335,24.4,7.93,7,2015,29,Envelopes
2015-07-26,18,373.07,177.23,0.0,9.0,2.0,5.333333333333333,137.25,63.14,7,2015,30,Envelopes
2015-08-02,0,0.0,0.0,0.0,18.0,9.0,9.666666666666666,373.07,177.23,8,2015,31,Envelopes
2015-08-09,0,0.0,0.0,0.0,0.0,18.0,9.0,0.0,0.0,8,2015,32,Envelopes
2015-08-16,0,0.0,0.0,0.0,0.0,0.0,6.0,0.0,0.0,8,2015,33,Envelopes
2015-08-23,0,0.0,0.0,0.0,0.0,0.0,0.0,0.0,0.0,8,2015,34,Envelopes
2015-08-30,0,0.0,0.0,0.0,0.0,0.0,0.0,0.0,0.0,8,2015,35,Envelopes
2015-09-06,0,0.0,0.0,0.0,0.0,0.0,0.0,0.0,0.0,9,2015,36,Envelopes
2015-09-13,11,92.0,42.49,0.06666666666666667,0.0,0.0,0.0,0.0,0.0,9,2015,37,Envelopes
2015-09-20,6,34.38,15.73,0.1,11.0,0.0,3.6666666666666665,92.0,42.49,9,2015,38,Envelopes
2015-09-27,9,319.71999999999997,147.57,0.04,6.0,11.0,5.666666666666667,34.38,15.73,9,2015,39,Envelopes
2015-10-04,1,12.54,4.23,0.2,9.0,6.0,8.666666666666666,319.71999999999997,147.57,10,2015,40,Envelopes
2015-10-11,0,0.0,0.0,0.0,1.0,9.0,5.333333333333333,12.54,4.23,10,2015,41,Envelopes
2015-10-18,1,4.46,1.67,0.2,0.0,1.0,3.3333333333333335,0.0,0.0,10,2015,42,Envelopes
2015-10-25,4,11.8,5.66,0.0,1.0,0.0,0.6666666666666666,4.46,1.67,10,2015,43,Envelopes
2015-11-01,19,330.5,157.99,0.0,4.0,1.0,1.6666666666666667,11.8,5.66,11,2015,44,Envelopes
2015-11-08,0,0.0,0.0,0.0,19.0,4.0,8.0,330.5,157.99,11,2015,45,Envelopes
2015-11-15,2,33.96,16.98,0.0,0.0,19.0,7.666666666666667,0.0,0.0,11,2015,46,Envelopes
2015-11-22,0,0.0,0.0,0.0,2.0,0.0,7.0,33.96,16.98,11,2015,47,Envelopes
2015-11-29,10,78.8,37.03,0.0,0.0,2.0,0.6666666666666666,0.0,0.0,11,2015,48,Envelopes
2015-12-06,7,98.05,43.5,0.06666666666666667,10.0,0.0,4.0,78.8,37.03,12,2015,49,Envelopes
2015-12-13,14,282.15,97.5,0.05,7.0,10.0,5.666666666666667,98.05,43.5,12,2015,50,Envelopes
2015-12-20,9,63.86,21.65,0.2,14.0,7.0,10.333333333333334,282.15,97.5,12,2015,51,Envelopes
2015-12-27,16,265.93,103.00999999999999,0.15000000000000002,9.0,14.0,10.0,63.86,21.65,12,2015,52,Envelopes
2016-01-03,0,0.0,0.0,0.0,16.0,9.0,13.0,265.93,103.00999999999999,1,2016,53,Envelopes
2016-01-10,3,34.66,16.689999999999998,0.0,0.0,16.0,8.333333333333334,0.0,0.0,1,2016,1,Envelopes
2016-01-17,9,91.78,43.43,0.0,3.0,0.0,6.333333333333333,34.66,16.689999999999998,1,2016,2,Envelopes
2016-01-24,0,0.0,0.0,0.0,9.0,3.0,4.0,91.78,43.43,1,2016,3,Envelopes
2016-01-31,10,148.72,70.6,0.0,0.0,9.0,4.0,0.0,0.0,1,2016,4,Envelopes
2016-02-07,0,0.0,0.0,0.0,10.0,0.0,6.333333333333333,148.72,70.6,2,2016,5,Envelopes
2016-02-14,3,65.94,30.99,0.0,0.0,10.0,3.3333333333333335,0.0,0.0,2,2016,6,Envelopes
2016-02-21,0,0.0,0.0,0.0,3.0,0.0,4.333333333333333,65.94,30.99,2,2016,7,Envelopes
2016-02-28,8,104.3,39.11,0.2,0.0,3.0,1.0,0.0,0.0,2,2016,8,Envelopes
2016-03-06,3,36.6,11.9,0.2,8.0,0.0,3.6666666666666665,104.3,39.11,3,2016,9,Envelopes
2016-03-13,5,97.19000000000001,43.41,0.1,3.0,8.0,3.6666666666666665,36.6,11.9,3,2016,10,Envelopes
2016-03-20,5,199.9,89.96,0.0,5.0,3.0,5.333333333333333,97.19000000000001,43.41,3,2016,11,Envelopes
2016-03-27,0,0.0,0.0,0.0,5.0,5.0,4.333333333333333,199.9,89.96,3,2016,12,Envelopes
2016-04-03,0,0.0,0.0,0.0,0.0,5.0,3.3333333333333335,0.0,0.0,4,2016,13,Envelopes
2016-04-10,11,120.27,47.86,0.06666666666666667,0.0,0.0,1.6666666666666667,0.0,0.0,4,2016,14,Envelopes
2016-04-17,3,6.12,2.88,0.0,11.0,0.0,3.6666666666666665,120.27,47.86,4,2016,15,Envelopes
2016-04-24,3,71.97,35.99,0.0,3.0,11.0,4.666666666666667,6.12,2.88,4,2016,16,Envelopes
2016-05-01,0,0.0,0.0,0.0,3.0,3.0,5.666666666666667,71.97,35.99,5,2016,17,Envelopes
2016-05-08,5,317.31,129.35,0.1,0.0,3.0,2.0,0.0,0.0,5,2016,18,Envelopes
2016-05-15,13,291.28999999999996,136.66,0.06666666666666667,5.0,0.0,2.6666666666666665,317.31,129.35,5,2016,19,Envelopes
2016-05-22,6,26.88,12.9,0.0,13.0,5.0,6.0,291.28999999999996,136.66,5,2016,20,Envelopes
2016-05-29,0,0.0,0.0,0.0,6.0,13.0,8.0,26.88,12.9,5,2016,21,Envelopes
2016-06-05,9,26.55,12.74,0.0,0.0,6.0,6.333333333333333,0.0,0.0,6,2016,22,Envelopes
2016-06-12,4,131.84,46.14,0.1,9.0,0.0,5.0,26.55,12.74,6,2016,23,Envelopes
2016-06-19,0,0.0,0.0,0.0,4.0,9.0,4.333333333333333,131.84,46.14,6,2016,24,Envelopes
2016-06-26,0,0.0,0.0,0.0,0.0,4.0,4.333333333333333,0.0,0.0,6,2016,25,Envelopes
2016-07-03,0,0.0,0.0,0.0,0.0,0.0,1.3333333333333333,0.0,0.0,7,2016,26,Envelopes
2016-07-10,0,0.0,0.0,0.0,0.0,0.0,0.0,0.0,0.0,7,2016,27,Envelopes
2016-07-17,5,10.2,4.79,0.0,0.0,0.0,0.0,0.0,0.0,7,2016,28,Envelopes
2016-07-24,5,419.9,197.35,0.0,5.0,0.0,1.6666666666666667,10.2,4.79,7,2016,29,Envelopes
2016-07-31,1,20.94,7.07,0.2,5.0,5.0,3.3333333333333335,419.9,197.35,7,2016,30,Envelopes
2016-08-07,10,181.4,65.01,0.1,1.0,5.0,3.6666666666666665,20.94,7.07,8,2016,31,Envelopes
2016-08-14,0,0.0,0.0,0.0,10.0,1.0,5.333333333333333,181.4,65.01,8,2016,32,Envelopes
2016-08-21,3,10.86,5.1,0.0,0.0,10.0,3.6666666666666665,0.0,0.0,8,2016,33,Envelopes
2016-08-28,7,270.19,109.19,0.1,3.0,0.0,4.333333333333333,10.86,5.1,8,2016,34,Envelopes
2016-09-04,0,0.0,0.0,0.0,7.0,3.0,3.3333333333333335,270.19,109.19,9,2016,35,Envelopes
2016-09-11,1,9.34,3.5,0.2,0.0,7.0,3.3333333333333335,0.0,0.0,9,2016,36,Envelopes
2016-09-18,0,0.0,0.0,0.0,1.0,0.0,2.6666666666666665,9.34,3.5,9,2016,37,Envelopes
2016-09-25,9,372.95,165.21,0.06666666666666667,0.0,1.0,0.3333333333333333,0.0,0.0,9,2016,38,Envelopes
2016-10-02,2,8.93,3.35,0.2,9.0,0.0,3.3333333333333335,372.95,165.21,10,2016,39,Envelopes
2016-10-09,2,7.07,2.39,0.2,2.0,9.0,3.6666666666666665,8.93,3.35,10,2016,40,Envelopes
2016-10-16,14,463.47,208.59000000000003,0.06666666666666667,2.0,2.0,4.333333333333333,7.07,2.39,10,2016,41,Envelopes
2016-10-23,0,0.0,0.0,0.0,14.0,2.0,6.0,463.47,208.59000000000003,10,2016,42,Envelopes
2016-10-30,0,0.0,0.0,0.0,0.0,14.0,5.333333333333333,0.0,0.0,10,2016,43,Envelopes
2016-11-06,0,0.0,0.0,0.0,0.0,0.0,4.666666666666667,0.0,0.0,11,2016,44,Envelopes
2016-11-13,3,110.66,39.03,0.1,0.0,0.0,0.0,0.0,0.0,11,2016,45,Envelopes
2016-11-20,8,69.37,27.18,0.1,3.0,0.0,1.0,110.66,39.03,11,2016,46,Envelopes
2016-11-27,3,40.75,15.28,0.2,8.0,3.0,3.6666666666666665,69.37,27.18,11,2016,47,Envelopes
2016-12-04,12,123.8,57.230000000000004,0.0,3.0,8.0,4.666666666666667,40.75,15.28,12,2016,48,Envelopes
2016-12-11,22,457.43999999999994,208.04,0.0,12.0,3.0,7.666666666666667,123.8,57.230000000000004,12,2016,49,Envelopes
2016-12-18,0,0.0,0.0,0.0,22.0,12.0,12.333333333333334,457.43999999999994,208.04,12,2016,50,Envelopes
2016-12-25,9,101.72,49.05,0.0,0.0,22.0,11.333333333333334,0.0,0.0,12,2016,51,Envelopes
2017-01-01,3,27.79,10.42,0.2,9.0,0.0,10.333333333333334,101.72,49.05,1,2017,52,Envelopes
2017-01-08,5,28.4,13.35,0.0,3.0,9.0,4.0,27.79,10.42,1,2017,1,Envelopes
2017-01-15,6,126.42,42.67,0.2,5.0,3.0,5.666666666666667,28.4,13.35,1,2017,2,Envelopes
2017-01-22,5,270.62,91.6,0.1,6.0,5.0,4.666666666666667,126.42,42.67,1,2017,3,Envelopes
2017-01-29,0,0.0,0.0,0.0,5.0,6.0,5.333333333333333,270.62,91.6,1,2017,4,Envelopes
2017-02-05,7,57.96,27.24,0.0,0.0,5.0,3.6666666666666665,0.0,0.0,2,2017,5,Envelopes
2017-02-12,17,134.68,59.7,0.1,7.0,0.0,4.0,57.96,27.24,2,2017,6,Envelopes
2017-02-19,0,0.0,0.0,0.0,17.0,7.0,8.0,134.68,59.7,2,2017,7,Envelopes
2017-02-26,5,10.64,3.86,0.2,0.0,17.0,8.0,0.0,0.0,2,2017,8,Envelopes
2017-03-05,0,0.0,0.0,0.0,5.0,0.0,7.333333333333333,10.64,3.86,3,2017,9,Envelopes
2017-03-12,4,24.45,8.86,0.2,0.0,5.0,1.6666666666666667,0.0,0.0,3,2017,10,Envelopes
2017-03-19,0,0.0,0.0,0.0,4.0,0.0,3.0,24.45,8.86,3,2017,11,Envelopes
2017-03-26,6,55.87,24.97,0.1,0.0,4.0,1.3333333333333333,0.0,0.0,3,2017,12,Envelopes
2017-04-02,2,325.86,149.9,0.0,6.0,0.0,3.3333333333333335,55.87,24.97,4,2017,13,Envelopes
2017-04-09,3,41.01,18.69,0.06666666666666667,2.0,6.0,2.6666666666666665,325.86,149.9,4,2017,14,Envelopes
2017-04-16,0,0.0,0.0,0.0,3.0,2.0,3.6666666666666665,41.01,18.69,4,2017,15,Envelopes
2017-04-23,0,0.0,0.0,0.0,0.0,3.0,1.6666666666666667,0.0,0.0,4,2017,16,Envelopes
2017-04-30,8,93.52,43.3,0.0,0.0,0.0,1.0,0.0,0.0,4,2017,17,Envelopes
2017-05-07,15,87.08,38.64,0.06666666666666667,8.0,0.0,2.6666666666666665,93.52,43.3,5,2017,18,Envelopes
2017-05-14,11,229.65,105.29,0.0,15.0,8.0,7.666666666666667,87.08,38.64,5,2017,19,Envelopes
2017-05-21,0,0.0,0.0,0.0,11.0,15.0,11.333333333333334,229.65,105.29,5,2017,20,Envelopes
2017-05-28,0,0.0,0.0,0.0,0.0,11.0,8.666666666666666,0.0,0.0,5,2017,21,Envelopes
2017-06-04,0,0.0,0.0,0.0,0.0,0.0,3.6666666666666665,0.0,0.0,6,2017,22,Envelopes
2017-06-11,2,15.28,7.49,0.0,0.0,0.0,0.0,0.0,0.0,6,2017,23,Envelopes
2017-06-18,0,0.0,0.0,0.0,2.0,0.0,0.6666666666666666,15.28,7.49,6,2017,24,Envelopes
2017-06-25,3,37.61,12.69,0.2,0.0,2.0,0.6666666666666666,0.0,0.0,6,2017,25,Envelopes
2017-07-02,0,0.0,0.0,0.0,3.0,0.0,1.6666666666666667,37.61,12.69,7,2017,26,Envelopes
2017-07-09,3,4.9,1.65,0.2,0.0,3.0,1.0,0.0,0.0,7,2017,27,Envelopes
2017-07-16,0,0.0,0.0,0.0,3.0,0.0,2.0,4.9,1.65,7,2017,28,Envelopes
2017-07-23,0,0.0,0.0,0.0,0.0,3.0,1.0,0.0,0.0,7,2017,29,Envelopes
2017-07-30,0,0.0,0.0,0.0,0.0,0.0,1.0,0.0,0.0,7,2017,30,Envelopes
2017-08-06,0,0.0,0.0,0.0,0.0,0.0,0.0,0.0,0.0,8,2017,31,Envelopes
2017-08-13,5,14.76,4.8,0.2,0.0,0.0,0.0,0.0,0.0,8,2017,32,Envelopes
2017-08-20,0,0.0,0.0,0.0,5.0,0.0,1.6666666666666667,14.76,4.8,8,2017,33,Envelopes
2017-08-27,3,18.18,8.47,0.1,0.0,5.0,1.6666666666666667,0.0,0.0,8,2017,34,Envelopes
2017-09-03,0,0.0,0.0,0.0,3.0,0.0,2.6666666666666665,18.18,8.47,9,2017,35,Envelopes
2017-09-10,5,82.71000000000001,30.240000000000002,0.1,0.0,3.0,1.0,0.0,0.0,9,2017,36,Envelopes
2017-09-17,5,75.15,27.96,0.2,5.0,0.0,2.6666666666666665,82.71000000000001,30.240000000000002,9,2017,37,Envelopes
2017-09-24,13,153.45,51.21,0.15000000000000002,5.0,5.0,3.3333333333333335,75.15,27.96,9,2017,38,Envelopes
2017-10-01,20,155.62,66.24000000000001,0.08,13.0,5.0,7.666666666666667,153.45,51.21,10,2017,39,Envelopes
2017-10-08,6,70.08,35.04,0.0,20.0,13.0,12.666666666666666,155.62,66.24000000000001,10,2017,40,Envelopes
2017-10-15,3,10.86,5.1,0.0,6.0,20.0,13.0,70.08,35.04,10,2017,41,Envelopes
2017-10-22,9,95.58,39.85,0.1,3.0,6.0,9.666666666666666,10.86,5.1,10,2017,42,Envelopes
2017-10-29,11,315.4,142.73999999999998,0.06666666666666667,9.0,3.0,6.0,95.58,39.85,10,2017,43,Envelopes
2017-11-05,3,9.91,3.22,0.2,11.0,9.0,7.666666666666667,315.4,142.73999999999998,11,2017,44,Envelopes
2017-11-12,3,29.46,14.36,0.0,3.0,11.0,7.666666666666667,9.91,3.22,11,2017,45,Envelopes
2017-11-19,11,87.6,36.7,0.06666666666666667,3.0,3.0,5.666666666666667,29.46,14.36,11,2017,46,Envelopes
2017-11-26,9,232.81,103.25999999999999,0.1,11.0,3.0,5.666666666666667,87.6,36.7,11,2017,47,Envelopes
2017-12-03,3,89.74,40.87,0.0,9.0,11.0,7.666666666666667,232.81,103.25999999999999,12,2017,48,Envelopes
2017-12-10,0,0.0,0.0,0.0,3.0,9.0,7.666666666666667,89.74,40.87,12,2017,49,Envelopes
2017-12-17,2,12.22,4.43,0.2,0.0,3.0,4.0,0.0,0.0,12,2017,50,Envelopes
2017-12-24,4,190.76,88.91000000000001,0.1,2.0,0.0,1.6666666666666667,12.22,4.43,12,2017,51,Envelopes
2014-01-26,3,5.94,0.0,0.0,0.0,8.0,4.333333333333333,0.0,0.0,1,2014,4,Fasteners
2014-02-02,5,12.35,5.8,0.0,3.0,0.0,3.6666666666666665,5.94,0.0,2,2014,5,Fasteners
2014-02-09,0,0.0,0.0,0.0,5.0,3.0,2.6666666666666665,12.35,5.8,2,2014,6,Fasteners
2014-02-16,2,4.67,1.46,0.2,0.0,5.0,2.6666666666666665,0.0,0.0,2,2014,7,Fasteners
2014-02-23,0,0.0,0.0,0.0,2.0,0.0,2.3333333333333335,4.67,1.46,2,2014,8,Fasteners
2014-03-02,0,0.0,0.0,0.0,0.0,2.0,0.6666666666666666,0.0,0.0,3,2014,9,Fasteners
2014-03-09,0,0.0,0.0,0.0,0.0,0.0,0.6666666666666666,0.0,0.0,3,2014,10,Fasteners
2014-03-16,7,19.41,-2.9,0.2,0.0,0.0,0.0,0.0,0.0,3,2014,11,Fasteners
2014-03-23,3,18.94,5.92,0.2,7.0,0.0,2.3333333333333335,19.41,-2.9,3,2014,12,Fasteners
2014-03-30,0,0.0,0.0,0.0,3.0,7.0,3.3333333333333335,18.94,5.92,3,2014,13,Fasteners
2014-04-06,6,5.47,1.85,0.2,0.0,3.0,3.3333333333333335,0.0,0.0,4,2014,14,Fasteners
2014-04-13,16,39.37,12.790000000000001,0.2,6.0,0.0,3.0,5.47,1.85,4,2014,15,Fasteners
2014-04-20,2,11.62,3.6,0.0,16.0,6.0,7.333333333333333,39.37,12.790000000000001,4,2014,16,Fasteners
2014-04-27,0,0.0,0.0,0.0,2.0,16.0,8.0,11.62,3.6,4,2014,17,Fasteners
2014-05-04,0,0.0,0.0,0.0,0.0,2.0,6.0,0.0,0.0,5,2014,18,Fasteners
2014-05-11,0,0.0,0.0,0.0,0.0,0.0,0.6666666666666666,0.0,0.0,5,2014,19,Fasteners
2014-05-18,5,22.1,9.6,0.1,0.0,0.0,0.0,0.0,0.0,5,2014,20,Fasteners
2014-05-25,0,0.0,0.0,0.0,5.0,0.0,1.6666666666666667,22.1,9.6,5,2014,21,Fasteners
2014-06-01,4,31.12,0.31,0.0,0.0,5.0,1.6666666666666667,0.0,0.0,6,2014,22,Fasteners
2014-06-08,0,0.0,0.0,0.0,4.0,0.0,3.0,31.12,0.31,6,2014,23,Fasteners
2014-06-15,0,0.0,0.0,0.0,0.0,4.0,1.3333333333333333,0.0,0.0,6,2014,24,Fasteners
2014-06-22,5,17.9,8.95,0.0,0.0,0.0,1.3333333333333333,0.0,0.0,6,2014,25,Fasteners
2014-06-29,1,6.08,3.04,0.0,5.0,0.0,1.6666666666666667,17.9,8.95,6,2014,26,Fasteners
2014-07-06,6,21.31,7.19,0.2,1.0,5.0,2.0,6.08,3.04,7,2014,27,Fasteners
2014-07-13,9,19.08,6.95,0.1,6.0,1.0,4.0,21.31,7.19,7,2014,28,Fasteners
2014-07-20,3,6.54,2.68,0.0,9.0,6.0,5.333333333333333,19.08,6.95,7,2014,29,Fasteners
2014-07-27,0,0.0,0.0,0.0,3.0,9.0,6.0,6.54,2.68,7,2014,30,Fasteners
2014-08-03,5,14.32,5.19,0.2,0.0,3.0,4.0,0.0,0.0,8,2014,31,Fasteners
2014-08-10,21,101.17999999999999,12.570000000000002,0.1,5.0,0.0,2.6666666666666665,14.32,5.19,8,2014,32,Fasteners
2014-08-17,7,12.67,4.56,0.0,21.0,5.0,8.666666666666666,101.17999999999999,12.570000000000002,8,2014,33,Fasteners
2014-08-24,0,0.0,0.0,0.0,7.0,21.0,11.0,12.67,4.56,8,2014,34,Fasteners
2014-08-31,14,40.1,14.53,0.2,0.0,7.0,9.333333333333334,0.0,0.0,8,2014,35,Fasteners
2014-09-07,0,0.0,0.0,0.0,14.0,0.0,7.0,40.1,14.53,9,2014,36,Fasteners
2014-09-14,7,10.51,-2.31,0.2,0.0,14.0,4.666666666666667,0.0,0.0,9,2014,37,Fasteners
2014-09-21,5,12.83,3.69,0.0,7.0,0.0,7.0,10.51,-2.31,9,2014,38,Fasteners
2014-09-28,0,0.0,0.0,0.0,5.0,7.0,4.0,12.83,3.69,9,2014,39,Fasteners
2014-10-05,4,8.72,2.88,0.0,0.0,5.0,4.0,0.0,0.0,10,2014,40,Fasteners
2014-10-12,0,0.0,0.0,0.0,4.0,0.0,3.0,8.72,2.88,10,2014,41,Fasteners
2014-10-19,0,0.0,0.0,0.0,0.0,4.0,1.3333333333333333,0.0,0.0,10,2014,42,Fasteners
2014-10-26,3,11.85,3.79,0.0,0.0,0.0,1.3333333333333333,0.0,0.0,10,2014,43,Fasteners
2014-11-02,3,11.34,5.22,0.0,3.0,0.0,1.0,11.85,3.79,11,2014,44,Fasteners
2014-11-09,9,17.37,4.03,0.2,3.0,3.0,2.0,11.34,5.22,11,2014,45,Fasteners
2014-11-16,0,0.0,0.0,0.0,9.0,3.0,5.0,17.37,4.03,11,2014,46,Fasteners
2014-11-23,0,0.0,0.0,0.0,0.0,9.0,4.0,0.0,0.0,11,2014,47,Fasteners
2014-11-30,9,46.78,20.47,0.06666666666666667,0.0,0.0,3.0,0.0,0.0,11,2014,48,Fasteners
2014-12-07,2,3.49,0.57,0.2,9.0,0.0,3.0,46.78,20.47,12,2014,49,Fasteners
2014-12-14,0,0.0,0.0,0.0,2.0,9.0,3.6666666666666665,3.49,0.57,12,2014,50,Fasteners
2014-12-21,7,24.53,9.459999999999999,0.1,0.0,2.0,3.6666666666666665,0.0,0.0,12,2014,51,Fasteners
2014-12-28,6,35.410000000000004,12.920000000000002,0.1,7.0,0.0,3.0,24.53,9.459999999999999,12,2014,52,Fasteners
2015-01-04,0,0.0,0.0,0.0,6.0,7.0,4.333333333333333,35.410000000000004,12.920000000000002,1,2015,1,Fasteners
2015-01-11,2,3.17,-0.71,0.2,0.0,6.0,4.333333333333333,0.0,0.0,1,2015,2,Fasteners
2015-01-18,0,0.0,0.0,0.0,2.0,0.0,2.6666666666666665,3.17,-0.71,1,2015,3,Fasteners
2015-01-25,0,0.0,0.0,0.0,0.0,2.0,0.6666666666666666,0.0,0.0,1,2015,4,Fasteners
2015-02-01,0,0.0,0.0,0.0,0.0,0.0,0.6666666666666666,0.0,0.0,2,2015,5,Fasteners
2015-02-08,0,0.0,0.0,0.0,0.0,0.0,0.0,0.0,0.0,2,2015,6,Fasteners
2015-02-15,0,0.0,0.0,0.0,0.0,0.0,0.0,0.0,0.0,2,2015,7,Fasteners
2015-02-22,0,0.0,0.0,0.0,0.0,0.0,0.0,0.0,0.0,2,2015,8,Fasteners
2015-03-01,0,0.0,0.0,0.0,0.0,0.0,0.0,0.0,0.0,3,2015,9,Fasteners
2015-03-08,0,0.0,0.0,0.0,0.0,0.0,0.0,0.0,0.0,3,2015,10,Fasteners
2015-03-15,0,0.0,0.0,0.0,0.0,0.0,0.0,0.0,0.0,3,2015,11,Fasteners
2015-03-22,14,29.759999999999998,9.73,0.1,0.0,0.0,0.0,0.0,0.0,3,2015,12,Fasteners
2015-03-29,4,31.56,14.2,0.0,14.0,0.0,4.666666666666667,29.759999999999998,9.73,3,2015,13,Fasteners
2015-04-05,2,5.84,2.63,0.0,4.0,14.0,6.0,31.56,14.2,4,2015,14,Fasteners
2015-04-12,0,0.0,0.0,0.0,2.0,4.0,6.666666666666667,5.84,2.63,4,2015,15,Fasteners
2015-04-19,12,24.45,2.12,0.20000000000000004,0.0,2.0,2.0,0.0,0.0,4,2015,16,Fasteners
2015-04-26,0,0.0,0.0,0.0,12.0,0.0,4.666666666666667,24.45,2.12,4,2015,17,Fasteners
2015-05-03,6,7.1,2.49,0.2,0.0,12.0,4.0,0.0,0.0,5,2015,18,Fasteners
2015-05-10,0,0.0,0.0,0.0,6.0,0.0,6.0,7.1,2.49,5,2015,19,Fasteners
2015-05-17,4,16.0,5.6,0.2,0.0,6.0,2.0,0.0,0.0,5,2015,20,Fasteners
2015-05-24,0,0.0,0.0,0.0,4.0,0.0,3.3333333333333335,16.0,5.6,5,2015,21,Fasteners
2015-05-31,11,15.599999999999998,3.21,0.1,0.0,4.0,1.3333333333333333,0.0,0.0,5,2015,22,Fasteners
2015-06-07,0,0.0,0.0,0.0,11.0,0.0,5.0,15.599999999999998,3.21,6,2015,23,Fasteners
2015-06-14,5,7.24,1.18,0.2,0.0,11.0,3.6666666666666665,0.0,0.0,6,2015,24,Fasteners
2015-06-21,0,0.0,0.0,0.0,5.0,0.0,5.333333333333333,7.24,1.18,6,2015,25,Fasteners
2015-06-28,7,10.39,4.12,0.0,0.0,5.0,1.6666666666666667,0.0,0.0,6,2015,26,Fasteners
2015-07-05,0,0.0,0.0,0.0,7.0,0.0,4.0,10.39,4.12,7,2015,27,Fasteners
2015-07-12,13,37.38,2.91,0.0,0.0,7.0,2.3333333333333335,0.0,0.0,7,2015,28,Fasteners
2015-07-19,8,25.95,8.84,0.1,13.0,0.0,6.666666666666667,37.38,2.91,7,2015,29,Fasteners
2015-07-26,2,9.42,0.47,0.0,8.0,13.0,7.0,25.95,8.84,7,2015,30,Fasteners
2015-08-02,1,5.81,1.8,0.0,2.0,8.0,7.666666666666667,9.42,0.47,8,2015,31,Fasteners
2015-08-09,0,0.0,0.0,0.0,1.0,2.0,3.6666666666666665,5.81,1.8,8,2015,32,Fasteners
2015-08-16,12,36.5,14.21,0.1,0.0,1.0,1.0,0.0,0.0,8,2015,33,Fasteners
2015-08-23,8,12.03,2.26,0.2,12.0,0.0,4.333333333333333,36.5,14.21,8,2015,34,Fasteners
2015-08-30,0,0.0,0.0,0.0,8.0,12.0,6.666666666666667,12.03,2.26,8,2015,35,Fasteners
2015-09-06,0,0.0,0.0,0.0,0.0,8.0,6.666666666666667,0.0,0.0,9,2015,36,Fasteners
2015-09-13,9,28.93,11.239999999999998,0.0,0.0,0.0,2.6666666666666665,0.0,0.0,9,2015,37,Fasteners
2015-09-20,0,0.0,0.0,0.0,9.0,0.0,3.0,28.93,11.239999999999998,9,2015,38,Fasteners
2015-09-27,5,42.339999999999996,18.720000000000002,0.0,0.0,9.0,3.0,0.0,0.0,9,2015,39,Fasteners
2015-10-04,3,4.51,0.85,0.2,5.0,0.0,4.666666666666667,42.339999999999996,18.720000000000002,10,2015,40,Fasteners
2015-10-11,0,0.0,0.0,0.0,3.0,5.0,2.6666666666666665,4.51,0.85,10,2015,41,Fasteners
2015-10-18,0,0.0,0.0,0.0,0.0,3.0,2.6666666666666665,0.0,0.0,10,2015,42,Fasteners
2015-10-25,0,0.0,0.0,0.0,0.0,0.0,1.0,0.0,0.0,10,2015,43,Fasteners
2015-11-01,0,0.0,0.0,0.0,0.0,0.0,0.0,0.0,0.0,11,2015,44,Fasteners
2015-11-08,0,0.0,0.0,0.0,0.0,0.0,0.0,0.0,0.0,11,2015,45,Fasteners
2015-11-15,0,0.0,0.0,0.0,0.0,0.0,0.0,0.0,0.0,11,2015,46,Fasteners
2015-11-22,6,55.1,18.6,0.2,0.0,0.0,0.0,0.0,0.0,11,2015,47,Fasteners
2015-11-29,2,3.01,0.56,0.2,6.0,0.0,2.0,55.1,18.6,11,2015,48,Fasteners
2015-12-06,7,10.58,-2.38,0.2,2.0,6.0,2.6666666666666665,3.01,0.56,12,2015,49,Fasteners
2015-12-13,3,9.1,4.2,0.0,7.0,2.0,5.0,10.58,-2.38,12,2015,50,Fasteners
2015-12-20,4,5.04,0.2,0.0,3.0,7.0,4.0,9.1,4.2,12,2015,51,Fasteners
2015-12-27,9,68.12,32.01,0.0,4.0,3.0,4.666666666666667,5.04,0.2,12,2015,52,Fasteners
2016-01-03,2,3.49,0.57,0.2,9.0,4.0,5.333333333333333,68.12,32.01,1,2016,53,Fasteners
2016-01-10,12,48.25,15.28,0.2,2.0,9.0,5.0,3.49,0.57,1,2016,1,Fasteners
2016-01-17,0,0.0,0.0,0.0,12.0,2.0,7.666666666666667,48.25,15.28,1,2016,2,Fasteners
2016-01-24,6,7.56,0.3,0.0,0.0,12.0,4.666666666666667,0.0,0.0,1,2016,3,Fasteners
2016-01-31,0,0.0,0.0,0.0,6.0,0.0,6.0,7.56,0.3,1,2016,4,Fasteners
2016-02-07,0,0.0,0.0,0.0,0.0,6.0,2.0,0.0,0.0,2,2016,5,Fasteners
2016-02-14,1,1.81,0.65,0.0,0.0,0.0,2.0,0.0,0.0,2,2016,6,Fasteners
2016-02-21,8,15.700000000000001,5.41,0.1,1.0,0.0,0.3333333333333333,1.81,0.65,2,2016,7,Fasteners
2016-02-28,9,47.129999999999995,23.25,0.0,8.0,1.0,3.0,15.700000000000001,5.41,2,2016,8,Fasteners
2016-03-06,1,2.3,0.78,0.2,9.0,8.0,6.0,47.129999999999995,23.25,3,2016,9,Fasteners
2016-03-13,13,39.22,14.719999999999999,0.0,1.0,9.0,6.0,2.3,0.78,3,2016,10,Fasteners
2016-03-20,0,0.0,0.0,0.0,13.0,1.0,7.666666666666667,39.22,14.719999999999999,3,2016,11,Fasteners
2016-03-27,0,0.0,0.0,0.0,0.0,13.0,4.666666666666667,0.0,0.0,3,2016,12,Fasteners
2016-04-03,0,0.0,0.0,0.0,0.0,0.0,4.333333333333333,0.0,0.0,4,2016,13,Fasteners
2016-04-10,0,0.0,0.0,0.0,0.0,0.0,0.0,0.0,0.0,4,2016,14,Fasteners
2016-04-17,13,47.83,17.18,0.06666666666666667,0.0,0.0,0.0,0.0,0.0,4,2016,15,Fasteners
2016-04-24,0,0.0,0.0,0.0,13.0,0.0,4.333333333333333,47.83,17.18,4,2016,16,Fasteners
2016-05-01,0,0.0,0.0,0.0,0.0,13.0,4.333333333333333,0.0,0.0,5,2016,17,Fasteners
2016-05-08,5,9.45,0.19,0.0,0.0,0.0,4.333333333333333,0.0,0.0,5,2016,18,Fasteners
2016-05-15,17,44.25,9.61,0.2,5.0,0.0,1.6666666666666667,9.45,0.19,5,2016,19,Fasteners
2016-05-22,3,7.9,2.47,0.2,17.0,5.0,7.333333333333333,44.25,9.61,5,2016,20,Fasteners
2016-05-29,3,5.94,0.0,0.0,3.0,17.0,8.333333333333334,7.9,2.47,5,2016,21,Fasteners
2016-06-05,2,7.22,1.71,0.2,3.0,3.0,7.666666666666667,5.94,0.0,6,2016,22,Fasteners
2016-06-12,7,13.86,0.0,0.0,2.0,3.0,2.6666666666666665,7.22,1.71,6,2016,23,Fasteners
2016-06-19,0,0.0,0.0,0.0,7.0,2.0,4.0,13.86,0.0,6,2016,24,Fasteners
2016-06-26,7,21.86,10.42,0.0,0.0,7.0,3.0,0.0,0.0,6,2016,25,Fasteners
2016-07-03,0,0.0,0.0,0.0,7.0,0.0,4.666666666666667,21.86,10.42,7,2016,26,Fasteners
2016-07-10,19,105.64,5.25,0.13333333333333333,0.0,7.0,2.3333333333333335,0.0,0.0,7,2016,27,Fasteners
2016-07-17,20,58.64,20.509999999999998,0.0,19.0,0.0,8.666666666666666,105.64,5.25,7,2016,28,Fasteners
2016-07-24,0,0.0,0.0,0.0,20.0,19.0,13.0,58.64,20.509999999999998,7,2016,29,Fasteners
2016-07-31,13,41.92,19.939999999999998,0.0,0.0,20.0,13.0,0.0,0.0,7,2016,30,Fasteners
2016-08-07,8,35.980000000000004,13.05,0.1,13.0,0.0,11.0,41.92,19.939999999999998,8,2016,31,Fasteners
2016-08-14,7,34.51,3.86,0.1,8.0,13.0,7.0,35.980000000000004,13.05,8,2016,32,Fasteners
2016-08-21,0,0.0,0.0,0.0,7.0,8.0,9.333333333333334,34.51,3.86,8,2016,33,Fasteners
2016-08-28,0,0.0,0.0,0.0,0.0,7.0,5.0,0.0,0.0,8,2016,34,Fasteners
2016-09-04,7,10.58,-2.38,0.2,0.0,0.0,2.3333333333333335,0.0,0.0,9,2016,35,Fasteners
2016-09-11,0,0.0,0.0,0.0,7.0,0.0,2.3333333333333335,10.58,-2.38,9,2016,36,Fasteners
2016-09-18,0,0.0,0.0,0.0,0.0,7.0,2.3333333333333335,0.0,0.0,9,2016,37,Fasteners
2016-09-25,0,0.0,0.0,0.0,0.0,0.0,2.3333333333333335,0.0,0.0,9,2016,38,Fasteners
2016-10-02,0,0.0,0.0,0.0,0.0,0.0,0.0,0.0,0.0,10,2016,39,Fasteners
2016-10-09,0,0.0,0.0,0.0,0.0,0.0,0.0,0.0,0.0,10,2016,40,Fasteners
2016-10-16,0,0.0,0.0,0.0,0.0,0.0,0.0,0.0,0.0,10,2016,41,Fasteners
2016-10-23,4,25.25,7.89,0.2,0.0,0.0,0.0,0.0,0.0,10,2016,42,Fasteners
2016-10-30,7,40.67,12.61,0.0,4.0,0.0,1.3333333333333333,25.25,7.89,10,2016,43,Fasteners
2016-11-06,0,0.0,0.0,0.0,7.0,4.0,3.6666666666666665,40.67,12.61,11,2016,44,Fasteners
2016-11-13,7,15.26,6.26,0.0,0.0,7.0,3.6666666666666665,0.0,0.0,11,2016,45,Fasteners
2016-11-20,19,77.47,28.57,0.2,7.0,0.0,4.666666666666667,15.26,6.26,11,2016,46,Fasteners
2016-11-27,11,24.560000000000002,4.84,0.20000000000000004,19.0,7.0,8.666666666666666,77.47,28.57,11,2016,47,Fasteners
2016-12-04,8,12.67,2.69,0.2,11.0,19.0,12.333333333333334,24.560000000000002,4.84,12,2016,48,Fasteners
2016-12-11,12,38.56,15.48,0.06666666666666667,8.0,11.0,12.666666666666666,12.67,2.69,12,2016,49,Fasteners
2016-12-18,8,25.16,12.33,0.0,12.0,8.0,10.333333333333334,38.56,15.48,12,2016,50,Fasteners
2016-12-25,7,24.85,11.68,0.0,8.0,12.0,9.333333333333334,25.16,12.33,12,2016,51,Fasteners
2017-01-01,6,17.18,6.23,0.2,7.0,8.0,9.0,24.85,11.68,1,2017,52,Fasteners
2017-01-08,0,0.0,0.0,0.0,6.0,7.0,7.0,17.18,6.23,1,2017,1,Fasteners
2017-01-15,11,54.81,16.310000000000002,0.0,0.0,6.0,4.333333333333333,0.0,0.0,1,2017,2,Fasteners
2017-01-22,5,15.12,4.91,0.2,11.0,0.0,5.666666666666667,54.81,16.310000000000002,1,2017,3,Fasteners
2017-01-29,11,17.509999999999998,5.79,0.0,5.0,11.0,5.333333333333333,15.12,4.91,1,2017,4,Fasteners
2017-02-05,9,21.46,6.97,0.2,11.0,5.0,9.0,17.509999999999998,5.79,2,2017,5,Fasteners
2017-02-12,13,48.76,19.0,0.05,9.0,11.0,8.333333333333334,21.46,6.97,2,2017,6,Fasteners
2017-02-19,5,29.590000000000003,6.42,0.1,13.0,9.0,11.0,48.76,19.0,2,2017,7,Fasteners
2017-02-26,8,17.83,3.4099999999999997,0.1,5.0,13.0,9.0,29.590000000000003,6.42,2,2017,8,Fasteners
2017-03-05,2,8.0,2.8,0.2,8.0,5.0,8.666666666666666,17.83,3.4099999999999997,3,2017,9,Fasteners
2017-03-12,0,0.0,0.0,0.0,2.0,8.0,5.0,8.0,2.8,3,2017,10,Fasteners
2017-03-19,0,0.0,0.0,0.0,0.0,2.0,3.3333333333333335,0.0,0.0,3,2017,11,Fasteners
2017-03-26,9,16.78,1.71,0.0,0.0,0.0,0.6666666666666666,0.0,0.0,3,2017,12,Fasteners
2017-04-02,0,0.0,0.0,0.0,9.0,0.0,3.0,16.78,1.71,4,2017,13,Fasteners
2017-04-09,6,14.82,6.97,0.0,0.0,9.0,3.0,0.0,0.0,4,2017,14,Fasteners
2017-04-16,5,7.92,1.68,0.2,6.0,0.0,5.0,14.82,6.97,4,2017,15,Fasteners
2017-04-23,0,0.0,0.0,0.0,5.0,6.0,3.6666666666666665,7.92,1.68,4,2017,16,Fasteners
2017-04-30,1,1.81,0.65,0.0,0.0,5.0,3.6666666666666665,0.0,0.0,4,2017,17,Fasteners
2017-05-07,2,7.9,2.53,0.0,1.0,0.0,2.0,1.81,0.65,5,2017,18,Fasteners
2017-05-14,0,0.0,0.0,0.0,2.0,1.0,1.0,7.9,2.53,5,2017,19,Fasteners
2017-05-21,3,7.41,3.48,0.0,0.0,2.0,1.0,0.0,0.0,5,2017,20,Fasteners
2017-05-28,3,5.11,2.1,0.1,3.0,0.0,1.6666666666666667,7.41,3.48,5,2017,21,Fasteners
2017-06-04,5,23.55,1.18,0.0,3.0,3.0,2.0,5.11,2.1,6,2017,22,Fasteners
2017-06-11,0,0.0,0.0,0.0,5.0,3.0,3.6666666666666665,23.55,1.18,6,2017,23,Fasteners
2017-06-18,0,0.0,0.0,0.0,0.0,5.0,2.6666666666666665,0.0,0.0,6,2017,24,Fasteners
2017-06-25,4,14.18,-0.77,0.1,0.0,0.0,1.6666666666666667,0.0,0.0,6,2017,25,Fasteners
2017-07-02,1,7.89,3.55,0.0,4.0,0.0,1.3333333333333333,14.18,-0.77,7,2017,26,Fasteners
2017-07-09,3,5.94,0.12,0.0,1.0,4.0,1.6666666666666667,7.89,3.55,7,2017,27,Fasteners
2017-07-16,10,27.450000000000003,9.49,0.13333333333333333,3.0,1.0,2.6666666666666665,5.94,0.12,7,2017,28,Fasteners
2017-07-23,0,0.0,0.0,0.0,10.0,3.0,4.666666666666667,27.450000000000003,9.49,7,2017,29,Fasteners
2017-07-30,2,2.9,0.47,0.2,0.0,10.0,4.333333333333333,0.0,0.0,7,2017,30,Fasteners
2017-08-06,0,0.0,0.0,0.0,2.0,0.0,4.0,2.9,0.47,8,2017,31,Fasteners
2017-08-13,10,70.24000000000001,24.619999999999997,0.2,0.0,2.0,0.6666666666666666,0.0,0.0,8,2017,32,Fasteners
2017-08-20,0,0.0,0.0,0.0,10.0,0.0,4.0,70.24000000000001,24.619999999999997,8,2017,33,Fasteners
2017-08-27,7,35.0,16.8,0.0,0.0,10.0,3.3333333333333335,0.0,0.0,8,2017,34,Fasteners
2017-09-03,3,8.38,2.72,0.2,7.0,0.0,5.666666666666667,35.0,16.8,9,2017,35,Fasteners
2017-09-10,0,0.0,0.0,0.0,3.0,7.0,3.3333333333333335,8.38,2.72,9,2017,36,Fasteners
2017-09-17,5,17.9,8.77,0.0,0.0,3.0,3.3333333333333335,0.0,0.0,9,2017,37,Fasteners
2017-09-24,0,0.0,0.0,0.0,5.0,0.0,2.6666666666666665,17.9,8.77,9,2017,38,Fasteners
2017-10-01,0,0.0,0.0,0.0,0.0,5.0,1.6666666666666667,0.0,0.0,10,2017,39,Fasteners
2017-10-08,5,21.29,4.29,0.0,0.0,0.0,1.6666666666666667,0.0,0.0,10,2017,40,Fasteners
2017-10-15,0,0.0,0.0,0.0,5.0,0.0,1.6666666666666667,21.29,4.29,10,2017,41,Fasteners
2017-10-22,0,0.0,0.0,0.0,0.0,5.0,1.6666666666666667,0.0,0.0,10,2017,42,Fasteners
2017-10-29,4,11.68,5.26,0.0,0.0,0.0,1.6666666666666667,0.0,0.0,10,2017,43,Fasteners
2017-11-05,0,0.0,0.0,0.0,4.0,0.0,1.3333333333333333,11.68,5.26,11,2017,44,Fasteners
2017-11-12,15,77.19,33.7,0.05,0.0,4.0,1.3333333333333333,0.0,0.0,11,2017,45,Fasteners
2017-11-19,9,28.02,13.95,0.0,15.0,0.0,6.333333333333333,77.19,33.7,11,2017,46,Fasteners
2017-11-26,3,10.82,2.57,0.2,9.0,15.0,8.0,28.02,13.95,11,2017,47,Fasteners
2017-12-03,2,2.37,0.83,0.2,3.0,9.0,9.0,10.82,2.57,12,2017,48,Fasteners
2017-12-10,5,17.9,8.77,0.0,2.0,3.0,4.666666666666667,2.37,0.83,12,2017,49,Fasteners
2017-12-17,9,35.519999999999996,17.24,0.0,5.0,2.0,3.3333333333333335,17.9,8.77,12,2017,50,Fasteners
2017-12-24,3,4.82,1.75,0.2,9.0,5.0,5.333333333333333,35.519999999999996,17.24,12,2017,51,Fasteners
2017-12-31,25,65.94,22.74,0.08,3.0,9.0,5.666666666666667,4.82,1.75,12,2017,52,Fasteners
2014-01-26,19,426.76,85.81,0.03333333333333333,6.0,28.0,13.333333333333334,127.1,28.6,1,2014,4,Furnishings
2014-02-02,0,0.0,0.0,0.0,19.0,6.0,17.666666666666668,426.76,85.81,2,2014,5,Furnishings
2014-02-09,9,321.71,73.15,0.0,0.0,19.0,8.333333333333334,0.0,0.0,2,2014,6,Furnishings
2014-02-16,19,248.38,-0.9800000000000004,0.3,9.0,0.0,9.333333333333334,321.71,73.15,2,2014,7,Furnishings
2014-02-23,9,45.480000000000004,-4.41,0.3,19.0,9.0,9.333333333333334,248.38,-0.9800000000000004,2,2014,8,Furnishings
2014-03-02,0,0.0,0.0,0.0,9.0,19.0,12.333333333333334,45.480000000000004,-4.41,3,2014,9,Furnishings
2014-03-09,7,61.54,-40.0,0.6,0.0,9.0,9.333333333333334,0.0,0.0,3,2014,10,Furnishings
2014-03-16,9,487.83,-65.22,0.3333333333333333,7.0,0.0,5.333333333333333,61.54,-40.0,3,2014,11,Furnishings
2014-03-23,16,322.08,51.26,0.16666666666666666,9.0,7.0,5.333333333333333,487.83,-65.22,3,2014,12,Furnishings
2014-03-30,2,40.48,14.57,0.0,16.0,9.0,10.666666666666666,322.08,51.26,3,2014,13,Furnishings
2014-04-06,14,116.03,43.92,0.0,2.0,16.0,9.0,40.48,14.57,4,2014,14,Furnishings
2014-04-13,2,35.34,13.43,0.0,14.0,2.0,10.666666666666666,116.03,43.92,4,2014,15,Furnishings
2014-04-20,11,323.82,131.19,0.0,2.0,14.0,6.0,35.34,13.43,4,2014,16,Furnishings
2014-04-27,9,325.59,71.5,0.1,11.0,2.0,9.0,323.82,131.19,4,2014,17,Furnishings
2014-05-04,2,17.46,5.94,0.0,9.0,11.0,7.333333333333333,325.59,71.5,5,2014,18,Furnishings
2014-05-11,15,558.33,-2.020000000000003,0.16,2.0,9.0,7.333333333333333,17.46,5.94,5,2014,19,Furnishings
2014-05-18,5,460.11,27.05,0.2,15.0,2.0,8.666666666666666,558.33,-2.020000000000003,5,2014,20,Furnishings
2014-05-25,12,179.51000000000002,30.009999999999998,0.39999999999999997,5.0,15.0,7.333333333333333,460.11,27.05,5,2014,21,Furnishings
2014-06-01,0,0.0,0.0,0.0,12.0,5.0,10.666666666666666,179.51000000000002,30.009999999999998,6,2014,22,Furnishings
2014-06-08,0,0.0,0.0,0.0,0.0,12.0,5.666666666666667,0.0,0.0,6,2014,23,Furnishings
2014-06-15,9,65.86,-2.24,0.3,0.0,0.0,4.0,0.0,0.0,6,2014,24,Furnishings
2014-06-22,5,114.23,17.830000000000002,0.06666666666666667,9.0,0.0,3.0,65.86,-2.24,6,2014,25,Furnishings
2014-06-29,2,4.27,0.96,0.2,5.0,9.0,4.666666666666667,114.23,17.830000000000002,6,2014,26,Furnishings
2014-07-06,5,85.69,-50.93,0.3,2.0,5.0,5.333333333333333,4.27,0.96,7,2014,27,Furnishings
2014-07-13,16,1051.8600000000001,266.92,0.1,5.0,2.0,4.0,85.69,-50.93,7,2014,28,Furnishings
2014-07-20,7,48.72,-13.030000000000001,0.4,16.0,5.0,7.666666666666667,1051.8600000000001,266.92,7,2014,29,Furnishings
2014-07-27,20,237.64000000000001,79.72,0.0,7.0,16.0,9.333333333333334,48.72,-13.030000000000001,7,2014,30,Furnishings
2014-08-03,8,144.45,18.52,0.1,20.0,7.0,14.333333333333334,237.64000000000001,79.72,8,2014,31,Furnishings
2014-08-10,18,503.02,111.36999999999999,0.06666666666666667,8.0,20.0,11.666666666666666,144.45,18.52,8,2014,32,Furnishings
2014-08-17,5,119.32,39.77,0.0,18.0,8.0,15.333333333333334,503.02,111.36999999999999,8,2014,33,Furnishings
2014-08-24,12,306.74,33.67,0.06666666666666667,5.0,18.0,10.333333333333334,119.32,39.77,8,2014,34,Furnishings
2014-08-31,5,16.96,6.699999999999999,0.0,12.0,5.0,11.666666666666666,306.74,33.67,8,2014,35,Furnishings
2014-09-07,9,86.25999999999999,28.380000000000003,0.0,5.0,12.0,7.333333333333333,16.96,6.699999999999999,9,2014,36,Furnishings
2014-09-14,31,300.15,89.13,0.19999999999999998,9.0,5.0,8.666666666666666,86.25999999999999,28.380000000000003,9,2014,37,Furnishings
2014-09-21,8,127.03999999999999,15.669999999999998,0.26666666666666666,31.0,9.0,15.0,300.15,89.13,9,2014,38,Furnishings
2014-09-28,11,543.25,94.34,0.1,8.0,31.0,16.0,127.03999999999999,15.669999999999998,9,2014,39,Furnishings
2014-10-05,12,395.3,119.02000000000001,0.0,11.0,8.0,16.666666666666668,543.25,94.34,10,2014,40,Furnishings
2014-10-12,19,394.85,106.06,0.05,12.0,11.0,10.333333333333334,395.3,119.02000000000001,10,2014,41,Furnishings
2014-10-19,3,20.69,2.45,0.4,19.0,12.0,14.0,394.85,106.06,10,2014,42,Furnishings
2014-10-26,12,287.72999999999996,26.5,0.06666666666666667,3.0,19.0,11.333333333333334,20.69,2.45,10,2014,43,Furnishings
2014-11-02,10,375.31,68.4,0.0,12.0,3.0,11.333333333333334,287.72999999999996,26.5,11,2014,44,Furnishings
2014-11-09,21,326.49,-8.119999999999997,0.19999999999999998,10.0,12.0,8.333333333333334,375.31,68.4,11,2014,45,Furnishings
2014-11-16,22,117.45,26.03,0.15999999999999998,21.0,10.0,14.333333333333334,326.49,-8.119999999999997,11,2014,46,Furnishings
2014-11-23,12,337.16999999999996,65.2,0.27999999999999997,22.0,21.0,17.666666666666668,117.45,26.03,11,2014,47,Furnishings
2014-11-30,36,973.9000000000001,171.29,0.175,12.0,22.0,18.333333333333332,337.16999999999996,65.2,11,2014,48,Furnishings
2014-12-07,7,34.79,10.78,0.0,36.0,12.0,23.333333333333332,973.9000000000001,171.29,12,2014,49,Furnishings
2014-12-14,21,398.61,16.169999999999998,0.175,7.0,36.0,18.333333333333332,34.79,10.78,12,2014,50,Furnishings
2014-12-21,26,396.63,-69.74000000000001,0.275,21.0,7.0,21.333333333333332,398.61,16.169999999999998,12,2014,51,Furnishings
2014-12-28,28,791.9,31.650000000000002,0.19999999999999998,26.0,21.0,18.0,396.63,-69.74000000000001,12,2014,52,Furnishings
2015-01-04,11,110.92,-32.09,0.39999999999999997,28.0,26.0,25.0,791.9,31.650000000000002,1,2015,1,Furnishings
2015-01-11,10,447.61,148.14,0.06666666666666667,11.0,28.0,21.666666666666668,110.92,-32.09,1,2015,2,Furnishings
2015-01-18,24,803.88,-185.07999999999998,0.3,10.0,11.0,16.333333333333332,447.61,148.14,1,2015,3,Furnishings
2015-01-25,0,0.0,0.0,0.0,24.0,10.0,15.0,803.88,-185.07999999999998,1,2015,4,Furnishings
2015-02-01,10,280.70000000000005,98.38999999999999,0.0,0.0,24.0,11.333333333333334,0.0,0.0,2,2015,5,Furnishings
2015-02-08,10,159.84,45.95,0.2,10.0,0.0,11.333333333333334,280.70000000000005,98.38999999999999,2,2015,6,Furnishings
2015-02-15,7,107.99,36.97,0.1,10.0,10.0,6.666666666666667,159.84,45.95,2,2015,7,Furnishings
2015-02-22,0,0.0,0.0,0.0,7.0,10.0,9.0,107.99,36.97,2,2015,8,Furnishings
2015-03-01,0,0.0,0.0,0.0,0.0,7.0,5.666666666666667,0.0,0.0,3,2015,9,Furnishings
2015-03-08,23,1282.55,185.8,0.08,0.0,0.0,2.3333333333333335,0.0,0.0,3,2015,10,Furnishings
2015-03-15,18,689.4200000000001,211.14,0.12000000000000002,23.0,0.0,7.666666666666667,1282.55,185.8,3,2015,11,Furnishings
2015-03-22,3,135.09,33.74,0.0,18.0,23.0,13.666666666666666,689.4200000000001,211.14,3,2015,12,Furnishings
2015-03-29,8,66.82,22.69,0.0,3.0,18.0,14.666666666666666,135.09,33.74,3,2015,13,Furnishings
2015-04-05,28,372.09,88.07000000000001,0.24,8.0,3.0,9.666666666666666,66.82,22.69,4,2015,14,Furnishings
2015-04-12,20,190.14,52.730000000000004,0.04,28.0,8.0,13.0,372.09,88.07000000000001,4,2015,15,Furnishings
2015-04-19,11,1240.7,138.48,0.0,20.0,28.0,18.666666666666668,190.14,52.730000000000004,4,2015,16,Furnishings
2015-04-26,2,97.04,1.21,0.2,11.0,20.0,19.666666666666668,1240.7,138.48,4,2015,17,Furnishings
2015-05-03,15,103.46,20.1,0.16,2.0,11.0,11.0,97.04,1.21,5,2015,18,Furnishings
2015-05-10,18,647.3,-63.75,0.2333333333333333,15.0,2.0,9.333333333333334,103.46,20.1,5,2015,19,Furnishings
2015-05-17,3,122.91,34.41,0.0,18.0,15.0,11.666666666666666,647.3,-63.75,5,2015,20,Furnishings
2015-05-24,13,238.46999999999997,39.980000000000004,0.1,3.0,18.0,12.0,122.91,34.41,5,2015,21,Furnishings
2015-05-31,18,158.57999999999998,-41.2,0.13333333333333333,13.0,3.0,11.333333333333334,238.46999999999997,39.980000000000004,5,2015,22,Furnishings
2015-06-07,12,605.04,166.35000000000002,0.0,18.0,13.0,11.333333333333334,158.57999999999998,-41.2,6,2015,23,Furnishings
2015-06-14,19,562.9200000000001,171.02,0.1,12.0,18.0,14.333333333333334,605.04,166.35000000000002,6,2015,24,Furnishings
2015-06-21,26,811.3599999999999,119.29,0.10000000000000002,19.0,12.0,16.333333333333332,562.9200000000001,171.02,6,2015,25,Furnishings
2015-06-28,17,307.65,45.95,0.19999999999999998,26.0,19.0,19.0,811.3599999999999,119.29,6,2015,26,Furnishings
2015-07-05,1,20.1,1.76,0.2,17.0,26.0,20.666666666666668,307.65,45.95,7,2015,27,Furnishings
2015-07-12,12,357.82,-21.610000000000003,0.19999999999999998,1.0,17.0,14.666666666666666,20.1,1.76,7,2015,28,Furnishings
2015-07-19,1,7.38,2.14,0.0,12.0,1.0,10.0,357.82,-21.610000000000003,7,2015,29,Furnishings
2015-07-26,6,149.76,56.31,0.0,1.0,12.0,4.666666666666667,7.38,2.14,7,2015,30,Furnishings
2015-08-02,3,5.28,2.32,0.0,6.0,1.0,6.333333333333333,149.76,56.31,8,2015,31,Furnishings
2015-08-09,30,699.9599999999999,148.07999999999998,0.08,3.0,6.0,3.3333333333333335,5.28,2.32,8,2015,32,Furnishings
2015-08-16,28,811.89,77.51,0.125,30.0,3.0,13.0,699.9599999999999,148.07999999999998,8,2015,33,Furnishings
2015-08-23,1,25.98,-3.9,0.2,28.0,30.0,20.333333333333332,811.89,77.51,8,2015,34,Furnishings
2015-08-30,12,47.050000000000004,-14.159999999999998,0.3,1.0,28.0,19.666666666666668,25.98,-3.9,8,2015,35,Furnishings
2015-09-06,6,396.14,61.8,0.3,12.0,1.0,13.666666666666666,47.050000000000004,-14.159999999999998,9,2015,36,Furnishings
2015-09-13,28,759.01,151.06,0.0,6.0,12.0,6.333333333333333,396.14,61.8,9,2015,37,Furnishings
2015-09-20,15,303.06,35.28,0.19999999999999998,28.0,6.0,15.333333333333334,759.01,151.06,9,2015,38,Furnishings
2015-09-27,16,382.01,69.13,0.19999999999999998,15.0,28.0,16.333333333333332,303.06,35.28,9,2015,39,Furnishings
2015-10-04,0,0.0,0.0,0.0,16.0,15.0,19.666666666666668,382.01,69.13,10,2015,40,Furnishings
2015-10-11,9,135.9,45.93,0.0,0.0,16.0,10.333333333333334,0.0,0.0,10,2015,41,Furnishings
2015-10-18,11,158.63,-85.84,0.19999999999999998,9.0,0.0,8.333333333333334,135.9,45.93,10,2015,42,Furnishings
2015-10-25,13,90.78,30.01,0.0,11.0,9.0,6.666666666666667,158.63,-85.84,10,2015,43,Furnishings
2015-11-01,16,72.7,25.75,0.06666666666666667,13.0,11.0,11.0,90.78,30.01,11,2015,44,Furnishings
2015-11-08,26,561.01,94.32,0.17142857142857146,16.0,13.0,13.333333333333334,72.7,25.75,11,2015,45,Furnishings
2015-11-15,48,651.52,136.04,0.13999999999999999,26.0,16.0,18.333333333333332,561.01,94.32,11,2015,46,Furnishings
2015-11-22,26,615.78,156.56,0.1111111111111111,48.0,26.0,30.0,651.52,136.04,11,2015,47,Furnishings
2015-11-29,43,1437.16,128.85,0.19999999999999998,26.0,48.0,33.333333333333336,615.78,156.56,11,2015,48,Furnishings
2015-12-06,21,536.35,49.1,0.2285714285714286,43.0,26.0,39.0,1437.16,128.85,12,2015,49,Furnishings
2015-12-13,1,7.76,-2.13,0.6,21.0,43.0,30.0,536.35,49.1,12,2015,50,Furnishings
2015-12-20,24,572.63,78.77000000000001,0.17142857142857143,1.0,21.0,21.666666666666668,7.76,-2.13,12,2015,51,Furnishings
2015-12-27,14,669.64,-80.5,0.24,24.0,1.0,15.333333333333334,572.63,78.77000000000001,12,2015,52,Furnishings
2016-01-03,5,14.76,-11.44,0.6,14.0,24.0,13.0,669.64,-80.5,1,2016,53,Furnishings
2016-01-10,14,260.02,78.5,0.05,5.0,14.0,14.333333333333334,14.76,-11.44,1,2016,1,Furnishings
2016-01-17,12,177.16,60.05,0.0,14.0,5.0,11.0,260.02,78.5,1,2016,2,Furnishings
2016-01-24,20,184.16,63.25,0.06666666666666667,12.0,14.0,10.333333333333334,177.16,60.05,1,2016,3,Furnishings
2016-01-31,1,45.98,7.82,0.0,20.0,12.0,15.333333333333334,184.16,63.25,1,2016,4,Furnishings
2016-02-07,16,319.73,17.38000000000001,0.15,1.0,20.0,11.0,45.98,7.82,2,2016,5,Furnishings
2016-02-14,19,221.74999999999997,-31.630000000000003,0.12,16.0,1.0,12.333333333333334,319.73,17.38000000000001,2,2016,6,Furnishings
2016-02-21,18,567.29,145.16000000000003,0.0,19.0,16.0,12.0,221.74999999999997,-31.630000000000003,2,2016,7,Furnishings
2016-02-28,2,16.19,-6.88,0.6,18.0,19.0,17.666666666666668,567.29,145.16000000000003,2,2016,8,Furnishings
2016-03-06,9,158.37,44.44,0.06666666666666667,2.0,18.0,13.0,16.19,-6.88,3,2016,9,Furnishings
2016-03-13,25,428.95,-6.58,0.17142857142857143,9.0,2.0,9.666666666666666,158.37,44.44,3,2016,10,Furnishings
2016-03-20,24,1131.87,315.07,0.03333333333333333,25.0,9.0,12.0,428.95,-6.58,3,2016,11,Furnishings
2016-03-27,5,60.16,19.88,0.0,24.0,25.0,19.333333333333332,1131.87,315.07,3,2016,12,Furnishings
2016-04-03,10,428.37,128.15,0.1,5.0,24.0,18.0,60.16,19.88,4,2016,13,Furnishings
2016-04-10,46,882.15,-219.73000000000002,0.16666666666666666,10.0,5.0,13.0,428.37,128.15,4,2016,14,Furnishings
2016-04-17,41,597.65,14.279999999999998,0.19999999999999998,46.0,10.0,20.333333333333332,882.15,-219.73000000000002,4,2016,15,Furnishings
2016-04-24,10,246.06,-48.07,0.19999999999999998,41.0,46.0,32.333333333333336,597.65,14.279999999999998,4,2016,16,Furnishings
2016-05-01,12,164.84,-19.65,0.4666666666666666,10.0,41.0,32.333333333333336,246.06,-48.07,5,2016,17,Furnishings
2016-05-08,8,35.56,10.5,0.1,12.0,10.0,21.0,164.84,-19.65,5,2016,18,Furnishings
2016-05-15,23,489.26,133.32,0.175,8.0,12.0,10.0,35.56,10.5,5,2016,19,Furnishings
2016-05-22,19,271.53000000000003,34.57,0.15,23.0,8.0,14.333333333333334,489.26,133.32,5,2016,20,Furnishings
2016-05-29,17,180.88,24.500000000000004,0.2333333333333333,19.0,23.0,16.666666666666668,271.53000000000003,34.57,5,2016,21,Furnishings
2016-06-05,36,634.87,-166.98,0.22857142857142856,17.0,19.0,19.666666666666668,180.88,24.500000000000004,6,2016,22,Furnishings
2016-06-12,10,823.09,66.99,0.15000000000000002,36.0,17.0,24.0,634.87,-166.98,6,2016,23,Furnishings
2016-06-19,6,275.08000000000004,-9.22,0.1,10.0,36.0,21.0,823.09,66.99,6,2016,24,Furnishings
2016-06-26,11,150.28,16.729999999999997,0.15,6.0,10.0,17.333333333333332,275.08000000000004,-9.22,6,2016,25,Furnishings
2016-07-03,3,23.08,-10.96,0.6,11.0,6.0,9.0,150.28,16.729999999999997,7,2016,26,Furnishings
2016-07-10,21,339.62,74.21,0.19999999999999998,3.0,11.0,6.666666666666667,23.08,-10.96,7,2016,27,Furnishings
2016-07-17,24,188.55,25.669999999999998,0.17142857142857143,21.0,3.0,11.666666666666666,339.62,74.21,7,2016,28,Furnishings
2016-07-24,8,197.23000000000002,79.44,0.1,24.0,21.0,16.0,188.55,25.669999999999998,7,2016,29,Furnishings
2016-07-31,31,1020.62,-225.93999999999997,0.19999999999999998,8.0,24.0,17.666666666666668,197.23000000000002,79.44,7,2016,30,Furnishings
2016-08-07,22,612.54,125.19999999999999,0.04,31.0,8.0,21.0,1020.62,-225.93999999999997,8,2016,31,Furnishings
2016-08-14,16,299.9,-173.39000000000001,0.44999999999999996,22.0,31.0,20.333333333333332,612.54,125.19999999999999,8,2016,32,Furnishings
2016-08-21,10,326.91999999999996,37.72,0.39999999999999997,16.0,22.0,23.0,299.9,-173.39000000000001,8,2016,33,Furnishings
2016-08-28,9,307.48,40.7,0.26666666666666666,10.0,16.0,16.0,326.91999999999996,37.72,8,2016,34,Furnishings
2016-09-04,6,62.21,19.78,0.1,9.0,10.0,11.666666666666666,307.48,40.7,9,2016,35,Furnishings
2016-09-11,14,682.6899999999999,-22.09,0.25,6.0,9.0,8.333333333333334,62.21,19.78,9,2016,36,Furnishings
2016-09-18,28,1718.63,516.83,0.03333333333333333,14.0,6.0,9.666666666666666,682.6899999999999,-22.09,9,2016,37,Furnishings
2016-09-25,47,985.32,78.26,0.10909090909090911,28.0,14.0,16.0,1718.63,516.83,9,2016,38,Furnishings
2016-10-02,5,24.85,7.7,0.0,47.0,28.0,29.666666666666668,985.32,78.26,10,2016,39,Furnishings
2016-10-09,0,0.0,0.0,0.0,5.0,47.0,26.666666666666668,24.85,7.7,10,2016,40,Furnishings
2016-10-16,34,924.17,122.65999999999997,0.2,0.0,5.0,17.333333333333332,0.0,0.0,10,2016,41,Furnishings
2016-10-23,26,296.09,67.7,0.13333333333333333,34.0,0.0,13.0,924.17,122.65999999999997,10,2016,42,Furnishings
2016-10-30,25,1218.57,220.21,0.08571428571428573,26.0,34.0,20.0,296.09,67.7,10,2016,43,Furnishings
2016-11-06,29,174.79000000000002,40.87,0.25,25.0,26.0,28.333333333333332,1218.57,220.21,11,2016,44,Furnishings
2016-11-13,17,117.8,40.99,0.0,29.0,25.0,26.666666666666668,174.79000000000002,40.87,11,2016,45,Furnishings
2016-11-20,14,109.86,14.3,0.27999999999999997,17.0,29.0,23.666666666666668,117.8,40.99,11,2016,46,Furnishings
2016-11-27,32,1129.55,473.13,0.06666666666666668,14.0,17.0,20.0,109.86,14.3,11,2016,47,Furnishings
2016-12-04,4,242.18,-302.72,0.6,32.0,14.0,21.0,1129.55,473.13,12,2016,48,Furnishings
2016-12-11,21,157.64,29.560000000000002,0.2285714285714286,4.0,32.0,16.666666666666668,242.18,-302.72,12,2016,49,Furnishings
2016-12-18,34,1081.29,430.02000000000004,0.0,21.0,4.0,19.0,157.64,29.560000000000002,12,2016,50,Furnishings
2016-12-25,60,3312.1,816.93,0.0923076923076923,34.0,21.0,19.666666666666668,1081.29,430.02000000000004,12,2016,51,Furnishings
2017-01-01,26,735.31,44.43000000000001,0.2,60.0,34.0,38.333333333333336,3312.1,816.93,1,2017,52,Furnishings
2017-01-08,3,127.95,21.75,0.0,26.0,60.0,40.0,735.31,44.43000000000001,1,2017,1,Furnishings
2017-01-15,23,850.3299999999999,170.23,0.08,3.0,26.0,29.666666666666668,127.95,21.75,1,2017,2,Furnishings
2017-01-22,6,59.89,14.489999999999998,0.1,23.0,3.0,17.333333333333332,850.3299999999999,170.23,1,2017,3,Furnishings
2017-01-29,7,77.63,29.080000000000002,0.0,6.0,23.0,10.666666666666666,59.89,14.489999999999998,1,2017,4,Furnishings
2017-02-05,17,486.46000000000004,76.0,0.0,7.0,6.0,12.0,77.63,29.080000000000002,2,2017,5,Furnishings
2017-02-12,37,781.52,84.12,0.16363636363636364,17.0,7.0,10.0,486.46000000000004,76.0,2,2017,6,Furnishings
2017-02-19,5,159.89,29.92,0.19999999999999998,37.0,17.0,20.333333333333332,781.52,84.12,2,2017,7,Furnishings
2017-02-26,3,90.93,23.66,0.1,5.0,37.0,19.666666666666668,159.89,29.92,2,2017,8,Furnishings
2017-03-05,7,80.12,-11.15,0.3333333333333333,3.0,5.0,15.0,90.93,23.66,3,2017,9,Furnishings
2017-03-12,34,625.97,148.23,0.13333333333333333,7.0,3.0,5.0,80.12,-11.15,3,2017,10,Furnishings
2017-03-19,10,164.70999999999998,-20.89,0.26666666666666666,34.0,7.0,14.666666666666666,625.97,148.23,3,2017,11,Furnishings
2017-03-26,14,294.82,105.80000000000001,0.0,10.0,34.0,17.0,164.70999999999998,-20.89,3,2017,12,Furnishings
2017-04-02,14,199.99,74.72,0.05,14.0,10.0,19.333333333333332,294.82,105.80000000000001,4,2017,13,Furnishings
2017-04-09,13,165.82,-93.07,0.4666666666666666,14.0,14.0,12.666666666666666,199.99,74.72,4,2017,14,Furnishings
2017-04-16,17,369.99,110.52,0.06666666666666667,13.0,14.0,13.666666666666666,165.82,-93.07,4,2017,15,Furnishings
2017-04-23,26,726.83,-4.47,0.24444444444444446,17.0,13.0,14.666666666666666,369.99,110.52,4,2017,16,Furnishings
2017-04-30,24,450.90999999999997,57.02,0.2,26.0,17.0,18.666666666666668,726.83,-4.47,4,2017,17,Furnishings
2017-05-07,9,332.03,-348.63,0.6,24.0,26.0,22.333333333333332,450.90999999999997,57.02,5,2017,18,Furnishings
2017-05-14,14,241.26000000000002,79.92,0.0,9.0,24.0,19.666666666666668,332.03,-348.63,5,2017,19,Furnishings
2017-05-21,14,606.05,88.44,0.19999999999999998,14.0,9.0,15.666666666666666,241.26000000000002,79.92,5,2017,20,Furnishings
2017-05-28,22,806.0400000000001,270.49,0.0,14.0,14.0,12.333333333333334,606.05,88.44,5,2017,21,Furnishings
2017-06-04,11,93.26,-47.02,0.2,22.0,14.0,16.666666666666668,806.0400000000001,270.49,6,2017,22,Furnishings
2017-06-11,16,129.87,1.9800000000000004,0.13333333333333333,11.0,22.0,15.666666666666666,93.26,-47.02,6,2017,23,Furnishings
2017-06-18,3,155.25,46.58,0.0,16.0,11.0,16.333333333333332,129.87,1.9800000000000004,6,2017,24,Furnishings
2017-06-25,15,383.71000000000004,80.66,0.1,3.0,16.0,10.0,155.25,46.58,6,2017,25,Furnishings
2017-07-02,15,733.88,85.4,0.13333333333333333,15.0,3.0,11.333333333333334,383.71000000000004,80.66,7,2017,26,Furnishings
2017-07-09,22,618.94,109.49000000000001,0.028571428571428574,15.0,15.0,11.0,733.88,85.4,7,2017,27,Furnishings
2017-07-16,26,865.84,251.44,0.08,22.0,15.0,17.333333333333332,618.94,109.49000000000001,7,2017,28,Furnishings
2017-07-23,12,209.41,31.6,0.19999999999999998,26.0,22.0,21.0,865.84,251.44,7,2017,29,Furnishings
2017-07-30,11,149.9,15.26,0.1,12.0,26.0,20.0,209.41,31.6,7,2017,30,Furnishings
2017-08-06,18,674.0999999999999,178.24,0.0,11.0,12.0,16.333333333333332,149.9,15.26,8,2017,31,Furnishings
2017-08-13,33,1049.84,332.13,0.08,18.0,11.0,13.666666666666666,674.0999999999999,178.24,8,2017,32,Furnishings
2017-08-20,12,221.16,46.34,0.12,33.0,18.0,20.666666666666668,1049.84,332.13,8,2017,33,Furnishings
2017-08-27,24,328.15,36.63999999999999,0.19999999999999998,12.0,33.0,21.0,221.16,46.34,8,2017,34,Furnishings
2017-09-03,9,173.12,45.31,0.19999999999999998,24.0,12.0,23.0,328.15,36.63999999999999,9,2017,35,Furnishings
2017-09-10,12,150.12,-10.06,0.3,9.0,24.0,15.0,173.12,45.31,9,2017,36,Furnishings
2017-09-17,46,916.67,199.53,0.125,12.0,9.0,15.0,150.12,-10.06,9,2017,37,Furnishings
2017-09-24,31,783.62,175.59,0.08571428571428573,46.0,12.0,22.333333333333332,916.67,199.53,9,2017,38,Furnishings
2017-10-01,16,110.39,34.41,0.1,31.0,46.0,29.666666666666668,783.62,175.59,10,2017,39,Furnishings
2017-10-08,16,239.7,53.67,0.13333333333333333,16.0,31.0,31.0,110.39,34.41,10,2017,40,Furnishings
2017-10-15,23,817.28,-372.53,0.225,16.0,16.0,21.0,239.7,53.67,10,2017,41,Furnishings
2017-10-22,24,693.5,201.02999999999997,0.1,23.0,16.0,18.333333333333332,817.28,-372.53,10,2017,42,Furnishings
2017-10-29,20,392.71000000000004,109.86,0.05,24.0,23.0,21.0,693.5,201.02999999999997,10,2017,43,Furnishings
2017-11-05,10,215.29,-2.7799999999999994,0.26666666666666666,20.0,24.0,22.333333333333332,392.71000000000004,109.86,11,2017,44,Furnishings
2017-11-12,15,268.42,-22.050000000000004,0.2,10.0,20.0,18.0,215.29,-2.7799999999999994,11,2017,45,Furnishings
2017-11-19,37,1927.9099999999999,411.75,0.09090909090909091,15.0,10.0,15.0,268.42,-22.050000000000004,11,2017,46,Furnishings
2017-11-26,38,578.8,180.74,0.09999999999999999,37.0,15.0,20.666666666666668,1927.9099999999999,411.75,11,2017,47,Furnishings
2017-12-03,36,2777.69,393.4,0.07500000000000001,38.0,37.0,30.0,578.8,180.74,12,2017,48,Furnishings
2017-12-10,18,172.56,49.83,0.13333333333333333,36.0,38.0,37.0,2777.69,393.4,12,2017,49,Furnishings
2017-12-17,28,809.3,-253.03000000000003,0.32499999999999996,18.0,36.0,30.666666666666668,172.56,49.83,12,2017,50,Furnishings
2017-12-24,28,476.77,118.46000000000001,0.06666666666666668,28.0,18.0,27.333333333333332,809.3,-253.03000000000003,12,2017,51,Furnishings
2017-12-31,20,182.41000000000003,53.33,0.2333333333333333,28.0,28.0,24.666666666666668,476.77,118.46000000000001,12,2017,52,Furnishings
2014-01-26,0,0.0,0.0,0.0,3.0,18.0,7.666666666666667,30.07,10.15,1,2014,4,Labels
2014-02-02,0,0.0,0.0,0.0,0.0,3.0,7.0,0.0,0.0,2,2014,5,Labels
2014-02-09,0,0.0,0.0,0.0,0.0,0.0,1.0,0.0,0.0,2,2014,6,Labels
2014-02-16,13,50.519999999999996,23.24,0.0,0.0,0.0,0.0,0.0,0.0,2,2014,7,Labels
2014-02-23,0,0.0,0.0,0.0,13.0,0.0,4.333333333333333,50.519999999999996,23.24,2,2014,8,Labels
2014-03-02,0,0.0,0.0,0.0,0.0,13.0,4.333333333333333,0.0,0.0,3,2014,9,Labels
2014-03-09,19,67.02,27.5,0.1,0.0,0.0,4.333333333333333,0.0,0.0,3,2014,10,Labels
2014-03-16,2,4.93,1.72,0.2,19.0,0.0,6.333333333333333,67.02,27.5,3,2014,11,Labels
2014-03-23,17,95.32000000000001,36.03,0.15000000000000002,2.0,19.0,7.0,4.93,1.72,3,2014,12,Labels
2014-03-30,8,63.15,31.2,0.0,17.0,2.0,12.666666666666666,95.32000000000001,36.03,3,2014,13,Labels
2014-04-06,9,30.68,13.34,0.1,8.0,17.0,9.0,63.15,31.2,4,2014,14,Labels
2014-04-13,12,51.519999999999996,24.13,0.0,9.0,8.0,11.333333333333334,30.68,13.34,4,2014,15,Labels
2014-04-20,0,0.0,0.0,0.0,12.0,9.0,9.666666666666666,51.519999999999996,24.13,4,2014,16,Labels
2014-04-27,0,0.0,0.0,0.0,0.0,12.0,7.0,0.0,0.0,4,2014,17,Labels
2014-05-04,4,10.06,4.02,0.1,0.0,0.0,4.0,0.0,0.0,5,2014,18,Labels
2014-05-11,2,14.62,6.87,0.0,4.0,0.0,1.3333333333333333,10.06,4.02,5,2014,19,Labels
2014-05-18,0,0.0,0.0,0.0,2.0,4.0,2.0,14.62,6.87,5,2014,20,Labels
2014-05-25,0,0.0,0.0,0.0,0.0,2.0,2.0,0.0,0.0,5,2014,21,Labels
2014-06-01,0,0.0,0.0,0.0,0.0,0.0,0.6666666666666666,0.0,0.0,6,2014,22,Labels
2014-06-08,16,121.02,43.75,0.06666666666666667,0.0,0.0,0.0,0.0,0.0,6,2014,23,Labels
2014-06-15,8,58.48,27.49,0.0,16.0,0.0,5.333333333333333,121.02,43.75,6,2014,24,Labels
2014-06-22,0,0.0,0.0,0.0,8.0,16.0,8.0,58.48,27.49,6,2014,25,Labels
2014-06-29,0,0.0,0.0,0.0,0.0,8.0,8.0,0.0,0.0,6,2014,26,Labels
2014-07-06,0,0.0,0.0,0.0,0.0,0.0,2.6666666666666665,0.0,0.0,7,2014,27,Labels
2014-07-13,0,0.0,0.0,0.0,0.0,0.0,0.0,0.0,0.0,7,2014,28,Labels
2014-07-20,0,0.0,0.0,0.0,0.0,0.0,0.0,0.0,0.0,7,2014,29,Labels
2014-07-27,13,162.89,76.56,0.0,0.0,0.0,0.0,0.0,0.0,7,2014,30,Labels
2014-08-03,0,0.0,0.0,0.0,13.0,0.0,4.333333333333333,162.89,76.56,8,2014,31,Labels
2014-08-10,0,0.0,0.0,0.0,0.0,13.0,4.333333333333333,0.0,0.0,8,2014,32,Labels
2014-08-17,12,39.41,12.8,0.2,0.0,0.0,4.333333333333333,0.0,0.0,8,2014,33,Labels
2014-08-24,0,0.0,0.0,0.0,12.0,0.0,4.0,39.41,12.8,8,2014,34,Labels
2014-08-31,0,0.0,0.0,0.0,0.0,12.0,4.0,0.0,0.0,8,2014,35,Labels
2014-09-07,9,32.98,15.45,0.0,0.0,0.0,4.0,0.0,0.0,9,2014,36,Labels
2014-09-14,19,144.64,67.95,0.06666666666666667,9.0,0.0,3.0,32.98,15.45,9,2014,37,Labels
2014-09-21,17,105.95000000000002,46.92999999999999,0.06666666666666667,19.0,9.0,9.333333333333334,144.64,67.95,9,2014,38,Labels
2014-09-28,2,4.61,1.67,0.2,17.0,19.0,15.0,105.95000000000002,46.92999999999999,9,2014,39,Labels
2014-10-05,15,77.22999999999999,28.07,0.06666666666666667,2.0,17.0,12.666666666666666,4.61,1.67,10,2014,40,Labels
2014-10-12,13,531.39,259.19,0.0,15.0,2.0,11.333333333333334,77.22999999999999,28.07,10,2014,41,Labels
2014-10-19,5,18.75,9.0,0.0,13.0,15.0,10.0,531.39,259.19,10,2014,42,Labels
2014-10-26,1,24.42,7.94,0.2,5.0,13.0,11.0,18.75,9.0,10,2014,43,Labels
2014-11-02,3,14.94,6.87,0.0,1.0,5.0,6.333333333333333,24.42,7.94,11,2014,44,Labels
2014-11-09,5,14.4,7.06,0.0,3.0,1.0,3.0,14.94,6.87,11,2014,45,Labels
2014-11-16,3,12.53,5.84,0.0,5.0,3.0,3.0,14.4,7.06,11,2014,46,Labels
2014-11-23,10,56.14,24.26,0.06666666666666667,3.0,5.0,3.6666666666666665,12.53,5.84,11,2014,47,Labels
2014-11-30,24,184.59,86.63,0.08571428571428573,10.0,3.0,6.0,56.14,24.26,11,2014,48,Labels
2014-12-07,0,0.0,0.0,0.0,24.0,10.0,12.333333333333334,184.59,86.63,12,2014,49,Labels
2014-12-14,1,2.95,1.0,0.2,0.0,24.0,11.333333333333334,0.0,0.0,12,2014,50,Labels
2014-12-21,12,66.64,31.450000000000003,0.0,1.0,0.0,8.333333333333334,2.95,1.0,12,2014,51,Labels
2014-12-28,4,11.56,5.43,0.0,12.0,1.0,4.333333333333333,66.64,31.450000000000003,12,2014,52,Labels
2015-01-04,9,107.69999999999999,53.089999999999996,0.0,4.0,12.0,5.666666666666667,11.56,5.43,1,2015,1,Labels
2015-01-11,7,28.91,13.3,0.0,9.0,4.0,8.333333333333334,107.69999999999999,53.089999999999996,1,2015,2,Labels
2015-01-18,2,9.82,4.81,0.0,7.0,9.0,6.666666666666667,28.91,13.3,1,2015,3,Labels
2015-01-25,0,0.0,0.0,0.0,2.0,7.0,6.0,9.82,4.81,1,2015,4,Labels
2015-02-01,0,0.0,0.0,0.0,0.0,2.0,3.0,0.0,0.0,2,2015,5,Labels
2015-02-08,3,8.86,2.99,0.2,0.0,0.0,0.6666666666666666,0.0,0.0,2,2015,6,Labels
2015-02-15,0,0.0,0.0,0.0,3.0,0.0,1.0,8.86,2.99,2,2015,7,Labels
2015-02-22,12,158.01,73.75,0.0,0.0,3.0,1.0,0.0,0.0,2,2015,8,Labels
2015-03-01,1,3.15,1.51,0.0,12.0,0.0,5.0,158.01,73.75,3,2015,9,Labels
2015-03-08,3,294.93,144.52,0.0,1.0,12.0,4.333333333333333,3.15,1.51,3,2015,10,Labels
2015-03-15,6,24.02,11.2,0.0,3.0,1.0,5.333333333333333,294.93,144.52,3,2015,11,Labels
2015-03-22,7,506.17,247.73000000000002,0.0,6.0,3.0,3.3333333333333335,24.02,11.2,3,2015,12,Labels
2015-03-29,0,0.0,0.0,0.0,7.0,6.0,5.333333333333333,506.17,247.73000000000002,3,2015,13,Labels
2015-04-05,0,0.0,0.0,0.0,0.0,7.0,4.333333333333333,0.0,0.0,4,2015,14,Labels
2015-04-12,2,7.38,3.47,0.0,0.0,0.0,2.3333333333333335,0.0,0.0,4,2015,15,Labels
2015-04-19,9,97.11000000000001,45.64,0.0,2.0,0.0,0.6666666666666666,7.38,3.47,4,2015,16,Labels
2015-04-26,0,0.0,0.0,0.0,9.0,2.0,3.6666666666666665,97.11000000000001,45.64,4,2015,17,Labels
2015-05-03,0,0.0,0.0,0.0,0.0,9.0,3.6666666666666665,0.0,0.0,5,2015,18,Labels
2015-05-10,9,35.68,12.04,0.2,0.0,0.0,3.0,0.0,0.0,5,2015,19,Labels
2015-05-17,28,208.98000000000002,77.12,0.12000000000000002,9.0,0.0,3.0,35.68,12.04,5,2015,20,Labels
2015-05-24,2,8.26,3.8,0.0,28.0,9.0,12.333333333333334,208.98000000000002,77.12,5,2015,21,Labels
2015-05-31,15,47.09,21.25,0.05,2.0,28.0,13.0,8.26,3.8,5,2015,22,Labels
2015-06-07,0,0.0,0.0,0.0,15.0,2.0,15.0,47.09,21.25,6,2015,23,Labels
2015-06-14,6,50.46,20.19,0.1,0.0,15.0,5.666666666666667,0.0,0.0,6,2015,24,Labels
2015-06-21,2,5.9,1.99,0.2,6.0,0.0,7.0,50.46,20.19,6,2015,25,Labels
2015-06-28,2,4.61,1.67,0.2,2.0,6.0,2.6666666666666665,5.9,1.99,6,2015,26,Labels
2015-07-05,0,0.0,0.0,0.0,2.0,2.0,3.3333333333333335,4.61,1.67,7,2015,27,Labels
2015-07-12,3,27.669999999999998,12.979999999999999,0.0,0.0,2.0,1.3333333333333333,0.0,0.0,7,2015,28,Labels
2015-07-19,3,6.26,2.04,0.2,3.0,0.0,1.6666666666666667,27.669999999999998,12.979999999999999,7,2015,29,Labels
2015-07-26,0,0.0,0.0,0.0,3.0,3.0,2.0,6.26,2.04,7,2015,30,Labels
2015-08-02,0,0.0,0.0,0.0,0.0,3.0,2.0,0.0,0.0,8,2015,31,Labels
2015-08-09,3,9.0,3.15,0.2,0.0,0.0,1.0,0.0,0.0,8,2015,32,Labels
2015-08-16,1,5.04,1.64,0.2,3.0,0.0,1.0,9.0,3.15,8,2015,33,Labels
2015-08-23,3,8.64,4.23,0.0,1.0,3.0,1.3333333333333333,5.04,1.64,8,2015,34,Labels
2015-08-30,4,9.99,3.9899999999999998,0.1,3.0,1.0,2.3333333333333335,8.64,4.23,8,2015,35,Labels
2015-09-06,6,44.71,15.2,0.2,4.0,3.0,2.6666666666666665,9.99,3.9899999999999998,9,2015,36,Labels
2015-09-13,5,17.0,7.37,0.1,6.0,4.0,4.333333333333333,44.71,15.2,9,2015,37,Labels
2015-09-20,7,87.71,41.22,0.0,5.0,6.0,5.0,17.0,7.37,9,2015,38,Labels
2015-09-27,7,49.02,17.94,0.13333333333333333,7.0,5.0,6.0,87.71,41.22,9,2015,39,Labels
2015-10-04,0,0.0,0.0,0.0,7.0,7.0,6.333333333333333,49.02,17.94,10,2015,40,Labels
2015-10-11,8,76.2,36.57,0.0,0.0,7.0,4.666666666666667,0.0,0.0,10,2015,41,Labels
2015-10-18,4,15.68,7.46,0.0,8.0,0.0,5.0,76.2,36.57,10,2015,42,Labels
2015-10-25,0,0.0,0.0,0.0,4.0,8.0,4.0,15.68,7.46,10,2015,43,Labels
2015-11-01,22,579.72,246.89000000000001,0.06666666666666667,0.0,4.0,4.0,0.0,0.0,11,2015,44,Labels
2015-11-08,0,0.0,0.0,0.0,22.0,0.0,8.666666666666666,579.72,246.89000000000001,11,2015,45,Labels
2015-11-15,8,236.31,115.47,0.0,0.0,22.0,7.333333333333333,0.0,0.0,11,2015,46,Labels
2015-11-22,14,97.24,41.56999999999999,0.1,8.0,0.0,10.0,236.31,115.47,11,2015,47,Labels
2015-11-29,0,0.0,0.0,0.0,14.0,8.0,7.333333333333333,97.24,41.56999999999999,11,2015,48,Labels
2015-12-06,2,5.04,1.76,0.2,0.0,14.0,7.333333333333333,0.0,0.0,12,2015,49,Labels
2015-12-13,8,43.260000000000005,20.57,0.0,2.0,0.0,5.333333333333333,5.04,1.76,12,2015,50,Labels
2015-12-20,13,37.04,12.45,0.20000000000000004,8.0,2.0,3.3333333333333335,43.260000000000005,20.57,12,2015,51,Labels
2015-12-27,18,52.339999999999996,24.04,0.06666666666666667,13.0,8.0,7.666666666666667,37.04,12.45,12,2015,52,Labels
2016-01-03,0,0.0,0.0,0.0,18.0,13.0,13.0,52.339999999999996,24.04,1,2016,53,Labels
2016-01-10,4,55.21,25.27,0.06666666666666667,0.0,18.0,10.333333333333334,0.0,0.0,1,2016,1,Labels
2016-01-17,0,0.0,0.0,0.0,4.0,0.0,7.333333333333333,55.21,25.27,1,2016,2,Labels
2016-01-24,8,65.05,31.7,0.0,0.0,4.0,1.3333333333333333,0.0,0.0,1,2016,3,Labels
2016-01-31,9,26.01,12.22,0.0,8.0,0.0,4.0,65.05,31.7,1,2016,4,Labels
2016-02-07,2,5.04,1.76,0.2,9.0,8.0,5.666666666666667,26.01,12.22,2,2016,5,Labels
2016-02-14,5,29.24,9.87,0.2,2.0,9.0,6.333333333333333,5.04,1.76,2,2016,6,Labels
2016-02-21,3,8.67,4.07,0.0,5.0,2.0,5.333333333333333,29.24,9.87,2,2016,7,Labels
2016-02-28,0,0.0,0.0,0.0,3.0,5.0,3.3333333333333335,8.67,4.07,2,2016,8,Labels
2016-03-06,2,6.0,2.1,0.2,0.0,3.0,2.6666666666666665,0.0,0.0,3,2016,9,Labels
2016-03-13,19,158.65,74.69,0.0,2.0,0.0,1.6666666666666667,6.0,2.1,3,2016,10,Labels
2016-03-20,0,0.0,0.0,0.0,19.0,2.0,7.0,158.65,74.69,3,2016,11,Labels
2016-03-27,0,0.0,0.0,0.0,0.0,19.0,7.0,0.0,0.0,3,2016,12,Labels
2016-04-03,4,10.08,3.53,0.2,0.0,0.0,6.333333333333333,0.0,0.0,4,2016,13,Labels
2016-04-10,3,13.95,6.709999999999999,0.0,4.0,0.0,1.3333333333333333,10.08,3.53,4,2016,14,Labels
2016-04-17,8,629.18,228.08,0.2,3.0,4.0,2.3333333333333335,13.95,6.709999999999999,4,2016,15,Labels
2016-04-24,0,0.0,0.0,0.0,8.0,3.0,5.0,629.18,228.08,4,2016,16,Labels
2016-05-01,4,15.71,5.7,0.2,0.0,8.0,3.6666666666666665,0.0,0.0,5,2016,17,Labels
2016-05-08,9,37.230000000000004,16.740000000000002,0.06666666666666667,4.0,0.0,4.0,15.71,5.7,5,2016,18,Labels
2016-05-15,18,122.65,55.519999999999996,0.08,9.0,4.0,4.333333333333333,37.230000000000004,16.740000000000002,5,2016,19,Labels
2016-05-22,5,29.35,14.09,0.0,18.0,9.0,10.333333333333334,122.65,55.519999999999996,5,2016,20,Labels
2016-05-29,0,0.0,0.0,0.0,5.0,18.0,10.666666666666666,29.35,14.09,5,2016,21,Labels
2016-06-05,6,62.1,29.81,0.0,0.0,5.0,7.666666666666667,0.0,0.0,6,2016,22,Labels
2016-06-12,7,22.05,10.58,0.0,6.0,0.0,3.6666666666666665,62.1,29.81,6,2016,23,Labels
2016-06-19,12,50.849999999999994,24.03,0.0,7.0,6.0,4.333333333333333,22.05,10.58,6,2016,24,Labels
2016-06-26,19,188.32999999999998,87.3,0.0,12.0,7.0,8.333333333333334,50.849999999999994,24.03,6,2016,25,Labels
2016-07-03,3,7.83,3.6,0.0,19.0,12.0,12.666666666666666,188.32999999999998,87.3,7,2016,26,Labels
2016-07-10,7,59.41,27.2,0.13333333333333333,3.0,19.0,11.333333333333334,7.83,3.6,7,2016,27,Labels
2016-07-17,9,102.33,48.089999999999996,0.0,7.0,3.0,9.666666666666666,59.41,27.2,7,2016,28,Labels
2016-07-24,6,15.71,6.57,0.06666666666666667,9.0,7.0,6.333333333333333,102.33,48.089999999999996,7,2016,29,Labels
2016-07-31,11,43.86,17.509999999999998,0.13333333333333333,6.0,9.0,7.333333333333333,15.71,6.57,7,2016,30,Labels
2016-08-07,0,0.0,0.0,0.0,11.0,6.0,8.666666666666666,43.86,17.509999999999998,8,2016,31,Labels
2016-08-14,17,178.5,79.03999999999999,0.06666666666666667,0.0,11.0,5.666666666666667,0.0,0.0,8,2016,32,Labels
2016-08-21,5,12.370000000000001,4.85,0.1,17.0,0.0,9.333333333333334,178.5,79.03999999999999,8,2016,33,Labels
2016-08-28,11,72.01,32.6,0.06666666666666667,5.0,17.0,7.333333333333333,12.370000000000001,4.85,8,2016,34,Labels
2016-09-04,10,100.24,33.83,0.2,11.0,5.0,11.0,72.01,32.6,9,2016,35,Labels
2016-09-11,0,0.0,0.0,0.0,10.0,11.0,8.666666666666666,100.24,33.83,9,2016,36,Labels
2016-09-18,11,143.21,66.02,0.05,0.0,10.0,7.0,0.0,0.0,9,2016,37,Labels
2016-09-25,17,102.5,42.13,0.10000000000000002,11.0,0.0,7.0,143.21,66.02,9,2016,38,Labels
2016-10-02,7,23.77,8.78,0.1,17.0,11.0,9.333333333333334,102.5,42.13,10,2016,39,Labels
2016-10-09,12,51.7,21.38,0.06666666666666667,7.0,17.0,11.666666666666666,23.77,8.78,10,2016,40,Labels
2016-10-16,22,83.74,39.11,0.05,12.0,7.0,12.0,51.7,21.38,10,2016,41,Labels
2016-10-23,0,0.0,0.0,0.0,22.0,12.0,13.666666666666666,83.74,39.11,10,2016,42,Labels
2016-10-30,0,0.0,0.0,0.0,0.0,22.0,11.333333333333334,0.0,0.0,10,2016,43,Labels
2016-11-06,2,14.62,6.87,0.0,0.0,0.0,7.333333333333333,0.0,0.0,11,2016,44,Labels
2016-11-13,5,20.939999999999998,8.97,0.1,2.0,0.0,0.6666666666666666,14.62,6.87,11,2016,45,Labels
2016-11-20,14,89.35,32.46,0.1,5.0,2.0,2.3333333333333335,20.939999999999998,8.97,11,2016,46,Labels
2016-11-27,1,2.09,0.68,0.2,14.0,5.0,7.0,89.35,32.46,11,2016,47,Labels
2016-12-04,0,0.0,0.0,0.0,1.0,14.0,6.666666666666667,2.09,0.68,12,2016,48,Labels
2016-12-11,8,31.95,14.11,0.06666666666666667,0.0,1.0,5.0,0.0,0.0,12,2016,49,Labels
2016-12-18,2,5.76,2.82,0.0,8.0,0.0,3.0,31.95,14.11,12,2016,50,Labels
2016-12-25,9,45.36,14.74,0.2,2.0,8.0,3.3333333333333335,5.76,2.82,12,2016,51,Labels
2017-01-01,10,28.67,13.07,0.06666666666666667,9.0,2.0,6.333333333333333,45.36,14.74,1,2017,52,Labels
2017-01-08,7,16.65,6.26,0.13333333333333333,10.0,9.0,7.0,28.67,13.07,1,2017,1,Labels
2017-01-15,4,15.94,5.18,0.2,7.0,10.0,8.666666666666666,16.65,6.26,1,2017,2,Labels
2017-01-22,7,17.52,6.279999999999999,0.2,4.0,7.0,7.0,15.94,5.18,1,2017,3,Labels
2017-01-29,2,5.22,2.4,0.0,7.0,4.0,6.0,17.52,6.279999999999999,1,2017,4,Labels
2017-02-05,3,14.94,6.87,0.0,2.0,7.0,4.333333333333333,5.22,2.4,2,2017,5,Labels
2017-02-12,13,104.60000000000001,50.02,0.06666666666666667,3.0,2.0,4.0,14.94,6.87,2,2017,6,Labels
2017-02-19,2,9.82,4.81,0.0,13.0,3.0,6.0,104.60000000000001,50.02,2,2017,7,Labels
2017-02-26,0,0.0,0.0,0.0,2.0,13.0,6.0,9.82,4.81,2,2017,8,Labels
2017-03-05,0,0.0,0.0,0.0,0.0,2.0,5.0,0.0,0.0,3,2017,9,Labels
2017-03-12,17,98.75,44.29,0.04,0.0,0.0,0.6666666666666666,0.0,0.0,3,2017,10,Labels
2017-03-19,15,59.58,27.41,0.05,17.0,0.0,5.666666666666667,98.75,44.29,3,2017,11,Labels
2017-03-26,0,0.0,0.0,0.0,15.0,17.0,10.666666666666666,59.58,27.41,3,2017,12,Labels
2017-04-02,2,8.26,3.8,0.0,0.0,15.0,10.666666666666666,0.0,0.0,4,2017,13,Labels
2017-04-09,1,2.46,0.86,0.2,2.0,0.0,5.666666666666667,8.26,3.8,4,2017,14,Labels
2017-04-16,4,28.61,10.600000000000001,0.2,1.0,2.0,1.0,2.46,0.86,4,2017,15,Labels
2017-04-23,1,3.0,1.05,0.2,4.0,1.0,2.3333333333333335,28.61,10.600000000000001,4,2017,16,Labels
2017-04-30,16,66.51,30.03,0.08,1.0,4.0,2.0,3.0,1.05,4,2017,17,Labels
2017-05-07,2,25.06,11.78,0.0,16.0,1.0,7.0,66.51,30.03,5,2017,18,Labels
2017-05-14,30,291.24,142.59,0.03333333333333333,2.0,16.0,6.333333333333333,25.06,11.78,5,2017,19,Labels
2017-05-21,4,13.22,4.3,0.2,30.0,2.0,16.0,291.24,142.59,5,2017,20,Labels
2017-05-28,0,0.0,0.0,0.0,4.0,30.0,12.0,13.22,4.3,5,2017,21,Labels
2017-06-04,6,16.45,7.359999999999999,0.1,0.0,4.0,11.333333333333334,0.0,0.0,6,2017,22,Labels
2017-06-11,21,247.36,100.99000000000001,0.05,6.0,0.0,3.3333333333333335,16.45,7.359999999999999,6,2017,23,Labels
2017-06-18,3,44.4,22.2,0.0,21.0,6.0,9.0,247.36,100.99000000000001,6,2017,24,Labels
2017-06-25,8,80.86000000000001,31.45,0.1,3.0,21.0,10.0,44.4,22.2,6,2017,25,Labels
2017-07-02,6,13.87,4.68,0.2,8.0,3.0,10.666666666666666,80.86000000000001,31.45,7,2017,26,Labels
2017-07-09,8,120.83,52.0,0.1,6.0,8.0,5.666666666666667,13.87,4.68,7,2017,27,Labels
2017-07-16,3,7.83,3.6,0.0,8.0,6.0,7.333333333333333,120.83,52.0,7,2017,28,Labels
2017-07-23,6,56.019999999999996,26.740000000000002,0.0,3.0,8.0,5.666666666666667,7.83,3.6,7,2017,29,Labels
2017-07-30,15,49.78,23.18,0.06666666666666667,6.0,3.0,5.666666666666667,56.019999999999996,26.740000000000002,7,2017,30,Labels
2017-08-06,2,20.7,9.94,0.0,15.0,6.0,8.0,49.78,23.18,8,2017,31,Labels
2017-08-13,28,968.61,468.33,0.04,2.0,15.0,7.666666666666667,20.7,9.94,8,2017,32,Labels
2017-08-20,10,56.16,26.0,0.0,28.0,2.0,15.0,968.61,468.33,8,2017,33,Labels
2017-08-27,0,0.0,0.0,0.0,10.0,28.0,13.333333333333334,56.16,26.0,8,2017,34,Labels
2017-09-03,0,0.0,0.0,0.0,0.0,10.0,12.666666666666666,0.0,0.0,9,2017,35,Labels
2017-09-10,18,61.15,23.380000000000003,0.12000000000000002,0.0,0.0,3.3333333333333335,0.0,0.0,9,2017,36,Labels
2017-09-17,16,76.86,35.79,0.0,18.0,0.0,6.0,61.15,23.380000000000003,9,2017,37,Labels
2017-09-24,17,279.40999999999997,106.4,0.06666666666666667,16.0,18.0,11.333333333333334,76.86,35.79,9,2017,38,Labels
2017-10-01,11,49.33,19.5,0.13333333333333333,17.0,16.0,17.0,279.40999999999997,106.4,10,2017,39,Labels
2017-10-08,4,11.56,5.43,0.0,11.0,17.0,14.666666666666666,49.33,19.5,10,2017,40,Labels
2017-10-15,16,201.61,90.11,0.05,4.0,11.0,10.666666666666666,11.56,5.43,10,2017,41,Labels
2017-10-22,6,28.3,13.83,0.0,16.0,4.0,10.333333333333334,201.61,90.11,10,2017,42,Labels
2017-10-29,10,42.85,18.25,0.06666666666666667,6.0,16.0,8.666666666666666,28.3,13.83,10,2017,43,Labels
2017-11-05,13,88.29,42.010000000000005,0.0,10.0,6.0,10.666666666666666,42.85,18.25,11,2017,44,Labels
2017-11-12,8,19.11,7.460000000000001,0.1,13.0,10.0,9.666666666666666,88.29,42.010000000000005,11,2017,45,Labels
2017-11-19,3,8.64,4.23,0.0,8.0,13.0,10.333333333333334,19.11,7.460000000000001,11,2017,46,Labels
2017-11-26,5,11.52,4.18,0.2,3.0,8.0,8.0,8.64,4.23,11,2017,47,Labels
2017-12-03,5,62.65,29.45,0.0,5.0,3.0,5.333333333333333,11.52,4.18,12,2017,48,Labels
2017-12-10,4,12.06,4.95,0.1,5.0,5.0,4.333333333333333,62.65,29.45,12,2017,49,Labels
2017-12-17,8,63.0,31.009999999999998,0.0,4.0,5.0,4.666666666666667,12.06,4.95,12,2017,50,Labels
2017-12-24,5,18.45,8.67,0.0,8.0,4.0,5.666666666666667,63.0,31.009999999999998,12,2017,51,Labels
2017-12-31,7,72.45,34.78,0.0,5.0,8.0,5.666666666666667,18.45,8.67,12,2017,52,Labels
2014-01-26,11,76.2,36.91,0.0,11.0,36.0,16.666666666666668,93.47,32.71,1,2014,4,Paper
2014-02-02,2,10.56,4.75,0.0,11.0,11.0,19.333333333333332,76.2,36.91,2,2014,5,Paper
2014-02-09,24,130.81,52.51,0.10000000000000002,2.0,11.0,8.0,10.56,4.75,2,2014,6,Paper
2014-02-16,11,187.64999999999998,90.05,0.1,24.0,2.0,12.333333333333334,130.81,52.51,2,2014,7,Paper
2014-02-23,5,32.400000000000006,15.55,0.0,11.0,24.0,12.333333333333334,187.64999999999998,90.05,2,2014,8,Paper
2014-03-02,9,72.13,24.34,0.20000000000000004,5.0,11.0,13.333333333333334,32.400000000000006,15.55,3,2014,9,Paper
2014-03-09,5,132.98,52.5,0.1,9.0,5.0,8.333333333333334,72.13,24.34,3,2014,10,Paper
2014-03-16,24,389.32000000000005,136.81,0.16666666666666666,5.0,9.0,6.333333333333333,132.98,52.5,3,2014,11,Paper
2014-03-23,38,603.13,255.39,0.1111111111111111,24.0,5.0,12.666666666666666,389.32000000000005,136.81,3,2014,12,Paper
2014-03-30,5,24.9,11.7,0.0,38.0,24.0,22.333333333333332,603.13,255.39,3,2014,13,Paper
2014-04-06,11,82.86,37.65,0.05,5.0,38.0,22.333333333333332,24.9,11.7,4,2014,14,Paper
2014-04-13,23,478.56,207.07000000000002,0.05,11.0,5.0,18.0,82.86,37.65,4,2014,15,Paper
2014-04-20,11,71.28,34.21,0.0,23.0,11.0,13.0,478.56,207.07000000000002,4,2014,16,Paper
2014-04-27,3,59.279999999999994,26.619999999999997,0.1,11.0,23.0,15.0,71.28,34.21,4,2014,17,Paper
2014-05-04,5,166.26,78.96,0.0,3.0,11.0,12.333333333333334,59.279999999999994,26.619999999999997,5,2014,18,Paper
2014-05-11,14,220.76,104.87,0.0,5.0,3.0,6.333333333333333,166.26,78.96,5,2014,19,Paper
2014-05-18,11,77.03999999999999,34.15,0.1,14.0,5.0,7.333333333333333,220.76,104.87,5,2014,20,Paper
2014-05-25,13,177.0,83.97999999999999,0.06666666666666667,11.0,14.0,10.0,77.03999999999999,34.15,5,2014,21,Paper
2014-06-01,16,127.96,59.68,0.0,13.0,11.0,12.666666666666666,177.0,83.97999999999999,6,2014,22,Paper
2014-06-08,2,62.02,22.48,0.2,16.0,13.0,13.333333333333334,127.96,59.68,6,2014,23,Paper
2014-06-15,10,122.43,46.57,0.13333333333333333,2.0,16.0,10.333333333333334,62.02,22.48,6,2014,24,Paper
2014-06-22,10,108.87,41.04,0.15000000000000002,10.0,2.0,9.333333333333334,122.43,46.57,6,2014,25,Paper
2014-06-29,12,376.99,131.95000000000002,0.2,10.0,10.0,7.333333333333333,108.87,41.04,6,2014,26,Paper
2014-07-06,24,517.9,206.06,0.1,12.0,10.0,10.666666666666666,376.99,131.95000000000002,7,2014,27,Paper
2014-07-13,17,339.46,158.5,0.04,24.0,12.0,15.333333333333334,517.9,206.06,7,2014,28,Paper
2014-07-20,5,34.79,16.59,0.0,17.0,24.0,17.666666666666668,339.46,158.5,7,2014,29,Paper
2014-07-27,12,72.26,35.41,0.0,5.0,17.0,15.333333333333334,34.79,16.59,7,2014,30,Paper
2014-08-03,0,0.0,0.0,0.0,12.0,5.0,11.333333333333334,72.26,35.41,8,2014,31,Paper
2014-08-10,15,342.94,130.38,0.15000000000000002,0.0,12.0,5.666666666666667,0.0,0.0,8,2014,32,Paper
2014-08-17,17,277.16,112.3,0.12000000000000002,15.0,0.0,9.0,342.94,130.38,8,2014,33,Paper
2014-08-24,33,392.67,145.42999999999998,0.07500000000000001,17.0,15.0,10.666666666666666,277.16,112.3,8,2014,34,Paper
2014-08-31,13,83.98,36.39,0.04,33.0,17.0,21.666666666666668,392.67,145.42999999999998,8,2014,35,Paper
2014-09-07,20,181.62,81.84,0.08,13.0,33.0,21.0,83.98,36.39,9,2014,36,Paper
2014-09-14,39,370.47,153.67000000000002,0.13333333333333333,20.0,13.0,22.0,181.62,81.84,9,2014,37,Paper
2014-09-21,37,314.48,116.78,0.08,39.0,20.0,24.0,370.47,153.67000000000002,9,2014,38,Paper
2014-09-28,41,336.26,131.81,0.125,37.0,39.0,32.0,314.48,116.78,9,2014,39,Paper
2014-10-05,15,231.76,107.72,0.05714285714285715,41.0,37.0,39.0,336.26,131.81,10,2014,40,Paper
2014-10-12,24,219.56,100.62,0.0,15.0,41.0,31.0,231.76,107.72,10,2014,41,Paper
2014-10-19,31,581.48,217.08999999999997,0.1142857142857143,24.0,15.0,26.666666666666668,219.56,100.62,10,2014,42,Paper
2014-10-26,3,14.18,4.87,0.2,31.0,24.0,23.333333333333332,581.48,217.08999999999997,10,2014,43,Paper
2014-11-02,22,173.1,78.52999999999999,0.08,3.0,31.0,19.333333333333332,14.18,4.87,11,2014,44,Paper
2014-11-09,31,378.02,171.70999999999998,0.06666666666666667,22.0,3.0,18.666666666666668,173.1,78.52999999999999,11,2014,45,Paper
2014-11-16,38,529.06,208.81,0.1,31.0,22.0,18.666666666666668,378.02,171.70999999999998,11,2014,46,Paper
2014-11-23,45,1727.31,820.57,0.05000000000000001,38.0,31.0,30.333333333333332,529.06,208.81,11,2014,47,Paper
2014-11-30,18,214.13,98.13,0.08,45.0,38.0,38.0,1727.31,820.57,11,2014,48,Paper
2014-12-07,17,84.28999999999999,34.160000000000004,0.13333333333333333,18.0,45.0,33.666666666666664,214.13,98.13,12,2014,49,Paper
2014-12-14,23,179.95999999999998,74.59,0.12000000000000002,17.0,18.0,26.666666666666668,84.28999999999999,34.160000000000004,12,2014,50,Paper
2014-12-21,27,422.33,160.05,0.16666666666666666,23.0,17.0,19.333333333333332,179.95999999999998,74.59,12,2014,51,Paper
2014-12-28,24,381.09000000000003,156.45999999999998,0.125,27.0,23.0,22.333333333333332,422.33,160.05,12,2014,52,Paper
2015-01-04,7,210.57999999999998,98.97,0.0,24.0,27.0,24.666666666666668,381.09000000000003,156.45999999999998,1,2015,1,Paper
2015-01-11,16,67.52,25.18,0.06666666666666667,7.0,24.0,19.333333333333332,210.57999999999998,98.97,1,2015,2,Paper
2015-01-18,15,184.58,86.12,0.0,16.0,7.0,15.666666666666666,67.52,25.18,1,2015,3,Paper
2015-01-25,0,0.0,0.0,0.0,15.0,16.0,12.666666666666666,184.58,86.12,1,2015,4,Paper
2015-02-01,19,230.02,104.89999999999999,0.05,0.0,15.0,10.333333333333334,0.0,0.0,2,2015,5,Paper
2015-02-08,15,75.9,30.18,0.13333333333333333,19.0,0.0,11.333333333333334,230.02,104.89999999999999,2,2015,6,Paper
2015-02-15,3,19.44,9.33,0.0,15.0,19.0,11.333333333333334,75.9,30.18,2,2015,7,Paper
2015-02-22,13,121.84,56.55,0.0,3.0,15.0,12.333333333333334,19.44,9.33,2,2015,8,Paper
2015-03-01,6,33.089999999999996,13.850000000000001,0.1,13.0,3.0,10.333333333333334,121.84,56.55,3,2015,9,Paper
2015-03-08,4,14.69,5.33,0.2,6.0,13.0,7.333333333333333,33.089999999999996,13.850000000000001,3,2015,10,Paper
2015-03-15,12,220.54999999999998,99.82,0.06666666666666667,4.0,6.0,7.666666666666667,14.69,5.33,3,2015,11,Paper
2015-03-22,41,794.6999999999999,324.29,0.07500000000000001,12.0,4.0,7.333333333333333,220.54999999999998,99.82,3,2015,12,Paper
2015-03-29,46,634.79,280.7,0.08,41.0,12.0,19.0,794.6999999999999,324.29,3,2015,13,Paper
2015-04-05,13,161.79999999999998,64.14,0.13333333333333333,46.0,41.0,33.0,634.79,280.7,4,2015,14,Paper
2015-04-12,22,421.4,201.17000000000002,0.04,13.0,46.0,33.333333333333336,161.79999999999998,64.14,4,2015,15,Paper
2015-04-19,14,113.43,40.010000000000005,0.15000000000000002,22.0,13.0,27.0,421.4,201.17000000000002,4,2015,16,Paper
2015-04-26,3,117.46,44.05,0.2,14.0,22.0,16.333333333333332,113.43,40.010000000000005,4,2015,17,Paper
2015-05-03,3,14.45,6.0,0.1,3.0,14.0,13.0,117.46,44.05,5,2015,18,Paper
2015-05-10,2,10.56,4.75,0.0,3.0,3.0,6.666666666666667,14.45,6.0,5,2015,19,Paper
2015-05-17,3,14.09,4.93,0.2,2.0,3.0,2.6666666666666665,10.56,4.75,5,2015,20,Paper
2015-05-24,2,10.86,5.32,0.0,3.0,2.0,2.6666666666666665,14.09,4.93,5,2015,21,Paper
2015-05-31,43,947.01,389.45,0.08888888888888889,2.0,3.0,2.3333333333333335,10.86,5.32,5,2015,22,Paper
2015-06-07,10,85.82000000000001,32.53,0.13333333333333333,43.0,2.0,16.0,947.01,389.45,6,2015,23,Paper
2015-06-14,40,437.52,162.54,0.07272727272727274,10.0,43.0,18.333333333333332,85.82000000000001,32.53,6,2015,24,Paper
2015-06-21,13,75.96,27.56,0.16,40.0,10.0,31.0,437.52,162.54,6,2015,25,Paper
2015-06-28,21,137.66,48.12,0.2,13.0,40.0,21.0,75.96,27.56,6,2015,26,Paper
2015-07-05,16,125.46000000000001,56.41,0.04,21.0,13.0,24.666666666666668,137.66,48.12,7,2015,27,Paper
2015-07-12,11,122.82,45.54,0.1,16.0,21.0,16.666666666666668,125.46000000000001,56.41,7,2015,28,Paper
2015-07-19,15,148.22,69.67,0.05,11.0,16.0,16.0,122.82,45.54,7,2015,29,Paper
2015-07-26,11,147.55,67.71,0.05,15.0,11.0,14.0,148.22,69.67,7,2015,30,Paper
2015-08-02,5,28.98,13.620000000000001,0.0,11.0,15.0,12.333333333333334,147.55,67.71,8,2015,31,Paper
2015-08-09,27,294.23,101.56,0.12000000000000002,5.0,11.0,10.333333333333334,28.98,13.620000000000001,8,2015,32,Paper
2015-08-16,22,414.98999999999995,150.76999999999998,0.16,27.0,5.0,14.333333333333334,294.23,101.56,8,2015,33,Paper
2015-08-23,23,409.31000000000006,185.35,0.10000000000000002,22.0,27.0,18.0,414.98999999999995,150.76999999999998,8,2015,34,Paper
2015-08-30,5,114.2,52.53,0.0,23.0,22.0,24.0,409.31000000000006,185.35,8,2015,35,Paper
2015-09-06,23,250.10999999999999,115.22,0.04,5.0,23.0,16.666666666666668,114.2,52.53,9,2015,36,Paper
2015-09-13,30,660.66,313.37,0.022222222222222223,23.0,5.0,17.0,250.10999999999999,115.22,9,2015,37,Paper
2015-09-20,39,455.41,217.8,0.022222222222222223,30.0,23.0,19.333333333333332,660.66,313.37,9,2015,38,Paper
2015-09-27,44,732.25,313.48,0.06666666666666667,39.0,30.0,30.666666666666668,455.41,217.8,9,2015,39,Paper
2015-10-04,0,0.0,0.0,0.0,44.0,39.0,37.666666666666664,732.25,313.48,10,2015,40,Paper
2015-10-11,12,293.76,132.49,0.0,0.0,44.0,27.666666666666668,0.0,0.0,10,2015,41,Paper
2015-10-18,31,346.28999999999996,160.29,0.028571428571428574,12.0,0.0,18.666666666666668,293.76,132.49,10,2015,42,Paper
2015-10-25,27,193.51,76.69,0.1142857142857143,31.0,12.0,14.333333333333334,346.28999999999996,160.29,10,2015,43,Paper
2015-11-01,8,165.3,63.85,0.1,27.0,31.0,23.333333333333332,193.51,76.69,11,2015,44,Paper
2015-11-08,8,62.37,29.04,0.0,8.0,27.0,22.0,165.3,63.85,11,2015,45,Paper
2015-11-15,43,536.03,222.23,0.06666666666666668,8.0,8.0,14.333333333333334,62.37,29.04,11,2015,46,Paper
2015-11-22,38,493.81,231.74,0.0,43.0,8.0,19.666666666666668,536.03,222.23,11,2015,47,Paper
2015-11-29,59,1688.71,718.44,0.03076923076923077,38.0,43.0,29.666666666666668,493.81,231.74,11,2015,48,Paper
2015-12-06,31,236.74,89.49000000000001,0.06666666666666667,59.0,38.0,46.666666666666664,1688.71,718.44,12,2015,49,Paper
2015-12-13,32,295.40999999999997,141.45,0.025,31.0,59.0,42.666666666666664,236.74,89.49000000000001,12,2015,50,Paper
2015-12-20,18,244.5,115.56,0.03333333333333333,32.0,31.0,40.666666666666664,295.40999999999997,141.45,12,2015,51,Paper
2015-12-27,44,757.37,344.44,0.03636363636363637,18.0,32.0,27.0,244.5,115.56,12,2015,52,Paper
2016-01-03,5,131.9,60.67,0.0,44.0,18.0,31.333333333333332,757.37,344.44,1,2016,53,Paper
2016-01-10,31,369.54,163.93,0.06666666666666668,5.0,44.0,22.333333333333332,131.9,60.67,1,2016,1,Paper
2016-01-17,16,213.92000000000002,103.74000000000001,0.0,31.0,5.0,26.666666666666668,369.54,163.93,1,2016,2,Paper
2016-01-24,2,12.96,6.22,0.0,16.0,31.0,17.333333333333332,213.92000000000002,103.74000000000001,1,2016,3,Paper
2016-01-31,17,246.76,94.32000000000001,0.1,2.0,16.0,16.333333333333332,12.96,6.22,1,2016,4,Paper
2016-02-07,10,54.55,20.54,0.1,17.0,2.0,11.666666666666666,246.76,94.32000000000001,2,2016,5,Paper
2016-02-14,14,237.37,112.12,0.05,10.0,17.0,9.666666666666666,54.55,20.54,2,2016,6,Paper
2016-02-21,5,92.56,40.690000000000005,0.13333333333333333,14.0,10.0,13.666666666666666,237.37,112.12,2,2016,7,Paper
2016-02-28,0,0.0,0.0,0.0,5.0,14.0,9.666666666666666,92.56,40.690000000000005,2,2016,8,Paper
2016-03-06,10,53.05,18.72,0.2,0.0,5.0,6.333333333333333,0.0,0.0,3,2016,9,Paper
2016-03-13,53,1075.94,471.28999999999996,0.07692307692307693,10.0,0.0,5.0,53.05,18.72,3,2016,10,Paper
2016-03-20,17,370.62,169.98,0.06666666666666667,53.0,10.0,21.0,1075.94,471.28999999999996,3,2016,11,Paper
2016-03-27,4,40.120000000000005,18.98,0.0,17.0,53.0,26.666666666666668,370.62,169.98,3,2016,12,Paper
2016-04-03,7,76.33000000000001,31.16,0.05,4.0,17.0,24.666666666666668,40.120000000000005,18.98,4,2016,13,Paper
2016-04-10,21,396.24,184.21999999999997,0.06666666666666667,7.0,4.0,9.333333333333334,76.33000000000001,31.16,4,2016,14,Paper
2016-04-17,25,514.21,219.93,0.08571428571428573,21.0,7.0,10.666666666666666,396.24,184.21999999999997,4,2016,15,Paper
2016-04-24,35,742.05,269.2,0.15000000000000002,25.0,21.0,17.666666666666668,514.21,219.93,4,2016,16,Paper
2016-05-01,0,0.0,0.0,0.0,35.0,25.0,27.0,742.05,269.2,5,2016,17,Paper
2016-05-08,29,1000.92,465.17,0.06666666666666667,0.0,35.0,20.0,0.0,0.0,5,2016,18,Paper
2016-05-15,27,198.48000000000002,80.17,0.15000000000000002,29.0,0.0,21.333333333333332,1000.92,465.17,5,2016,19,Paper
2016-05-22,25,260.43,112.69,0.08,27.0,29.0,18.666666666666668,198.48000000000002,80.17,5,2016,20,Paper
2016-05-29,45,843.4100000000001,389.56,0.06666666666666667,25.0,27.0,27.0,260.43,112.69,5,2016,21,Paper
2016-06-05,27,791.78,368.22,0.10000000000000002,45.0,25.0,32.333333333333336,843.4100000000001,389.56,6,2016,22,Paper
2016-06-12,41,986.5799999999999,443.6,0.05000000000000001,27.0,45.0,32.333333333333336,791.78,368.22,6,2016,23,Paper
2016-06-19,22,540.51,220.81,0.10000000000000002,41.0,27.0,37.666666666666664,986.5799999999999,443.6,6,2016,24,Paper
2016-06-26,42,809.57,380.45,0.06000000000000001,22.0,41.0,30.0,540.51,220.81,6,2016,25,Paper
2016-07-03,16,155.69,59.75,0.15000000000000002,42.0,22.0,35.0,809.57,380.45,7,2016,26,Paper
2016-07-10,22,171.22,79.54,0.028571428571428574,16.0,42.0,26.666666666666668,155.69,59.75,7,2016,27,Paper
2016-07-17,39,568.25,227.5,0.06000000000000001,22.0,16.0,26.666666666666668,171.22,79.54,7,2016,28,Paper
2016-07-24,16,302.02,144.57000000000002,0.1,39.0,22.0,25.666666666666668,568.25,227.5,7,2016,29,Paper
2016-07-31,9,196.04000000000002,95.65,0.0,16.0,39.0,25.666666666666668,302.02,144.57000000000002,7,2016,30,Paper
2016-08-07,22,141.22,61.53,0.07500000000000001,9.0,16.0,21.333333333333332,196.04000000000002,95.65,8,2016,31,Paper
2016-08-14,44,353.58,144.7,0.09090909090909091,22.0,9.0,15.666666666666666,141.22,61.53,8,2016,32,Paper
2016-08-21,28,214.24,91.55,0.04,44.0,22.0,25.0,353.58,144.7,8,2016,33,Paper
2016-08-28,23,206.72,82.74,0.1111111111111111,28.0,44.0,31.333333333333332,214.24,91.55,8,2016,34,Paper
2016-09-04,10,82.56,31.41,0.1,23.0,28.0,31.666666666666668,206.72,82.74,9,2016,35,Paper
2016-09-11,17,82.0,30.03,0.13333333333333333,10.0,23.0,20.333333333333332,82.56,31.41,9,2016,36,Paper
2016-09-18,31,492.25,237.89000000000001,0.044444444444444446,17.0,10.0,16.666666666666668,82.0,30.03,9,2016,37,Paper
2016-09-25,57,522.75,237.94,0.03636363636363637,31.0,17.0,19.333333333333332,492.25,237.89000000000001,9,2016,38,Paper
2016-10-02,21,218.8,87.71000000000001,0.028571428571428574,57.0,31.0,35.0,522.75,237.94,10,2016,39,Paper
2016-10-09,17,160.89,78.03,0.0,21.0,57.0,36.333333333333336,218.8,87.71000000000001,10,2016,40,Paper
2016-10-16,84,1081.81,477.0,0.06666666666666668,17.0,21.0,31.666666666666668,160.89,78.03,10,2016,41,Paper
2016-10-23,27,527.8000000000001,232.86999999999998,0.08,84.0,17.0,40.666666666666664,1081.81,477.0,10,2016,42,Paper
2016-10-30,11,104.85999999999999,48.31,0.06666666666666667,27.0,84.0,42.666666666666664,527.8000000000001,232.86999999999998,10,2016,43,Paper
2016-11-06,7,38.040000000000006,13.91,0.1,11.0,27.0,40.666666666666664,104.85999999999999,48.31,11,2016,44,Paper
2016-11-13,16,263.43,95.15,0.16,7.0,11.0,15.0,38.040000000000006,13.91,11,2016,45,Paper
2016-11-20,27,451.06,206.48999999999998,0.08888888888888889,16.0,7.0,11.333333333333334,263.43,95.15,11,2016,46,Paper
2016-11-27,45,572.24,254.07,0.07142857142857142,27.0,16.0,16.666666666666668,451.06,206.48999999999998,11,2016,47,Paper
2016-12-04,17,150.76,71.11,0.028571428571428574,45.0,27.0,29.333333333333332,572.24,254.07,12,2016,48,Paper
2016-12-11,25,425.43,189.33,0.05,17.0,45.0,29.666666666666668,150.76,71.11,12,2016,49,Paper
2016-12-18,19,135.02,57.29,0.05,25.0,17.0,29.0,425.43,189.33,12,2016,50,Paper
2016-12-25,20,279.39,131.22,0.03333333333333333,19.0,25.0,20.333333333333332,135.02,57.29,12,2016,51,Paper
2017-01-01,39,412.45,149.52,0.17500000000000002,20.0,19.0,21.333333333333332,279.39,131.22,1,2017,52,Paper
2017-01-08,26,132.88,54.519999999999996,0.1,39.0,20.0,26.0,412.45,149.52,1,2017,1,Paper
2017-01-15,48,729.83,344.27,0.016666666666666666,26.0,39.0,28.333333333333332,132.88,54.519999999999996,1,2017,2,Paper
2017-01-22,18,181.93,80.99000000000001,0.04,48.0,26.0,37.666666666666664,729.83,344.27,1,2017,3,Paper
2017-01-29,17,420.10999999999996,204.45000000000002,0.0,18.0,48.0,30.666666666666668,181.93,80.99000000000001,1,2017,4,Paper
2017-02-05,18,196.44,85.59,0.05,17.0,18.0,27.666666666666668,420.10999999999996,204.45000000000002,2,2017,5,Paper
2017-02-12,55,735.63,322.27,0.07500000000000001,18.0,17.0,17.666666666666668,196.44,85.59,2,2017,6,Paper
2017-02-19,7,67.64,32.76,0.0,55.0,18.0,30.0,735.63,322.27,2,2017,7,Paper
2017-02-26,11,161.36,55.58,0.1,7.0,55.0,26.666666666666668,67.64,32.76,2,2017,8,Paper
2017-03-05,30,704.92,257.06,0.125,11.0,7.0,24.333333333333332,161.36,55.58,3,2017,9,Paper
2017-03-12,72,1316.32,568.25,0.11578947368421054,30.0,11.0,16.0,704.92,257.06,3,2017,10,Paper
2017-03-19,24,697.3000000000001,332.34000000000003,0.03333333333333333,72.0,30.0,37.666666666666664,1316.32,568.25,3,2017,11,Paper
2017-03-26,32,1004.6999999999999,429.23,0.08888888888888889,24.0,72.0,42.0,697.3000000000001,332.34000000000003,3,2017,12,Paper
2017-04-02,19,261.26,124.37,0.0,32.0,24.0,42.666666666666664,1004.6999999999999,429.23,4,2017,13,Paper
2017-04-09,26,221.75,88.22,0.1,19.0,32.0,25.0,261.26,124.37,4,2017,14,Paper
2017-04-16,26,254.27,97.44,0.13333333333333336,26.0,19.0,25.666666666666668,221.75,88.22,4,2017,15,Paper
2017-04-23,9,46.81999999999999,16.39,0.20000000000000004,26.0,26.0,23.666666666666668,254.27,97.44,4,2017,16,Paper
2017-04-30,12,213.72,102.09,0.05,9.0,26.0,20.333333333333332,46.81999999999999,16.39,4,2017,17,Paper
2017-05-07,14,74.07,27.39,0.15000000000000002,12.0,9.0,15.666666666666666,213.72,102.09,5,2017,18,Paper
2017-05-14,57,1213.5,548.95,0.05,14.0,12.0,11.666666666666666,74.07,27.39,5,2017,19,Paper
2017-05-21,29,620.73,281.22,0.13333333333333333,57.0,14.0,27.666666666666668,1213.5,548.95,5,2017,20,Paper
2017-05-28,13,68.3,25.759999999999998,0.15000000000000002,29.0,57.0,33.333333333333336,620.73,281.22,5,2017,21,Paper
2017-06-04,25,494.57,235.43,0.03333333333333333,13.0,29.0,33.0,68.3,25.759999999999998,6,2017,22,Paper
2017-06-11,52,1023.8,446.68,0.0625,25.0,13.0,22.333333333333332,494.57,235.43,6,2017,23,Paper
2017-06-18,15,322.43,142.31,0.04,52.0,25.0,30.0,1023.8,446.68,6,2017,24,Paper
2017-06-25,37,811.91,360.92,0.1,15.0,52.0,30.666666666666668,322.43,142.31,6,2017,25,Paper
2017-07-02,16,322.7,154.36,0.03333333333333333,37.0,15.0,34.666666666666664,811.91,360.92,7,2017,26,Paper
2017-07-09,29,430.08000000000004,190.38,0.08571428571428573,16.0,37.0,22.666666666666668,322.7,154.36,7,2017,27,Paper
2017-07-16,11,60.28,25.64,0.08,29.0,16.0,27.333333333333332,430.08000000000004,190.38,7,2017,28,Paper
2017-07-23,19,173.91,71.07,0.06666666666666667,11.0,29.0,18.666666666666668,60.28,25.64,7,2017,29,Paper
2017-07-30,10,59.9,25.53,0.06666666666666667,19.0,11.0,19.666666666666668,173.91,71.07,7,2017,30,Paper
2017-08-06,24,633.2,279.40999999999997,0.10000000000000002,10.0,19.0,13.333333333333334,59.9,25.53,8,2017,31,Paper
2017-08-13,35,385.87,179.74,0.02,24.0,10.0,17.666666666666668,633.2,279.40999999999997,8,2017,32,Paper
2017-08-20,7,45.36,21.77,0.0,35.0,24.0,23.0,385.87,179.74,8,2017,33,Paper
2017-08-27,26,650.04,260.89,0.18,7.0,35.0,22.0,45.36,21.77,8,2017,34,Paper
2017-09-03,18,281.6,100.47999999999999,0.20000000000000004,26.0,7.0,22.666666666666668,650.04,260.89,9,2017,35,Paper
2017-09-10,60,1209.58,506.73,0.1,18.0,26.0,17.0,281.6,100.47999999999999,9,2017,36,Paper
2017-09-17,65,1264.08,486.81,0.1,60.0,18.0,34.666666666666664,1209.58,506.73,9,2017,37,Paper
2017-09-24,69,1208.58,541.84,0.044444444444444446,65.0,60.0,47.666666666666664,1264.08,486.81,9,2017,38,Paper
2017-10-01,24,301.03,138.08,0.1142857142857143,69.0,65.0,64.66666666666667,1208.58,541.84,10,2017,39,Paper
2017-10-08,18,258.33,116.83,0.08,24.0,69.0,52.666666666666664,301.03,138.08,10,2017,40,Paper
2017-10-15,27,271.11,102.27,0.1111111111111111,18.0,24.0,37.0,258.33,116.83,10,2017,41,Paper
2017-10-22,27,489.64,180.01999999999998,0.16,27.0,18.0,23.0,271.11,102.27,10,2017,42,Paper
2017-10-29,39,301.87,122.44,0.1111111111111111,27.0,27.0,24.0,489.64,180.01999999999998,10,2017,43,Paper
2017-11-05,12,65.02999999999999,26.25,0.13333333333333333,39.0,27.0,31.0,301.87,122.44,11,2017,44,Paper
2017-11-12,55,593.76,269.91,0.07142857142857142,12.0,39.0,26.0,65.02999999999999,26.25,11,2017,45,Paper
2017-11-19,41,619.3000000000001,244.91,0.14,55.0,12.0,35.333333333333336,593.76,269.91,11,2017,46,Paper
2017-11-26,41,490.59999999999997,193.07999999999998,0.1,41.0,55.0,36.0,619.3000000000001,244.91,11,2017,47,Paper
2017-12-03,28,572.57,251.42,0.10000000000000002,41.0,41.0,45.666666666666664,490.59999999999997,193.07999999999998,12,2017,48,Paper
2017-12-10,51,757.61,357.65,0.05714285714285715,28.0,41.0,36.666666666666664,572.57,251.42,12,2017,49,Paper
2017-12-17,48,451.35,168.68,0.07692307692307693,51.0,28.0,40.0,757.61,357.65,12,2017,50,Paper
2017-12-24,51,994.3,428.06,0.07692307692307693,48.0,51.0,42.333333333333336,451.35,168.68,12,2017,51,Paper
2017-12-31,19,999.94,476.88,0.03333333333333333,51.0,48.0,50.0,994.3,428.06,12,2017,52,Paper
2014-01-26,22,1043.26,234.60999999999999,0.0,3.0,29.0,11.666666666666666,124.2,-31.05,1,2014,4,Phones
2014-02-02,5,180.96,13.57,0.2,22.0,3.0,18.0,1043.26,234.60999999999999,2,2014,5,Phones
2014-02-09,12,1363.88,381.14,0.0,5.0,22.0,10.0,180.96,13.57,2,2014,6,Phones
2014-02-16,23,1274.1299999999999,22.570000000000004,0.26666666666666666,12.0,5.0,13.0,1363.88,381.14,2,2014,7,Phones
2014-02-23,0,0.0,0.0,0.0,23.0,12.0,13.333333333333334,1274.1299999999999,22.570000000000004,2,2014,8,Phones
2014-03-02,0,0.0,0.0,0.0,0.0,23.0,11.666666666666666,0.0,0.0,3,2014,9,Phones
2014-03-09,1,9.99,4.6,0.0,0.0,0.0,7.666666666666667,0.0,0.0,3,2014,10,Phones
2014-03-16,10,1735.8400000000001,383.4,0.06666666666666667,1.0,0.0,0.3333333333333333,9.99,4.6,3,2014,11,Phones
2014-03-23,16,4428.66,976.13,0.13333333333333333,10.0,1.0,3.6666666666666665,1735.8400000000001,383.4,3,2014,12,Phones
2014-03-30,12,583.0999999999999,113.74000000000001,0.20000000000000004,16.0,10.0,9.0,4428.66,976.13,3,2014,13,Phones
2014-04-06,0,0.0,0.0,0.0,12.0,16.0,12.666666666666666,583.0999999999999,113.74000000000001,4,2014,14,Phones
2014-04-13,27,1144.19,217.43,0.15000000000000002,0.0,12.0,9.333333333333334,0.0,0.0,4,2014,15,Phones
2014-04-20,0,0.0,0.0,0.0,27.0,0.0,13.0,1144.19,217.43,4,2014,16,Phones
2014-04-27,3,302.38,37.8,0.2,0.0,27.0,9.0,0.0,0.0,4,2014,17,Phones
2014-05-04,8,1728.93,139.6,0.06666666666666667,3.0,0.0,10.0,302.38,37.8,5,2014,18,Phones
2014-05-11,1,135.99,36.72,0.0,8.0,3.0,3.6666666666666665,1728.93,139.6,5,2014,19,Phones
2014-05-18,4,167.97,62.99,0.2,1.0,8.0,4.0,135.99,36.72,5,2014,20,Phones
2014-05-25,5,673.1600000000001,162.91,0.2,4.0,1.0,4.333333333333333,167.97,62.99,5,2014,21,Phones
2014-06-01,35,3556.55,814.32,0.05714285714285715,5.0,4.0,3.3333333333333335,673.1600000000001,162.91,6,2014,22,Phones
2014-06-08,6,306.56,84.06,0.0,35.0,5.0,14.666666666666666,3556.55,814.32,6,2014,23,Phones
2014-06-15,0,0.0,0.0,0.0,6.0,35.0,15.333333333333334,306.56,84.06,6,2014,24,Phones
2014-06-22,24,3864.73,961.4300000000001,0.1142857142857143,0.0,6.0,13.666666666666666,0.0,0.0,6,2014,25,Phones
2014-06-29,5,263.96,19.8,0.2,24.0,0.0,10.0,3864.73,961.4300000000001,6,2014,26,Phones
2014-07-06,8,830.9200000000001,214.03,0.0,5.0,24.0,9.666666666666666,263.96,19.8,7,2014,27,Phones
2014-07-13,12,711.98,157.0,0.15000000000000002,8.0,5.0,12.333333333333334,830.9200000000001,214.03,7,2014,28,Phones
2014-07-20,9,435.73,81.18,0.25,12.0,8.0,8.333333333333334,711.98,157.0,7,2014,29,Phones
2014-07-27,13,1855.0900000000001,222.35,0.15000000000000002,9.0,12.0,9.666666666666666,435.73,81.18,7,2014,30,Phones
2014-08-03,0,0.0,0.0,0.0,13.0,9.0,11.333333333333334,1855.0900000000001,222.35,8,2014,31,Phones
2014-08-10,10,889.92,148.74,0.13333333333333333,0.0,13.0,7.333333333333333,0.0,0.0,8,2014,32,Phones
2014-08-17,6,386.26,44.78,0.2,10.0,0.0,7.666666666666667,889.92,148.74,8,2014,33,Phones
2014-08-24,9,143.64,10.77,0.2,6.0,10.0,5.333333333333333,386.26,44.78,8,2014,34,Phones
2014-08-31,7,1007.94,75.6,0.2,9.0,6.0,8.333333333333334,143.64,10.77,8,2014,35,Phones
2014-09-07,11,1826.56,159.68,0.20000000000000004,7.0,9.0,7.333333333333333,1007.94,75.6,9,2014,36,Phones
2014-09-14,14,2344.2,100.05000000000001,0.23333333333333336,11.0,7.0,9.0,1826.56,159.68,9,2014,37,Phones
2014-09-21,20,2477.34,874.1500000000001,0.12000000000000002,14.0,11.0,10.666666666666666,2344.2,100.05000000000001,9,2014,38,Phones
2014-09-28,2,83.98,31.49,0.2,20.0,14.0,15.0,2477.34,874.1500000000001,9,2014,39,Phones
2014-10-05,10,1475.6,129.66,0.2,2.0,20.0,12.0,83.98,31.49,10,2014,40,Phones
2014-10-12,21,2077.4300000000003,198.3,0.20000000000000004,10.0,2.0,10.666666666666666,1475.6,129.66,10,2014,41,Phones
2014-10-19,8,1512.53,374.45,0.1,21.0,10.0,11.0,2077.4300000000003,198.3,10,2014,42,Phones
2014-10-26,5,383.96,38.4,0.2,8.0,21.0,13.0,1512.53,374.45,10,2014,43,Phones
2014-11-02,18,3809.85,508.59000000000003,0.15000000000000002,5.0,8.0,11.333333333333334,383.96,38.4,11,2014,44,Phones
2014-11-09,18,1915.51,550.8100000000001,0.10000000000000002,18.0,5.0,10.333333333333334,3809.85,508.59000000000003,11,2014,45,Phones
2014-11-16,29,2712.43,371.55,0.14285714285714285,18.0,18.0,13.666666666666666,1915.51,550.8100000000001,11,2014,46,Phones
2014-11-23,39,7173.130000000001,1613.64,0.1111111111111111,29.0,18.0,21.666666666666668,2712.43,371.55,11,2014,47,Phones
2014-11-30,24,4386.49,-350.44000000000005,0.23333333333333336,39.0,29.0,28.666666666666668,7173.130000000001,1613.64,11,2014,48,Phones
2014-12-07,26,1769.3999999999999,161.22,0.20000000000000004,24.0,39.0,30.666666666666668,4386.49,-350.44000000000005,12,2014,49,Phones
2014-12-14,8,806.34,50.4,0.2,26.0,24.0,29.666666666666668,1769.3999999999999,161.22,12,2014,50,Phones
2014-12-21,19,1786.7999999999997,186.68,0.2,8.0,26.0,19.333333333333332,806.34,50.4,12,2014,51,Phones
2014-12-28,10,992.04,68.52,0.2,19.0,8.0,17.666666666666668,1786.7999999999997,186.68,12,2014,52,Phones
2015-01-04,28,1706.05,128.85000000000002,0.2285714285714286,10.0,19.0,12.333333333333334,992.04,68.52,1,2015,1,Phones
2015-01-11,17,1867.27,379.14,0.05,28.0,10.0,19.0,1706.05,128.85000000000002,1,2015,2,Phones
2015-01-18,0,0.0,0.0,0.0,17.0,28.0,18.333333333333332,1867.27,379.14,1,2015,3,Phones
2015-01-25,0,0.0,0.0,0.0,0.0,17.0,15.0,0.0,0.0,1,2015,4,Phones
2015-02-01,5,587.35,-137.04000000000002,0.4,0.0,0.0,5.666666666666667,0.0,0.0,2,2015,5,Phones
2015-02-08,12,449.27,59.01,0.15000000000000002,5.0,0.0,1.6666666666666667,587.35,-137.04000000000002,2,2015,6,Phones
2015-02-15,16,2633.58,456.76000000000005,0.13333333333333333,12.0,5.0,5.666666666666667,449.27,59.01,2,2015,7,Phones
2015-02-22,0,0.0,0.0,0.0,16.0,12.0,11.0,2633.58,456.76000000000005,2,2015,8,Phones
2015-03-01,0,0.0,0.0,0.0,0.0,16.0,9.333333333333334,0.0,0.0,3,2015,9,Phones
2015-03-08,0,0.0,0.0,0.0,0.0,0.0,5.333333333333333,0.0,0.0,3,2015,10,Phones
2015-03-15,13,1435.6999999999998,142.16,0.15000000000000002,0.0,0.0,0.0,0.0,0.0,3,2015,11,Phones
2015-03-22,12,2243.42,283.46,0.12000000000000002,13.0,0.0,4.333333333333333,1435.6999999999998,142.16,3,2015,12,Phones
2015-03-29,0,0.0,0.0,0.0,12.0,13.0,8.333333333333334,2243.42,283.46,3,2015,13,Phones
2015-04-05,18,1218.21,160.29000000000002,0.15000000000000002,0.0,12.0,8.333333333333334,0.0,0.0,4,2015,14,Phones
2015-04-12,16,3050.02,844.5899999999999,0.05,18.0,0.0,10.0,1218.21,160.29000000000002,4,2015,15,Phones
2015-04-19,23,2793.6,298.97,0.2,16.0,18.0,11.333333333333334,3050.02,844.5899999999999,4,2015,16,Phones
2015-04-26,6,400.76,46.769999999999996,0.2,23.0,16.0,19.0,2793.6,298.97,4,2015,17,Phones
2015-05-03,26,1754.47,-281.22,0.2,6.0,23.0,15.0,400.76,46.769999999999996,5,2015,18,Phones
2015-05-10,7,56.84,-13.020000000000001,0.4,26.0,6.0,18.333333333333332,1754.47,-281.22,5,2015,19,Phones
2015-05-17,2,222.38,16.68,0.2,7.0,26.0,13.0,56.84,-13.020000000000001,5,2015,20,Phones
2015-05-24,6,775.73,58.18,0.2,2.0,7.0,11.666666666666666,222.38,16.68,5,2015,21,Phones
2015-05-31,11,881.85,77.99000000000001,0.05,6.0,2.0,5.0,775.73,58.18,5,2015,22,Phones
2015-06-07,5,124.95,2.5,0.0,11.0,6.0,6.333333333333333,881.85,77.99000000000001,6,2015,23,Phones
2015-06-14,10,997.86,62.739999999999995,0.13333333333333333,5.0,11.0,7.333333333333333,124.95,2.5,6,2015,24,Phones
2015-06-21,21,1187.43,297.21999999999997,0.13333333333333333,10.0,5.0,8.666666666666666,997.86,62.739999999999995,6,2015,25,Phones
2015-06-28,12,1535.01,160.06,0.2,21.0,10.0,12.0,1187.43,297.21999999999997,6,2015,26,Phones
2015-07-05,2,269.98,72.89,0.0,12.0,21.0,14.333333333333334,1535.01,160.06,7,2015,27,Phones
2015-07-12,15,2060.87,240.94,0.13333333333333333,2.0,12.0,11.666666666666666,269.98,72.89,7,2015,28,Phones
2015-07-19,1,135.99,36.72,0.0,15.0,2.0,9.666666666666666,2060.87,240.94,7,2015,29,Phones
2015-07-26,7,777.5400000000001,52.44,0.2,1.0,15.0,6.0,135.99,36.72,7,2015,30,Phones
2015-08-02,6,137.95,-26.7,0.2,7.0,1.0,7.666666666666667,777.5400000000001,52.44,8,2015,31,Phones
2015-08-09,8,1147.92,329.12,0.0,6.0,7.0,4.666666666666667,137.95,-26.7,8,2015,32,Phones
2015-08-16,26,3398.29,328.09000000000003,0.13333333333333333,8.0,6.0,7.0,1147.92,329.12,8,2015,33,Phones
2015-08-23,0,0.0,0.0,0.0,26.0,8.0,13.333333333333334,3398.29,328.09000000000003,8,2015,34,Phones
2015-08-30,16,1890.0700000000002,307.8,0.16,0.0,26.0,11.333333333333334,0.0,0.0,8,2015,35,Phones
2015-09-06,11,1056.22,72.96000000000001,0.20000000000000004,16.0,0.0,14.0,1890.0700000000002,307.8,9,2015,36,Phones
2015-09-13,17,2219.03,716.0,0.08,11.0,16.0,9.0,1056.22,72.96000000000001,9,2015,37,Phones
2015-09-20,32,2377.52,652.06,0.0,17.0,11.0,14.666666666666666,2219.03,716.0,9,2015,38,Phones
2015-09-27,52,6538.09,1706.09,0.10909090909090911,32.0,17.0,20.0,2377.52,652.06,9,2015,39,Phones
2015-10-04,4,344.76,81.03,0.1,52.0,32.0,33.666666666666664,6538.09,1706.09,10,2015,40,Phones
2015-10-11,11,578.31,6.870000000000001,0.2,4.0,52.0,29.333333333333332,344.76,81.03,10,2015,41,Phones
2015-10-18,13,1293.26,289.98,0.05,11.0,4.0,22.333333333333332,578.31,6.870000000000001,10,2015,42,Phones
2015-10-25,17,527.0799999999999,89.11000000000001,0.12000000000000002,13.0,11.0,9.333333333333334,1293.26,289.98,10,2015,43,Phones
2015-11-01,11,562.16,100.41,0.15000000000000002,17.0,13.0,13.666666666666666,527.0799999999999,89.11000000000001,11,2015,44,Phones
2015-11-08,7,1125.57,269.58,0.05,11.0,17.0,13.666666666666666,562.16,100.41,11,2015,45,Phones
2015-11-15,14,984.87,224.93,0.04,7.0,11.0,11.666666666666666,1125.57,269.58,11,2015,46,Phones
2015-11-22,16,1628.68,304.87,0.2,14.0,7.0,10.666666666666666,984.87,224.93,11,2015,47,Phones
2015-11-29,19,1788.6,7.280000000000015,0.15000000000000002,16.0,14.0,12.333333333333334,1628.68,304.87,11,2015,48,Phones
2015-12-06,26,1517.8,67.9,0.30000000000000004,19.0,16.0,16.333333333333332,1788.6,7.280000000000015,12,2015,49,Phones
2015-12-13,30,2123.8,277.26,0.1142857142857143,26.0,19.0,20.333333333333332,1517.8,67.9,12,2015,50,Phones
2015-12-20,21,1798.43,167.9,0.2285714285714286,30.0,26.0,25.0,2123.8,277.26,12,2015,51,Phones
2015-12-27,22,1513.17,224.87,0.13333333333333333,21.0,30.0,25.666666666666668,1798.43,167.9,12,2015,52,Phones
2016-01-03,2,159.98,14.0,0.2,22.0,21.0,24.333333333333332,1513.17,224.87,1,2016,53,Phones
2016-01-10,12,1190.51,116.72,0.10000000000000002,2.0,22.0,15.0,159.98,14.0,1,2016,1,Phones
2016-01-17,15,1181.84,167.24,0.06666666666666667,12.0,2.0,12.0,1190.51,116.72,1,2016,2,Phones
2016-01-24,4,110.38,-20.24,0.4,15.0,12.0,9.666666666666666,1181.84,167.24,1,2016,3,Phones
2016-01-31,5,1549.56,152.22,0.2,4.0,15.0,10.333333333333334,110.38,-20.24,1,2016,4,Phones
2016-02-07,2,231.98,67.27,0.0,5.0,4.0,8.0,1549.56,152.22,2,2016,5,Phones
2016-02-14,8,963.53,209.75,0.1,2.0,5.0,3.6666666666666665,231.98,67.27,2,2016,6,Phones
2016-02-21,2,39.98,2.0,0.0,8.0,2.0,5.0,963.53,209.75,2,2016,7,Phones
2016-02-28,5,445.96,55.75,0.2,2.0,8.0,4.0,39.98,2.0,2,2016,8,Phones
2016-03-06,12,872.9000000000001,170.75,0.13333333333333333,5.0,2.0,5.0,445.96,55.75,3,2016,9,Phones
2016-03-13,8,1023.8699999999999,-148.54,0.3333333333333333,12.0,5.0,6.333333333333333,872.9000000000001,170.75,3,2016,10,Phones
2016-03-20,5,226.75,43.15,0.13333333333333333,8.0,12.0,8.333333333333334,1023.8699999999999,-148.54,3,2016,11,Phones
2016-03-27,4,403.17,25.2,0.2,5.0,8.0,8.333333333333334,226.75,43.15,3,2016,12,Phones
2016-04-03,12,971.12,24.009999999999998,0.30000000000000004,4.0,5.0,5.666666666666667,403.17,25.2,4,2016,13,Phones
2016-04-10,16,786.4699999999999,96.16,0.16666666666666666,12.0,4.0,7.0,971.12,24.009999999999998,4,2016,14,Phones
2016-04-17,1,36.79,4.14,0.2,16.0,12.0,10.666666666666666,786.4699999999999,96.16,4,2016,15,Phones
2016-04-24,11,95.5,21.75,0.06666666666666667,1.0,16.0,9.666666666666666,36.79,4.14,4,2016,16,Phones
2016-05-01,7,511.56,26.06,0.26666666666666666,11.0,1.0,9.333333333333334,95.5,21.75,5,2016,17,Phones
2016-05-08,19,1292.08,136.17000000000002,0.16666666666666666,7.0,11.0,6.333333333333333,511.56,26.06,5,2016,18,Phones
2016-05-15,32,1732.77,393.91,0.1,19.0,7.0,12.333333333333334,1292.08,136.17000000000002,5,2016,19,Phones
2016-05-22,17,2244.5,256.14,0.12000000000000002,32.0,19.0,19.333333333333332,1732.77,393.91,5,2016,20,Phones
2016-05-29,22,3579.83,447.22,0.2,17.0,32.0,22.666666666666668,2244.5,256.14,5,2016,21,Phones
2016-06-05,22,2180.58,383.46999999999997,0.16666666666666666,22.0,17.0,23.666666666666668,3579.83,447.22,6,2016,22,Phones
2016-06-12,33,5480.81,571.38,0.2,22.0,22.0,20.333333333333332,2180.58,383.46999999999997,6,2016,23,Phones
2016-06-19,6,944.94,247.57,0.0,33.0,22.0,25.666666666666668,5480.81,571.38,6,2016,24,Phones
2016-06-26,19,1461.0,265.99,0.05,6.0,33.0,20.333333333333332,944.94,247.57,6,2016,25,Phones
2016-07-03,13,1206.5900000000001,89.18,0.2,19.0,6.0,19.333333333333332,1461.0,265.99,7,2016,26,Phones
2016-07-10,1,59.99,-13.0,0.4,13.0,19.0,12.666666666666666,1206.5900000000001,89.18,7,2016,27,Phones
2016-07-17,29,2410.39,368.72999999999996,0.17500000000000002,1.0,13.0,11.0,59.99,-13.0,7,2016,28,Phones
2016-07-24,16,297.06,62.69,0.15000000000000002,29.0,1.0,14.333333333333334,2410.39,368.72999999999996,7,2016,29,Phones
2016-07-31,10,1052.5,281.98,0.0,16.0,29.0,15.333333333333334,297.06,62.69,7,2016,30,Phones
2016-08-07,29,4504.88,366.61,0.2285714285714286,10.0,16.0,18.333333333333332,1052.5,281.98,8,2016,31,Phones
2016-08-14,23,2029.12,72.96,0.23333333333333336,29.0,10.0,18.333333333333332,4504.88,366.61,8,2016,32,Phones
2016-08-21,23,1121.83,75.0,0.14285714285714285,23.0,29.0,20.666666666666668,2029.12,72.96,8,2016,33,Phones
2016-08-28,6,318.55,66.93,0.1,23.0,23.0,25.0,1121.83,75.0,8,2016,34,Phones
2016-09-04,23,1548.69,256.49,0.16,6.0,23.0,17.333333333333332,318.55,66.93,9,2016,35,Phones
2016-09-11,11,265.38,10.78,0.25,23.0,6.0,17.333333333333332,1548.69,256.49,9,2016,36,Phones
2016-09-18,22,1452.76,330.83000000000004,0.07500000000000001,11.0,23.0,13.333333333333334,265.38,10.78,9,2016,37,Phones
2016-09-25,18,206.66,37.49,0.13333333333333333,22.0,11.0,18.666666666666668,1452.76,330.83000000000004,9,2016,38,Phones
2016-10-02,5,1860.7800000000002,200.38,0.2,18.0,22.0,17.0,206.66,37.49,10,2016,39,Phones
2016-10-09,22,6142.54,352.35999999999996,0.25,5.0,18.0,15.0,1860.7800000000002,200.38,10,2016,40,Phones
2016-10-16,25,2259.29,544.2,0.10000000000000002,22.0,5.0,15.0,6142.54,352.35999999999996,10,2016,41,Phones
2016-10-23,19,1002.8000000000001,260.49,0.1,25.0,22.0,17.333333333333332,2259.29,544.2,10,2016,42,Phones
2016-10-30,11,1326.3200000000002,119.08000000000001,0.20000000000000004,19.0,25.0,22.0,1002.8000000000001,260.49,10,2016,43,Phones
2016-11-06,7,69.93,0.7,0.0,11.0,19.0,18.333333333333332,1326.3200000000002,119.08000000000001,11,2016,44,Phones
2016-11-13,28,4823.97,893.96,0.10000000000000002,7.0,11.0,12.333333333333334,69.93,0.7,11,2016,45,Phones
2016-11-20,35,2129.47,414.27,0.14,28.0,7.0,15.333333333333334,4823.97,893.96,11,2016,46,Phones
2016-11-27,18,2039.72,102.89,0.17142857142857146,35.0,28.0,23.333333333333332,2129.47,414.27,11,2016,47,Phones
2016-12-04,4,376.37,-71.0,0.30000000000000004,18.0,35.0,27.0,2039.72,102.89,12,2016,48,Phones
2016-12-11,23,1146.69,364.92999999999995,0.12000000000000002,4.0,18.0,19.0,376.37,-71.0,12,2016,49,Phones
2016-12-18,14,724.91,190.92,0.1,23.0,4.0,15.0,1146.69,364.92999999999995,12,2016,50,Phones
2016-12-25,24,5147.219999999999,26.569999999999936,0.20000000000000004,14.0,23.0,13.666666666666666,724.91,190.92,12,2016,51,Phones
2017-01-01,5,604.76,52.92,0.2,24.0,14.0,20.333333333333332,5147.219999999999,26.569999999999936,1,2017,52,Phones
2017-01-08,14,550.3,-17.0,0.25,5.0,24.0,14.333333333333334,604.76,52.92,1,2017,1,Phones
2017-01-15,32,1472.79,164.49,0.17500000000000002,14.0,5.0,14.333333333333334,550.3,-17.0,1,2017,2,Phones
2017-01-22,9,1115.35,96.96000000000001,0.2,32.0,14.0,17.0,1472.79,164.49,1,2017,3,Phones
2017-01-29,22,3382.5499999999997,790.16,0.16,9.0,32.0,18.333333333333332,1115.35,96.96000000000001,1,2017,4,Phones
2017-02-05,19,3071.69,365.4,0.2,22.0,9.0,21.0,3382.5499999999997,790.16,2,2017,5,Phones
2017-02-12,32,5390.41,905.59,0.18333333333333335,19.0,22.0,16.666666666666668,3071.69,365.4,2,2017,6,Phones
2017-02-19,12,775.26,-50.44,0.12000000000000002,32.0,19.0,24.333333333333332,5390.41,905.59,2,2017,7,Phones
2017-02-26,10,621.51,69.11,0.20000000000000004,12.0,32.0,21.0,775.26,-50.44,2,2017,8,Phones
2017-03-05,0,0.0,0.0,0.0,10.0,12.0,18.0,621.51,69.11,3,2017,9,Phones
2017-03-12,16,1466.26,257.93,0.13333333333333333,0.0,10.0,7.333333333333333,0.0,0.0,3,2017,10,Phones
2017-03-19,46,2997.15,31.600000000000023,0.2,16.0,0.0,8.666666666666666,1466.26,257.93,3,2017,11,Phones
2017-03-26,12,1271.5,232.77,0.1,46.0,16.0,20.666666666666668,2997.15,31.600000000000023,3,2017,12,Phones
2017-04-02,21,1805.35,460.59,0.04,12.0,46.0,24.666666666666668,1271.5,232.77,4,2017,13,Phones
2017-04-09,17,843.2,153.44,0.13333333333333333,21.0,12.0,26.333333333333332,1805.35,460.59,4,2017,14,Phones
2017-04-16,14,1503.89,86.62,0.2,17.0,21.0,16.666666666666668,843.2,153.44,4,2017,15,Phones
2017-04-23,3,122.38,-24.48,0.4,14.0,17.0,17.333333333333332,1503.89,86.62,4,2017,16,Phones
2017-04-30,17,1981.56,-39.0,0.26666666666666666,3.0,14.0,11.333333333333334,122.38,-24.48,4,2017,17,Phones
2017-05-07,12,921.54,117.07,0.13333333333333333,17.0,3.0,11.333333333333334,1981.56,-39.0,5,2017,18,Phones
2017-05-14,17,1816.48,397.78000000000003,0.06666666666666667,12.0,17.0,10.666666666666666,921.54,117.07,5,2017,19,Phones
2017-05-21,32,2496.16,345.84000000000003,0.1,17.0,12.0,15.333333333333334,1816.48,397.78000000000003,5,2017,20,Phones
2017-05-28,15,1092.68,181.35000000000002,0.15000000000000002,32.0,17.0,20.333333333333332,2496.16,345.84000000000003,5,2017,21,Phones
2017-06-04,9,590.63,106.82,0.13333333333333333,15.0,32.0,21.333333333333332,1092.68,181.35000000000002,6,2017,22,Phones
2017-06-11,9,1452.12,318.05,0.1,9.0,15.0,18.666666666666668,590.63,106.82,6,2017,23,Phones
2017-06-18,9,473.89,87.28999999999999,0.12000000000000002,9.0,9.0,11.0,1452.12,318.05,6,2017,24,Phones
2017-06-25,6,652.4399999999999,142.69,0.1,9.0,9.0,9.0,473.89,87.28999999999999,6,2017,25,Phones
2017-07-02,30,2689.59,442.95,0.2,6.0,9.0,8.0,652.4399999999999,142.69,7,2017,26,Phones
2017-07-09,20,2613.26,83.55000000000001,0.23333333333333336,30.0,6.0,15.0,2689.59,442.95,7,2017,27,Phones
2017-07-16,37,3190.93,-389.64,0.2857142857142857,20.0,30.0,18.666666666666668,2613.26,83.55000000000001,7,2017,28,Phones
2017-07-23,31,2210.61,157.68999999999997,0.16,37.0,20.0,29.0,3190.93,-389.64,7,2017,29,Phones
2017-07-30,26,2388.23,430.34999999999997,0.10000000000000002,31.0,37.0,29.333333333333332,2210.61,157.68999999999997,7,2017,30,Phones
2017-08-06,10,721.47,-27.859999999999996,0.25,26.0,31.0,31.333333333333332,2388.23,430.34999999999997,8,2017,31,Phones
2017-08-13,8,604.0899999999999,-42.93,0.30000000000000004,10.0,26.0,22.333333333333332,721.47,-27.859999999999996,8,2017,32,Phones
2017-08-20,5,181.75,25.38,0.13333333333333333,8.0,10.0,14.666666666666666,604.0899999999999,-42.93,8,2017,33,Phones
2017-08-27,16,4715.87,428.5,0.1,5.0,8.0,7.666666666666667,181.75,25.38,8,2017,34,Phones
2017-09-03,8,724.5799999999999,88.99000000000001,0.2,16.0,5.0,9.666666666666666,4715.87,428.5,9,2017,35,Phones
2017-09-10,2,257.98,74.81,0.0,8.0,16.0,9.666666666666666,724.5799999999999,88.99000000000001,9,2017,36,Phones
2017-09-17,35,4624.99,660.86,0.13333333333333336,2.0,8.0,8.666666666666666,257.98,74.81,9,2017,37,Phones
2017-09-24,38,4551.15,421.78000000000003,0.10000000000000002,35.0,2.0,15.0,4624.99,660.86,9,2017,38,Phones
2017-10-01,0,0.0,0.0,0.0,38.0,35.0,25.0,4551.15,421.78000000000003,10,2017,39,Phones
2017-10-08,18,1633.16,366.76,0.25,0.0,38.0,24.333333333333332,0.0,0.0,10,2017,40,Phones
2017-10-15,19,1206.32,127.85,0.17142857142857146,18.0,0.0,18.666666666666668,1633.16,366.76,10,2017,41,Phones
2017-10-22,34,4650.23,893.73,0.2,19.0,18.0,12.333333333333334,1206.32,127.85,10,2017,42,Phones
2017-10-29,28,2098.89,219.97,0.225,34.0,19.0,23.666666666666668,4650.23,893.73,10,2017,43,Phones
2017-11-05,9,1285.62,-143.11,0.30000000000000004,28.0,34.0,27.0,2098.89,219.97,11,2017,44,Phones
2017-11-12,24,660.0699999999999,29.73,0.14285714285714285,9.0,28.0,23.666666666666668,1285.62,-143.11,11,2017,45,Phones
2017-11-19,44,1248.45,294.15,0.1,24.0,9.0,20.333333333333332,660.0699999999999,29.73,11,2017,46,Phones
2017-11-26,40,4711.1900000000005,1071.52,0.15,44.0,24.0,25.666666666666668,1248.45,294.15,11,2017,47,Phones
2017-12-03,28,2725.43,705.72,0.08,40.0,44.0,36.0,4711.1900000000005,1071.52,12,2017,48,Phones
2017-12-10,18,684.1400000000001,64.02,0.20000000000000004,28.0,40.0,37.333333333333336,2725.43,705.72,12,2017,49,Phones
2017-12-17,14,1368.13,1.4099999999999948,0.23333333333333336,18.0,28.0,28.666666666666668,684.1400000000001,64.02,12,2017,50,Phones
2017-12-24,17,1473.94,328.63,0.15000000000000002,14.0,18.0,20.0,1368.13,1.4099999999999948,12,2017,51,Phones
2017-12-31,17,663.03,17.32,0.12000000000000002,17.0,14.0,16.333333333333332,1473.94,328.63,12,2017,52,Phones
2014-01-26,11,570.48,20.03,0.0,11.0,9.0,10.0,1898.4299999999998,273.0,1,2014,4,Storage
2014-02-02,3,287.17,21.21,0.0,11.0,11.0,10.333333333333334,570.48,20.03,2,2014,5,Storage
2014-02-09,4,1195.32,333.44,0.0,3.0,11.0,8.333333333333334,287.17,21.21,2,2014,6,Storage
2014-02-16,2,362.92,105.25,0.0,4.0,3.0,6.0,1195.32,333.44,2,2014,7,Storage
2014-02-23,2,12.62,-2.52,0.2,2.0,4.0,3.0,362.92,105.25,2,2014,8,Storage
2014-03-02,0,0.0,0.0,0.0,2.0,2.0,2.6666666666666665,12.62,-2.52,3,2014,9,Storage
2014-03-09,13,198.73000000000002,5.669999999999998,0.13333333333333333,0.0,2.0,1.3333333333333333,0.0,0.0,3,2014,10,Storage
2014-03-16,8,332.67,29.86,0.12000000000000002,13.0,0.0,5.0,198.73000000000002,5.669999999999998,3,2014,11,Storage
2014-03-23,13,2229.02,418.11,0.1,8.0,13.0,7.0,332.67,29.86,3,2014,12,Storage
2014-03-30,5,145.14000000000001,6.47,0.0,13.0,8.0,11.333333333333334,2229.02,418.11,3,2014,13,Storage
2014-04-06,13,860.19,-37.72,0.06666666666666667,5.0,13.0,8.666666666666666,145.14000000000001,6.47,4,2014,14,Storage
2014-04-13,1,43.57,13.07,0.0,13.0,5.0,10.333333333333334,860.19,-37.72,4,2014,15,Storage
2014-04-20,5,44.84,5.61,0.2,1.0,13.0,6.333333333333333,43.57,13.07,4,2014,16,Storage
2014-04-27,6,828.84,0.0,0.0,5.0,1.0,6.333333333333333,44.84,5.61,4,2014,17,Storage
2014-05-04,38,2419.75,335.51,0.125,6.0,5.0,4.0,828.84,0.0,5,2014,18,Storage
2014-05-11,26,1907.6499999999999,-149.44,0.16666666666666666,38.0,6.0,16.333333333333332,2419.75,335.51,5,2014,19,Storage
2014-05-18,10,277.62,-11.499999999999998,0.1,26.0,38.0,23.333333333333332,1907.6499999999999,-149.44,5,2014,20,Storage
2014-05-25,5,66.96,-13.39,0.2,10.0,26.0,24.666666666666668,277.62,-11.499999999999998,5,2014,21,Storage
2014-06-01,7,461.94,14.89,0.1,5.0,10.0,13.666666666666666,66.96,-13.39,6,2014,22,Storage
2014-06-08,0,0.0,0.0,0.0,7.0,5.0,7.333333333333333,461.94,14.89,6,2014,23,Storage
2014-06-15,17,1785.01,373.07,0.1,0.0,7.0,4.0,0.0,0.0,6,2014,24,Storage
2014-06-22,16,1210.08,-107.33,0.05,17.0,0.0,8.0,1785.01,373.07,6,2014,25,Storage
2014-06-29,5,306.2,0.0,0.0,16.0,17.0,11.0,1210.08,-107.33,6,2014,26,Storage
2014-07-06,12,512.8,14.600000000000001,0.0,5.0,16.0,12.666666666666666,306.2,0.0,7,2014,27,Storage
2014-07-13,25,520.65,87.71000000000001,0.06666666666666667,12.0,5.0,11.0,512.8,14.600000000000001,7,2014,28,Storage
2014-07-20,12,960.1700000000001,200.28,0.15000000000000002,25.0,12.0,14.0,520.65,87.71000000000001,7,2014,29,Storage
2014-07-27,20,716.68,55.620000000000005,0.08,12.0,25.0,16.333333333333332,960.1700000000001,200.28,7,2014,30,Storage
2014-08-03,0,0.0,0.0,0.0,20.0,12.0,19.0,716.68,55.620000000000005,8,2014,31,Storage
2014-08-10,27,2876.94,158.89,0.04,0.0,20.0,10.666666666666666,0.0,0.0,8,2014,32,Storage
2014-08-17,5,99.49000000000001,8.97,0.2,27.0,0.0,15.666666666666666,2876.94,158.89,8,2014,33,Storage
2014-08-24,3,344.91,10.35,0.0,5.0,27.0,10.666666666666666,99.49000000000001,8.97,8,2014,34,Storage
2014-08-31,7,144.78,22.78,0.0,3.0,5.0,11.666666666666666,344.91,10.35,8,2014,35,Storage
2014-09-07,7,107.17,19.060000000000002,0.0,7.0,3.0,5.0,144.78,22.78,9,2014,36,Storage
2014-09-14,28,1299.79,62.82,0.10000000000000002,7.0,7.0,5.666666666666667,107.17,19.060000000000002,9,2014,37,Storage
2014-09-21,12,159.86,32.56,0.1,28.0,7.0,14.0,1299.79,62.82,9,2014,38,Storage
2014-09-28,24,1514.91,77.69,0.028571428571428574,12.0,28.0,15.666666666666666,159.86,32.56,9,2014,39,Storage
2014-10-05,24,4703.51,179.38,0.08,24.0,12.0,21.333333333333332,1514.91,77.69,10,2014,40,Storage
2014-10-12,6,598.3499999999999,172.58,0.0,24.0,24.0,20.0,4703.51,179.38,10,2014,41,Storage
2014-10-19,25,1127.43,20.730000000000004,0.04,6.0,24.0,18.0,598.3499999999999,172.58,10,2014,42,Storage
2014-10-26,15,1010.3299999999999,25.21,0.1,25.0,6.0,18.333333333333332,1127.43,20.730000000000004,10,2014,43,Storage
2014-11-02,16,692.3,73.83,0.0,15.0,25.0,15.333333333333334,1010.3299999999999,25.21,11,2014,44,Storage
2014-11-09,8,462.41999999999996,43.15,0.0,16.0,15.0,18.666666666666668,692.3,73.83,11,2014,45,Storage
2014-11-16,16,1462.1399999999999,76.6,0.05,8.0,16.0,13.0,462.41999999999996,43.15,11,2014,46,Storage
2014-11-23,25,3875.1,793.14,0.06666666666666667,16.0,8.0,13.333333333333334,1462.1399999999999,76.6,11,2014,47,Storage
2014-11-30,14,2433.2000000000003,-119.45000000000002,0.13333333333333333,25.0,16.0,16.333333333333332,3875.1,793.14,11,2014,48,Storage
2014-12-07,9,249.75,44.96,0.0,14.0,25.0,18.333333333333332,2433.2000000000003,-119.45000000000002,12,2014,49,Storage
2014-12-14,8,79.96000000000001,11.790000000000001,0.06666666666666667,9.0,14.0,16.0,249.75,44.96,12,2014,50,Storage
2014-12-21,5,155.07,-7.74,0.1,8.0,9.0,10.333333333333334,79.96000000000001,11.790000000000001,12,2014,51,Storage
2014-12-28,47,3341.67,178.99,0.09230769230769233,5.0,8.0,7.333333333333333,155.07,-7.74,12,2014,52,Storage
2015-01-04,3,63.69,-1.9200000000000008,0.1,47.0,5.0,20.0,3341.67,178.99,1,2015,1,Storage
2015-01-11,13,1265.5,343.62,0.06666666666666667,3.0,47.0,18.333333333333332,63.69,-1.9200000000000008,1,2015,2,Storage
2015-01-18,7,208.41,19.58,0.0,13.0,3.0,21.0,1265.5,343.62,1,2015,3,Storage
2015-01-25,0,0.0,0.0,0.0,7.0,13.0,7.666666666666667,208.41,19.58,1,2015,4,Storage
2015-02-01,2,85.52,22.24,0.0,0.0,7.0,6.666666666666667,0.0,0.0,2,2015,5,Storage
2015-02-08,8,504.1,54.99,0.2,2.0,0.0,3.0,85.52,22.24,2,2015,6,Storage
2015-02-15,14,270.34,75.7,0.0,8.0,2.0,3.3333333333333335,504.1,54.99,2,2015,7,Storage
2015-02-22,0,0.0,0.0,0.0,14.0,8.0,8.0,270.34,75.7,2,2015,8,Storage
2015-03-01,0,0.0,0.0,0.0,0.0,14.0,7.333333333333333,0.0,0.0,3,2015,9,Storage
2015-03-08,3,76.75,-9.59,0.2,0.0,0.0,4.666666666666667,0.0,0.0,3,2015,10,Storage
2015-03-15,9,203.12,34.01,0.1,3.0,0.0,1.0,76.75,-9.59,3,2015,11,Storage
2015-03-22,24,1591.83,359.02,0.06666666666666667,9.0,3.0,4.0,203.12,34.01,3,2015,12,Storage
2015-03-29,16,1197.0400000000002,286.12,0.0,24.0,9.0,12.0,1591.83,359.02,3,2015,13,Storage
2015-04-05,0,0.0,0.0,0.0,16.0,24.0,16.333333333333332,1197.0400000000002,286.12,4,2015,14,Storage
2015-04-12,2,26.96,7.01,0.0,0.0,16.0,13.333333333333334,0.0,0.0,4,2015,15,Storage
2015-04-19,4,126.17999999999999,30.82,0.1,2.0,0.0,6.0,26.96,7.01,4,2015,16,Storage
2015-04-26,3,293.8,-73.46,0.2,4.0,2.0,2.0,126.17999999999999,30.82,4,2015,17,Storage
2015-05-03,9,647.65,76.33000000000001,0.13333333333333333,3.0,4.0,3.0,293.8,-73.46,5,2015,18,Storage
2015-05-10,19,713.8299999999999,39.150000000000006,0.15000000000000002,9.0,3.0,5.333333333333333,647.65,76.33000000000001,5,2015,19,Storage
2015-05-17,10,1232.69,61.21,0.06666666666666667,19.0,9.0,10.333333333333334,713.8299999999999,39.150000000000006,5,2015,20,Storage
2015-05-24,10,156.24,43.230000000000004,0.0,10.0,19.0,12.666666666666666,1232.69,61.21,5,2015,21,Storage
2015-05-31,21,1635.93,424.53000000000003,0.0,10.0,10.0,13.0,156.24,43.230000000000004,5,2015,22,Storage
2015-06-07,11,1419.13,33.59000000000002,0.06666666666666667,21.0,10.0,13.666666666666666,1635.93,424.53000000000003,6,2015,23,Storage
2015-06-14,11,1572.9499999999998,179.96,0.1,11.0,21.0,14.0,1419.13,33.59000000000002,6,2015,24,Storage
2015-06-21,9,761.33,53.26,0.13333333333333333,11.0,11.0,14.333333333333334,1572.9499999999998,179.96,6,2015,25,Storage
2015-06-28,6,397.91,-4.3199999999999985,0.06666666666666667,9.0,11.0,10.333333333333334,761.33,53.26,6,2015,26,Storage
2015-07-05,2,22.58,5.87,0.0,6.0,9.0,8.666666666666666,397.91,-4.3199999999999985,7,2015,27,Storage
2015-07-12,16,1018.5799999999999,-6.420000000000002,0.08,2.0,6.0,5.666666666666667,22.58,5.87,7,2015,28,Storage
2015-07-19,3,272.74,-64.77,0.2,16.0,2.0,8.0,1018.5799999999999,-6.420000000000002,7,2015,29,Storage
2015-07-26,6,176.16,47.91,0.0,3.0,16.0,7.0,272.74,-64.77,7,2015,30,Storage
2015-08-02,4,61.79,6.18,0.2,6.0,3.0,8.333333333333334,176.16,47.91,8,2015,31,Storage
2015-08-09,4,516.96,-6.46,0.2,4.0,6.0,4.333333333333333,61.79,6.18,8,2015,32,Storage
2015-08-16,22,1150.02,120.8,0.06666666666666667,4.0,4.0,4.666666666666667,516.96,-6.46,8,2015,33,Storage
2015-08-23,6,663.07,-165.77,0.2,22.0,4.0,10.0,1150.02,120.8,8,2015,34,Storage
2015-08-30,52,4735.1900000000005,549.38,0.08571428571428573,6.0,22.0,10.666666666666666,663.07,-165.77,8,2015,35,Storage
2015-09-06,3,17.94,3.05,0.0,52.0,6.0,26.666666666666668,4735.1900000000005,549.38,9,2015,36,Storage
2015-09-13,15,210.93,43.02,0.0,3.0,52.0,20.333333333333332,17.94,3.05,9,2015,37,Storage
2015-09-20,35,2158.81,-23.989999999999995,0.06000000000000001,15.0,3.0,23.333333333333332,210.93,43.02,9,2015,38,Storage
2015-09-27,44,2579.7799999999997,-34.849999999999994,0.09090909090909091,35.0,15.0,17.666666666666668,2158.81,-23.989999999999995,9,2015,39,Storage
2015-10-04,11,167.06,32.87,0.1,44.0,35.0,31.333333333333332,2579.7799999999997,-34.849999999999994,10,2015,40,Storage
2015-10-11,26,4242.900000000001,73.53999999999999,0.08,11.0,44.0,30.0,167.06,32.87,10,2015,41,Storage
2015-10-18,2,77.88,3.89,0.0,26.0,11.0,27.0,4242.900000000001,73.53999999999999,10,2015,42,Storage
2015-10-25,1,9.95,1.0,0.2,2.0,26.0,13.0,77.88,3.89,10,2015,43,Storage
2015-11-01,13,755.27,-151.8,0.1,1.0,2.0,9.666666666666666,9.95,1.0,11,2015,44,Storage
2015-11-08,6,1600.4299999999998,72.97,0.2,13.0,1.0,5.333333333333333,755.27,-151.8,11,2015,45,Storage
2015-11-15,25,1280.03,154.87,0.10000000000000002,6.0,13.0,6.666666666666667,1600.4299999999998,72.97,11,2015,46,Storage
2015-11-22,26,1837.46,52.38,0.08571428571428573,25.0,6.0,14.666666666666666,1280.03,154.87,11,2015,47,Storage
2015-11-29,25,1246.5900000000001,197.48000000000002,0.10000000000000002,26.0,25.0,19.0,1837.46,52.38,11,2015,48,Storage
2015-12-06,16,597.01,143.21,0.0,25.0,26.0,25.333333333333332,1246.5900000000001,197.48000000000002,12,2015,49,Storage
2015-12-13,5,252.72,-10.34,0.06666666666666667,16.0,25.0,22.333333333333332,597.01,143.21,12,2015,50,Storage
2015-12-20,14,915.5999999999999,-163.49,0.20000000000000004,5.0,16.0,15.333333333333334,252.72,-10.34,12,2015,51,Storage
2015-12-27,10,391.85,62.15,0.15000000000000002,14.0,5.0,11.666666666666666,915.5999999999999,-163.49,12,2015,52,Storage
2016-01-03,11,596.88,94.76,0.1,10.0,14.0,9.666666666666666,391.85,62.15,1,2016,53,Storage
2016-01-10,3,161.94,9.72,0.0,11.0,10.0,11.666666666666666,596.88,94.76,1,2016,1,Storage
2016-01-17,12,1224.6100000000001,229.57,0.1,3.0,11.0,8.0,161.94,9.72,1,2016,2,Storage
2016-01-24,13,1564.29,406.72,0.0,12.0,3.0,8.666666666666666,1224.6100000000001,229.57,1,2016,3,Storage
2016-01-31,16,733.69,76.25,0.0,13.0,12.0,9.333333333333334,1564.29,406.72,1,2016,4,Storage
2016-02-07,12,259.28999999999996,-1.4400000000000013,0.12000000000000002,16.0,13.0,13.666666666666666,733.69,76.25,2,2016,5,Storage
2016-02-14,12,2193.58,590.85,0.05,12.0,16.0,13.666666666666666,259.28999999999996,-1.4400000000000013,2,2016,6,Storage
2016-02-21,14,1420.92,131.14999999999998,0.05,12.0,12.0,13.333333333333334,2193.58,590.85,2,2016,7,Storage
2016-02-28,0,0.0,0.0,0.0,14.0,12.0,12.666666666666666,1420.92,131.14999999999998,2,2016,8,Storage
2016-03-06,7,310.09999999999997,-15.400000000000002,0.1,0.0,14.0,8.666666666666666,0.0,0.0,3,2016,9,Storage
2016-03-13,22,1588.1699999999998,-26.759999999999987,0.06666666666666667,7.0,0.0,7.0,310.09999999999997,-15.400000000000002,3,2016,10,Storage
2016-03-20,0,0.0,0.0,0.0,22.0,7.0,9.666666666666666,1588.1699999999998,-26.759999999999987,3,2016,11,Storage
2016-03-27,10,527.59,24.32,0.1,0.0,22.0,9.666666666666666,0.0,0.0,3,2016,12,Storage
2016-04-03,8,212.34,12.45,0.0,10.0,0.0,10.666666666666666,527.59,24.32,4,2016,13,Storage
2016-04-10,16,843.37,208.99,0.0,8.0,10.0,6.0,212.34,12.45,4,2016,14,Storage
2016-04-17,24,763.88,34.96,0.08571428571428573,16.0,8.0,11.333333333333334,843.37,208.99,4,2016,15,Storage
2016-04-24,21,2427.4100000000003,38.5,0.16666666666666666,24.0,16.0,16.0,763.88,34.96,4,2016,16,Storage
2016-05-01,0,0.0,0.0,0.0,21.0,24.0,20.333333333333332,2427.4100000000003,38.5,5,2016,17,Storage
2016-05-08,22,1084.29,137.94,0.07500000000000001,0.0,21.0,15.0,0.0,0.0,5,2016,18,Storage
2016-05-15,21,1409.35,217.58,0.04,22.0,0.0,14.333333333333334,1084.29,137.94,5,2016,19,Storage
2016-05-22,12,1111.7399999999998,26.07,0.0,21.0,22.0,14.333333333333334,1409.35,217.58,5,2016,20,Storage
2016-05-29,15,1482.07,111.14999999999999,0.2,12.0,21.0,18.333333333333332,1111.7399999999998,26.07,5,2016,21,Storage
2016-06-05,4,49.76,13.93,0.0,15.0,12.0,16.0,1482.07,111.14999999999999,6,2016,22,Storage
2016-06-12,9,809.92,230.87,0.06666666666666667,4.0,15.0,10.333333333333334,49.76,13.93,6,2016,23,Storage
2016-06-19,3,40.74,0.41,0.0,9.0,4.0,9.333333333333334,809.92,230.87,6,2016,24,Storage
2016-06-26,26,1470.71,204.02,0.0,3.0,9.0,5.333333333333333,40.74,0.41,6,2016,25,Storage
2016-07-03,6,191.88,19.19,0.0,26.0,3.0,12.666666666666666,1470.71,204.02,7,2016,26,Storage
2016-07-10,3,36.74,3.67,0.2,6.0,26.0,11.666666666666666,191.88,19.19,7,2016,27,Storage
2016-07-17,18,1134.85,106.41,0.05,3.0,6.0,11.666666666666666,36.74,3.67,7,2016,28,Storage
2016-07-24,22,1504.03,173.84,0.12000000000000002,18.0,3.0,9.0,1134.85,106.41,7,2016,29,Storage
2016-07-31,10,1834.0499999999997,61.62,0.15000000000000002,22.0,18.0,14.333333333333334,1504.03,173.84,7,2016,30,Storage
2016-08-07,12,1064.6699999999998,88.34,0.20000000000000004,10.0,22.0,16.666666666666668,1834.0499999999997,61.62,8,2016,31,Storage
2016-08-14,19,1202.98,58.99,0.10000000000000002,12.0,10.0,14.666666666666666,1064.6699999999998,88.34,8,2016,32,Storage
2016-08-21,3,17.94,3.05,0.0,19.0,12.0,13.666666666666666,1202.98,58.99,8,2016,33,Storage
2016-08-28,10,756.43,-167.48,0.13333333333333333,3.0,19.0,11.333333333333334,17.94,3.05,8,2016,34,Storage
2016-09-04,5,89.4,9.15,0.13333333333333333,10.0,3.0,10.666666666666666,756.43,-167.48,9,2016,35,Storage
2016-09-11,0,0.0,0.0,0.0,5.0,10.0,6.0,89.4,9.15,9,2016,36,Storage
2016-09-18,18,1609.3,155.38,0.05,0.0,5.0,5.0,0.0,0.0,9,2016,37,Storage
2016-09-25,38,2831.12,390.16,0.07500000000000001,18.0,0.0,7.666666666666667,1609.3,155.38,9,2016,38,Storage
2016-10-02,3,51.45,13.89,0.0,38.0,18.0,18.666666666666668,2831.12,390.16,10,2016,39,Storage
2016-10-09,17,911.12,104.09,0.08,3.0,38.0,19.666666666666668,51.45,13.89,10,2016,40,Storage
2016-10-16,24,1125.75,278.02,0.03333333333333333,17.0,3.0,19.333333333333332,911.12,104.09,10,2016,41,Storage
2016-10-23,26,391.76,39.32,0.05,24.0,17.0,14.666666666666666,1125.75,278.02,10,2016,42,Storage
2016-10-30,19,1249.76,38.629999999999995,0.0,26.0,24.0,22.333333333333332,391.76,39.32,10,2016,43,Storage
2016-11-06,14,1899.68,417.34,0.0,19.0,26.0,23.0,1249.76,38.629999999999995,11,2016,44,Storage
2016-11-13,30,771.2,79.55,0.06666666666666668,14.0,19.0,19.666666666666668,1899.68,417.34,11,2016,45,Storage
2016-11-20,24,1432.3400000000001,75.64,0.06666666666666667,30.0,14.0,21.0,771.2,79.55,11,2016,46,Storage
2016-11-27,20,798.23,68.21000000000001,0.12000000000000002,24.0,30.0,22.666666666666668,1432.3400000000001,75.64,11,2016,47,Storage
2016-12-04,33,5126.92,543.66,0.07500000000000001,20.0,24.0,24.666666666666668,798.23,68.21000000000001,12,2016,48,Storage
2016-12-11,28,2035.39,337.69,0.08,33.0,20.0,25.666666666666668,5126.92,543.66,12,2016,49,Storage
2016-12-18,23,1421.79,256.46000000000004,0.0,28.0,33.0,27.0,2035.39,337.69,12,2016,50,Storage
2016-12-25,9,1885.25,10.920000000000002,0.06666666666666667,23.0,28.0,28.0,1421.79,256.46000000000004,12,2016,51,Storage
2017-01-01,10,625.1,-139.10999999999999,0.13333333333333333,9.0,23.0,20.0,1885.25,10.920000000000002,1,2017,52,Storage
2017-01-08,16,1049.4,10.11,0.05,10.0,9.0,14.0,625.1,-139.10999999999999,1,2017,1,Storage
2017-01-15,27,689.63,56.06,0.05714285714285715,16.0,10.0,11.666666666666666,1049.4,10.11,1,2017,2,Storage
2017-01-22,16,1768.62,110.38,0.05,27.0,16.0,17.666666666666668,689.63,56.06,1,2017,3,Storage
2017-01-29,3,31.64,5.32,0.1,16.0,27.0,19.666666666666668,1768.62,110.38,1,2017,4,Storage
2017-02-05,9,640.48,73.31,0.06666666666666667,3.0,16.0,15.333333333333334,31.64,5.32,2,2017,5,Storage
2017-02-12,38,3388.16,450.18,0.06666666666666668,9.0,3.0,9.333333333333334,640.48,73.31,2,2017,6,Storage
2017-02-19,11,796.31,112.9,0.06666666666666667,38.0,9.0,16.666666666666668,3388.16,450.18,2,2017,7,Storage
2017-02-26,2,51.17,-6.4,0.2,11.0,38.0,19.333333333333332,796.31,112.9,2,2017,8,Storage
2017-03-05,12,1118.51,100.97,0.06666666666666667,2.0,11.0,17.0,51.17,-6.4,3,2017,9,Storage
2017-03-12,24,415.09,54.5,0.0,12.0,2.0,8.333333333333334,1118.51,100.97,3,2017,10,Storage
2017-03-19,24,655.62,151.32999999999998,0.03333333333333333,24.0,12.0,12.666666666666666,415.09,54.5,3,2017,11,Storage
2017-03-26,15,1273.89,188.72,0.12000000000000002,24.0,24.0,20.0,655.62,151.32999999999998,3,2017,12,Storage
2017-04-02,9,474.1,47.88,0.0,15.0,24.0,21.0,1273.89,188.72,4,2017,13,Storage
2017-04-09,13,1089.27,276.55,0.06666666666666667,9.0,15.0,16.0,474.1,47.88,4,2017,14,Storage
2017-04-16,12,485.56,-61.93,0.15000000000000002,13.0,9.0,12.333333333333334,1089.27,276.55,4,2017,15,Storage
2017-04-23,15,2102.7799999999997,61.69000000000001,0.16,12.0,13.0,11.333333333333334,485.56,-61.93,4,2017,16,Storage
2017-04-30,4,194.73,-38.76,0.20000000000000004,15.0,12.0,13.333333333333334,2102.7799999999997,61.69000000000001,4,2017,17,Storage
2017-05-07,4,221.16,57.5,0.0,4.0,15.0,10.333333333333334,194.73,-38.76,5,2017,18,Storage
2017-05-14,22,1095.15,109.94,0.12000000000000002,4.0,4.0,7.666666666666667,221.16,57.5,5,2017,19,Storage
2017-05-21,8,934.71,107.5,0.13333333333333333,22.0,4.0,10.0,1095.15,109.94,5,2017,20,Storage
2017-05-28,11,576.11,5.759999999999998,0.13333333333333333,8.0,22.0,11.333333333333334,934.71,107.5,5,2017,21,Storage
2017-06-04,5,121.2,21.619999999999997,0.1,11.0,8.0,13.666666666666666,576.11,5.759999999999998,6,2017,22,Storage
2017-06-11,24,1757.8899999999999,-52.92,0.1142857142857143,5.0,11.0,8.0,121.2,21.619999999999997,6,2017,23,Storage
2017-06-18,14,420.35,-42.269999999999996,0.08,24.0,5.0,13.333333333333334,1757.8899999999999,-52.92,6,2017,24,Storage
2017-06-25,7,296.27000000000004,-25.17,0.15000000000000002,14.0,24.0,14.333333333333334,420.35,-42.269999999999996,6,2017,25,Storage
2017-07-02,52,4045.86,960.57,0.0,7.0,14.0,15.0,296.27000000000004,-25.17,7,2017,26,Storage
2017-07-09,13,609.63,109.75000000000001,0.13333333333333333,52.0,7.0,24.333333333333332,4045.86,960.57,7,2017,27,Storage
2017-07-16,20,1328.07,203.88,0.12000000000000002,13.0,52.0,24.0,609.63,109.75000000000001,7,2017,28,Storage
2017-07-23,9,292.03,33.72,0.2,20.0,13.0,28.333333333333332,1328.07,203.88,7,2017,29,Storage
2017-07-30,8,605.3,64.10000000000001,0.06666666666666667,9.0,20.0,14.0,292.03,33.72,7,2017,30,Storage
2017-08-06,8,2683.29,628.89,0.06666666666666667,8.0,9.0,12.333333333333334,605.3,64.10000000000001,8,2017,31,Storage
2017-08-13,29,1180.3899999999999,221.95999999999998,0.022222222222222223,8.0,8.0,8.333333333333334,2683.29,628.89,8,2017,32,Storage
2017-08-20,31,3658.8,99.17000000000002,0.08571428571428573,29.0,8.0,15.0,1180.3899999999999,221.95999999999998,8,2017,33,Storage
2017-08-27,23,952.94,87.6,0.08,31.0,29.0,22.666666666666668,3658.8,99.17000000000002,8,2017,34,Storage
2017-09-03,9,559.5899999999999,28.259999999999998,0.06666666666666667,23.0,31.0,27.666666666666668,952.94,87.6,9,2017,35,Storage
2017-09-10,41,2861.98,149.03,0.06000000000000001,9.0,23.0,21.0,559.5899999999999,28.259999999999998,9,2017,36,Storage
2017-09-17,29,2808.02,719.88,0.03636363636363637,41.0,9.0,24.333333333333332,2861.98,149.03,9,2017,37,Storage
2017-09-24,17,313.35,50.43,0.05714285714285715,29.0,41.0,26.333333333333332,2808.02,719.88,9,2017,38,Storage
2017-10-01,19,659.72,-32.41000000000001,0.12000000000000002,17.0,29.0,29.0,313.35,50.43,10,2017,39,Storage
2017-10-08,20,1947.71,185.78,0.1,19.0,17.0,21.666666666666668,659.72,-32.41000000000001,10,2017,40,Storage
2017-10-15,22,1019.46,166.71,0.05,20.0,19.0,18.666666666666668,1947.71,185.78,10,2017,41,Storage
2017-10-22,23,2066.43,111.71000000000001,0.08571428571428573,22.0,20.0,20.333333333333332,1019.46,166.71,10,2017,42,Storage
2017-10-29,9,475.66,-80.99000000000001,0.2,23.0,22.0,21.666666666666668,2066.43,111.71000000000001,10,2017,43,Storage
2017-11-05,20,305.81,-4.370000000000001,0.16666666666666666,9.0,23.0,18.0,475.66,-80.99000000000001,11,2017,44,Storage
2017-11-12,10,422.47999999999996,-39.779999999999994,0.1,20.0,9.0,17.333333333333332,305.81,-4.370000000000001,11,2017,45,Storage
2017-11-19,62,4224.48,419.96999999999997,0.06153846153846154,10.0,20.0,13.0,422.47999999999996,-39.779999999999994,11,2017,46,Storage
2017-11-26,21,2028.84,390.18,0.04,62.0,10.0,30.666666666666668,4224.48,419.96999999999997,11,2017,47,Storage
2017-12-03,15,769.79,60.230000000000004,0.0,21.0,62.0,31.0,2028.84,390.18,12,2017,48,Storage
2017-12-10,8,174.66,-4.300000000000001,0.1,15.0,21.0,32.666666666666664,769.79,60.230000000000004,12,2017,49,Storage
2017-12-17,28,2328.19,233.72,0.06000000000000001,8.0,15.0,14.666666666666666,174.66,-4.300000000000001,12,2017,50,Storage
2017-12-24,36,3562.75,340.31,0.05454545454545456,28.0,8.0,17.0,2328.19,233.72,12,2017,51,Storage
2017-12-31,17,2026.11,281.65000000000003,0.03333333333333333,36.0,28.0,24.0,3562.75,340.31,12,2017,52,Storage
2014-03-09,10,102.3,26.6,0.0,0.0,0.0,1.3333333333333333,0.0,0.0,3,2014,10,Supplies
2014-03-16,6,297.97999999999996,-61.050000000000004,0.1,10.0,0.0,3.3333333333333335,102.3,26.6,3,2014,11,Supplies
2014-03-23,0,0.0,0.0,0.0,6.0,10.0,5.333333333333333,297.97999999999996,-61.050000000000004,3,2014,12,Supplies
2014-03-30,0,0.0,0.0,0.0,0.0,6.0,5.333333333333333,0.0,0.0,3,2014,13,Supplies
2014-04-06,0,0.0,0.0,0.0,0.0,0.0,2.0,0.0,0.0,4,2014,14,Supplies
2014-04-13,0,0.0,0.0,0.0,0.0,0.0,0.0,0.0,0.0,4,2014,15,Supplies
2014-04-20,0,0.0,0.0,0.0,0.0,0.0,0.0,0.0,0.0,4,2014,16,Supplies
2014-04-27,0,0.0,0.0,0.0,0.0,0.0,0.0,0.0,0.0,4,2014,17,Supplies
2014-05-04,7,4182.67,88.68,0.0,0.0,0.0,0.0,0.0,0.0,5,2014,18,Supplies
2014-05-11,0,0.0,0.0,0.0,7.0,0.0,2.3333333333333335,4182.67,88.68,5,2014,19,Supplies
2014-05-18,0,0.0,0.0,0.0,0.0,7.0,2.3333333333333335,0.0,0.0,5,2014,20,Supplies
2014-05-25,7,39.24,9.38,0.0,0.0,0.0,2.3333333333333335,0.0,0.0,5,2014,21,Supplies
2014-06-01,0,0.0,0.0,0.0,7.0,0.0,2.3333333333333335,39.24,9.38,6,2014,22,Supplies
2014-06-08,3,27.44,2.27,0.1,0.0,7.0,2.3333333333333335,0.0,0.0,6,2014,23,Supplies
2014-06-15,0,0.0,0.0,0.0,3.0,0.0,3.3333333333333335,27.44,2.27,6,2014,24,Supplies
2014-06-22,0,0.0,0.0,0.0,0.0,3.0,1.0,0.0,0.0,6,2014,25,Supplies
2014-06-29,1,3.1,0.35,0.2,0.0,0.0,1.0,0.0,0.0,6,2014,26,Supplies
2014-07-06,0,0.0,0.0,0.0,1.0,0.0,0.3333333333333333,3.1,0.35,7,2014,27,Supplies
2014-07-13,7,40.71,3.56,0.2,0.0,1.0,0.3333333333333333,0.0,0.0,7,2014,28,Supplies
2014-07-20,0,0.0,0.0,0.0,7.0,0.0,2.6666666666666665,40.71,3.56,7,2014,29,Supplies
2014-07-27,14,8243.869999999999,343.81,0.0,0.0,7.0,2.3333333333333335,0.0,0.0,7,2014,30,Supplies
2014-08-03,0,0.0,0.0,0.0,14.0,0.0,7.0,8243.869999999999,343.81,8,2014,31,Supplies
2014-08-10,0,0.0,0.0,0.0,0.0,14.0,4.666666666666667,0.0,0.0,8,2014,32,Supplies
2014-08-17,5,13.88,-2.6,0.2,0.0,0.0,4.666666666666667,0.0,0.0,8,2014,33,Supplies
2014-08-24,9,49.11,6.4799999999999995,0.15000000000000002,5.0,0.0,1.6666666666666667,13.88,-2.6,8,2014,34,Supplies
2014-08-31,0,0.0,0.0,0.0,9.0,5.0,4.666666666666667,49.11,6.4799999999999995,8,2014,35,Supplies
2014-09-07,2,7.36,0.15,0.0,0.0,9.0,4.666666666666667,0.0,0.0,9,2014,36,Supplies
2014-09-14,0,0.0,0.0,0.0,2.0,0.0,3.6666666666666665,7.36,0.15,9,2014,37,Supplies
2014-09-21,0,0.0,0.0,0.0,0.0,2.0,0.6666666666666666,0.0,0.0,9,2014,38,Supplies
2014-09-28,0,0.0,0.0,0.0,0.0,0.0,0.6666666666666666,0.0,0.0,9,2014,39,Supplies
2014-10-05,6,41.04,11.08,0.0,0.0,0.0,0.0,0.0,0.0,10,2014,40,Supplies
2014-10-12,0,0.0,0.0,0.0,6.0,0.0,2.0,41.04,11.08,10,2014,41,Supplies
2014-10-19,0,0.0,0.0,0.0,0.0,6.0,2.0,0.0,0.0,10,2014,42,Supplies
2014-10-26,0,0.0,0.0,0.0,0.0,0.0,2.0,0.0,0.0,10,2014,43,Supplies
2014-11-02,4,487.02,14.48,0.0,0.0,0.0,0.0,0.0,0.0,11,2014,44,Supplies
2014-11-09,0,0.0,0.0,0.0,4.0,0.0,1.3333333333333333,487.02,14.48,11,2014,45,Supplies
2014-11-16,5,31.41,8.61,0.0,0.0,4.0,1.3333333333333333,0.0,0.0,11,2014,46,Supplies
2014-11-23,0,0.0,0.0,0.0,5.0,0.0,3.0,31.41,8.61,11,2014,47,Supplies
2014-11-30,9,55.35,3.75,0.1,0.0,5.0,1.6666666666666667,0.0,0.0,11,2014,48,Supplies
2014-12-07,0,0.0,0.0,0.0,9.0,0.0,4.666666666666667,55.35,3.75,12,2014,49,Supplies
2014-12-14,14,405.3,5.87,0.16,0.0,9.0,3.0,0.0,0.0,12,2014,50,Supplies
2014-12-21,1,7.27,1.96,0.0,14.0,0.0,7.666666666666667,405.3,5.87,12,2014,51,Supplies
2014-12-28,8,63.06,13.42,0.0,1.0,14.0,5.0,7.27,1.96,12,2014,52,Supplies
2015-01-04,0,0.0,0.0,0.0,8.0,1.0,7.666666666666667,63.06,13.42,1,2015,1,Supplies
2015-01-11,5,76.44,15.17,0.1,0.0,8.0,3.0,0.0,0.0,1,2015,2,Supplies
2015-01-18,0,0.0,0.0,0.0,5.0,0.0,4.333333333333333,76.44,15.17,1,2015,3,Supplies
2015-01-25,0,0.0,0.0,0.0,0.0,5.0,1.6666666666666667,0.0,0.0,1,2015,4,Supplies
2015-02-01,0,0.0,0.0,0.0,0.0,0.0,1.6666666666666667,0.0,0.0,2,2015,5,Supplies
2015-02-08,0,0.0,0.0,0.0,0.0,0.0,0.0,0.0,0.0,2,2015,6,Supplies
2015-02-15,2,10.94,0.96,0.2,0.0,0.0,0.0,0.0,0.0,2,2015,7,Supplies
2015-02-22,0,0.0,0.0,0.0,2.0,0.0,0.6666666666666666,10.94,0.96,2,2015,8,Supplies
2015-03-01,0,0.0,0.0,0.0,0.0,2.0,0.6666666666666666,0.0,0.0,3,2015,9,Supplies
2015-03-08,0,0.0,0.0,0.0,0.0,0.0,0.6666666666666666,0.0,0.0,3,2015,10,Supplies
2015-03-15,1,666.25,-149.91,0.2,0.0,0.0,0.0,0.0,0.0,3,2015,11,Supplies
2015-03-22,4,33.36,8.67,0.0,1.0,0.0,0.3333333333333333,666.25,-149.91,3,2015,12,Supplies
2015-03-29,0,0.0,0.0,0.0,4.0,1.0,1.6666666666666667,33.36,8.67,3,2015,13,Supplies
2015-04-05,0,0.0,0.0,0.0,0.0,4.0,1.6666666666666667,0.0,0.0,4,2015,14,Supplies
2015-04-12,0,0.0,0.0,0.0,0.0,0.0,1.3333333333333333,0.0,0.0,4,2015,15,Supplies
2015-04-19,1,12.88,0.39,0.0,0.0,0.0,0.0,0.0,0.0,4,2015,16,Supplies
2015-04-26,0,0.0,0.0,0.0,1.0,0.0,0.3333333333333333,12.88,0.39,4,2015,17,Supplies
2015-05-03,2,5.84,0.73,0.2,0.0,1.0,0.3333333333333333,0.0,0.0,5,2015,18,Supplies
2015-05-10,12,92.16,-19.59,0.2,2.0,0.0,1.0,5.84,0.73,5,2015,19,Supplies
2015-05-17,8,82.8,18.16,0.1,12.0,2.0,4.666666666666667,92.16,-19.59,5,2015,20,Supplies
2015-05-24,0,0.0,0.0,0.0,8.0,12.0,7.333333333333333,82.8,18.16,5,2015,21,Supplies
2015-05-31,0,0.0,0.0,0.0,0.0,8.0,6.666666666666667,0.0,0.0,5,2015,22,Supplies
2015-06-07,0,0.0,0.0,0.0,0.0,0.0,2.6666666666666665,0.0,0.0,6,2015,23,Supplies
2015-06-14,0,0.0,0.0,0.0,0.0,0.0,0.0,0.0,0.0,6,2015,24,Supplies
2015-06-21,0,0.0,0.0,0.0,0.0,0.0,0.0,0.0,0.0,6,2015,25,Supplies
2015-06-28,0,0.0,0.0,0.0,0.0,0.0,0.0,0.0,0.0,6,2015,26,Supplies
2015-07-05,0,0.0,0.0,0.0,0.0,0.0,0.0,0.0,0.0,7,2015,27,Supplies
2015-07-12,0,0.0,0.0,0.0,0.0,0.0,0.0,0.0,0.0,7,2015,28,Supplies
2015-07-19,0,0.0,0.0,0.0,0.0,0.0,0.0,0.0,0.0,7,2015,29,Supplies
2015-07-26,0,0.0,0.0,0.0,0.0,0.0,0.0,0.0,0.0,7,2015,30,Supplies
2015-08-02,3,52.59,15.78,0.0,0.0,0.0,0.0,0.0,0.0,8,2015,31,Supplies
2015-08-09,0,0.0,0.0,0.0,3.0,0.0,1.0,52.59,15.78,8,2015,32,Supplies
2015-08-16,0,0.0,0.0,0.0,0.0,3.0,1.0,0.0,0.0,8,2015,33,Supplies
2015-08-23,6,35.17,2.0700000000000003,0.2,0.0,0.0,1.0,0.0,0.0,8,2015,34,Supplies
2015-08-30,3,32.94,9.22,0.0,6.0,0.0,2.0,35.17,2.0700000000000003,8,2015,35,Supplies
2015-09-06,0,0.0,0.0,0.0,3.0,6.0,3.0,32.94,9.22,9,2015,36,Supplies
2015-09-13,0,0.0,0.0,0.0,0.0,3.0,3.0,0.0,0.0,9,2015,37,Supplies
2015-09-20,4,24.2,7.26,0.0,0.0,0.0,1.0,0.0,0.0,9,2015,38,Supplies
2015-09-27,5,55.6,6.26,0.2,4.0,0.0,1.3333333333333333,24.2,7.26,9,2015,39,Supplies
2015-10-04,3,47.19,13.69,0.0,5.0,4.0,3.0,55.6,6.26,10,2015,40,Supplies
2015-10-11,4,51.52,1.55,0.0,3.0,5.0,4.0,47.19,13.69,10,2015,41,Supplies
2015-10-18,0,0.0,0.0,0.0,4.0,3.0,4.0,51.52,1.55,10,2015,42,Supplies
2015-10-25,0,0.0,0.0,0.0,0.0,4.0,2.3333333333333335,0.0,0.0,10,2015,43,Supplies
2015-11-01,4,70.12,21.04,0.0,0.0,0.0,1.3333333333333333,0.0,0.0,11,2015,44,Supplies
2015-11-08,0,0.0,0.0,0.0,4.0,0.0,1.3333333333333333,70.12,21.04,11,2015,45,Supplies
2015-11-15,5,8.72,-1.74,0.2,0.0,4.0,1.3333333333333333,0.0,0.0,11,2015,46,Supplies
2015-11-22,10,56.800000000000004,-0.7000000000000002,0.2,5.0,0.0,3.0,8.72,-1.74,11,2015,47,Supplies
2015-11-29,0,0.0,0.0,0.0,10.0,5.0,5.0,56.800000000000004,-0.7000000000000002,11,2015,48,Supplies
2015-12-06,0,0.0,0.0,0.0,0.0,10.0,5.0,0.0,0.0,12,2015,49,Supplies
2015-12-13,7,25.76,0.52,0.0,0.0,0.0,3.3333333333333335,0.0,0.0,12,2015,50,Supplies
2015-12-20,0,0.0,0.0,0.0,7.0,0.0,2.3333333333333335,25.76,0.52,12,2015,51,Supplies
2015-12-27,0,0.0,0.0,0.0,0.0,7.0,2.3333333333333335,0.0,0.0,12,2015,52,Supplies
2016-01-03,4,12.25,-1.26,0.1,0.0,0.0,2.3333333333333335,0.0,0.0,1,2016,53,Supplies
2016-01-10,14,85.74000000000001,25.090000000000003,0.0,4.0,0.0,1.3333333333333333,12.25,-1.26,1,2016,1,Supplies
2016-01-17,5,40.7,11.8,0.0,14.0,4.0,6.0,85.74000000000001,25.090000000000003,1,2016,2,Supplies
2016-01-24,0,0.0,0.0,0.0,5.0,14.0,7.666666666666667,40.7,11.8,1,2016,3,Supplies
2016-01-31,0,0.0,0.0,0.0,0.0,5.0,6.333333333333333,0.0,0.0,1,2016,4,Supplies
2016-02-07,0,0.0,0.0,0.0,0.0,0.0,1.6666666666666667,0.0,0.0,2,2016,5,Supplies
2016-02-14,0,0.0,0.0,0.0,0.0,0.0,0.0,0.0,0.0,2,2016,6,Supplies
2016-02-21,3,25.71,6.68,0.0,0.0,0.0,0.0,0.0,0.0,2,2016,7,Supplies
2016-02-28,0,0.0,0.0,0.0,3.0,0.0,1.0,25.71,6.68,2,2016,8,Supplies
2016-03-06,6,3955.42,-778.4,0.1,0.0,3.0,1.0,0.0,0.0,3,2016,9,Supplies
2016-03-13,3,4912.59,196.5,0.0,6.0,0.0,3.0,3955.42,-778.4,3,2016,10,Supplies
2016-03-20,0,0.0,0.0,0.0,3.0,6.0,3.0,4912.59,196.5,3,2016,11,Supplies
2016-03-27,0,0.0,0.0,0.0,0.0,3.0,3.0,0.0,0.0,3,2016,12,Supplies
2016-04-03,0,0.0,0.0,0.0,0.0,0.0,1.0,0.0,0.0,4,2016,13,Supplies
2016-04-10,6,57.78,17.11,0.0,0.0,0.0,0.0,0.0,0.0,4,2016,14,Supplies
2016-04-17,12,231.76,-38.08,0.13333333333333333,6.0,0.0,2.0,57.78,17.11,4,2016,15,Supplies
2016-04-24,8,69.5,19.47,0.0,12.0,6.0,6.0,231.76,-38.08,4,2016,16,Supplies
2016-05-01,0,0.0,0.0,0.0,8.0,12.0,8.666666666666666,69.5,19.47,5,2016,17,Supplies
2016-05-08,10,830.56,-147.48999999999998,0.1,0.0,8.0,6.666666666666667,0.0,0.0,5,2016,18,Supplies
2016-05-15,0,0.0,0.0,0.0,10.0,0.0,6.0,830.56,-147.48999999999998,5,2016,19,Supplies
2016-05-22,7,65.17,18.9,0.0,0.0,10.0,3.3333333333333335,0.0,0.0,5,2016,20,Supplies
2016-05-29,10,124.4,35.53,0.0,7.0,0.0,5.666666666666667,65.17,18.9,5,2016,21,Supplies
2016-06-05,0,0.0,0.0,0.0,10.0,7.0,5.666666666666667,124.4,35.53,6,2016,22,Supplies
2016-06-12,0,0.0,0.0,0.0,0.0,10.0,5.666666666666667,0.0,0.0,6,2016,23,Supplies
2016-06-19,0,0.0,0.0,0.0,0.0,0.0,3.3333333333333335,0.0,0.0,6,2016,24,Supplies
2016-06-26,9,1066.8899999999999,28.29,0.0,0.0,0.0,0.0,0.0,0.0,6,2016,25,Supplies
2016-07-03,0,0.0,0.0,0.0,9.0,0.0,3.0,1066.8899999999999,28.29,7,2016,26,Supplies
2016-07-10,7,45.58,5.13,0.2,0.0,9.0,3.0,0.0,0.0,7,2016,27,Supplies
2016-07-17,11,73.23,17.47,0.1,7.0,0.0,5.333333333333333,45.58,5.13,7,2016,28,Supplies
2016-07-24,12,133.34,30.23,0.13333333333333333,11.0,7.0,6.0,73.23,17.47,7,2016,29,Supplies
2016-07-31,0,0.0,0.0,0.0,12.0,11.0,10.0,133.34,30.23,7,2016,30,Supplies
2016-08-07,0,0.0,0.0,0.0,0.0,12.0,7.666666666666667,0.0,0.0,8,2016,31,Supplies
2016-08-14,2,185.38,-34.76,0.2,0.0,0.0,4.0,0.0,0.0,8,2016,32,Supplies
2016-08-21,2,28.05,3.51,0.2,2.0,0.0,0.6666666666666666,185.38,-34.76,8,2016,33,Supplies
2016-08-28,13,122.57000000000001,-4.579999999999999,0.13333333333333333,2.0,2.0,1.3333333333333333,28.05,3.51,8,2016,34,Supplies
2016-09-04,3,27.93,8.1,0.0,13.0,2.0,5.666666666666667,122.57000000000001,-4.579999999999999,9,2016,35,Supplies
2016-09-11,0,0.0,0.0,0.0,3.0,13.0,6.0,27.93,8.1,9,2016,36,Supplies
2016-09-18,5,37.47,6.61,0.1,0.0,3.0,5.333333333333333,0.0,0.0,9,2016,37,Supplies
2016-09-25,10,52.89,13.809999999999999,0.0,5.0,0.0,2.6666666666666665,37.47,6.61,9,2016,38,Supplies
2016-10-02,0,0.0,0.0,0.0,10.0,5.0,5.0,52.89,13.809999999999999,10,2016,39,Supplies
2016-10-09,0,0.0,0.0,0.0,0.0,10.0,5.0,0.0,0.0,10,2016,40,Supplies
2016-10-16,9,48.1,-6.25,0.20000000000000004,0.0,0.0,3.3333333333333335,0.0,0.0,10,2016,41,Supplies
2016-10-23,2,7.36,0.15,0.0,9.0,0.0,3.0,48.1,-6.25,10,2016,42,Supplies
2016-10-30,0,0.0,0.0,0.0,2.0,9.0,3.6666666666666665,7.36,0.15,10,2016,43,Supplies
2016-11-06,2,21.96,6.15,0.0,0.0,2.0,3.6666666666666665,0.0,0.0,11,2016,44,Supplies
2016-11-13,9,65.66,7.5600000000000005,0.2,2.0,0.0,1.3333333333333333,21.96,6.15,11,2016,45,Supplies
2016-11-20,0,0.0,0.0,0.0,9.0,2.0,3.6666666666666665,65.66,7.5600000000000005,11,2016,46,Supplies
2016-11-27,3,25.35,7.61,0.0,0.0,9.0,3.6666666666666665,0.0,0.0,11,2016,47,Supplies
2016-12-04,0,0.0,0.0,0.0,3.0,0.0,4.0,25.35,7.61,12,2016,48,Supplies
2016-12-11,0,0.0,0.0,0.0,0.0,3.0,1.0,0.0,0.0,12,2016,49,Supplies
2016-12-18,9,997.0,-194.36,0.1,0.0,0.0,1.0,0.0,0.0,12,2016,50,Supplies
2016-12-25,0,0.0,0.0,0.0,9.0,0.0,3.0,997.0,-194.36,12,2016,51,Supplies
2017-01-01,6,59.43000000000001,13.27,0.06666666666666667,0.0,9.0,3.0,0.0,0.0,1,2017,52,Supplies
2017-01-08,2,3.33,0.42,0.2,6.0,0.0,5.0,59.43000000000001,13.27,1,2017,1,Supplies
2017-01-15,5,4164.05,83.28,0.0,2.0,6.0,2.6666666666666665,3.33,0.42,1,2017,2,Supplies
2017-01-22,0,0.0,0.0,0.0,5.0,2.0,4.333333333333333,4164.05,83.28,1,2017,3,Supplies
2017-01-29,1,8.57,2.23,0.0,0.0,5.0,2.3333333333333335,0.0,0.0,1,2017,4,Supplies
2017-02-05,8,38.66,1.37,0.2,1.0,0.0,2.0,8.57,2.23,2,2017,5,Supplies
2017-02-12,8,423.65999999999997,-77.33,0.2,8.0,1.0,3.0,38.66,1.37,2,2017,6,Supplies
2017-02-19,3,25.02,6.51,0.0,8.0,8.0,5.666666666666667,423.65999999999997,-77.33,2,2017,7,Supplies
2017-02-26,0,0.0,0.0,0.0,3.0,8.0,6.333333333333333,25.02,6.51,2,2017,8,Supplies
2017-03-05,0,0.0,0.0,0.0,0.0,3.0,3.6666666666666665,0.0,0.0,3,2017,9,Supplies
2017-03-12,7,47.32,5.92,0.2,0.0,0.0,1.0,0.0,0.0,3,2017,10,Supplies
2017-03-19,2,1332.5,-299.81,0.2,7.0,0.0,2.3333333333333335,47.32,5.92,3,2017,11,Supplies
2017-03-26,3,347.58,17.38,0.0,2.0,7.0,3.0,1332.5,-299.81,3,2017,12,Supplies
2017-04-02,3,29.7,8.02,0.0,3.0,2.0,4.0,347.58,17.38,4,2017,13,Supplies
2017-04-09,1,240.37,7.21,0.0,3.0,3.0,2.6666666666666665,29.7,8.02,4,2017,14,Supplies
2017-04-16,4,477.24,9.54,0.0,1.0,3.0,2.3333333333333335,240.37,7.21,4,2017,15,Supplies
2017-04-23,12,177.60999999999999,52.18,0.0,4.0,1.0,2.6666666666666665,477.24,9.54,4,2017,16,Supplies
2017-04-30,0,0.0,0.0,0.0,12.0,4.0,5.666666666666667,177.60999999999999,52.18,4,2017,17,Supplies
2017-05-07,0,0.0,0.0,0.0,0.0,12.0,5.333333333333333,0.0,0.0,5,2017,18,Supplies
2017-05-14,5,64.4,1.93,0.0,0.0,0.0,4.0,0.0,0.0,5,2017,19,Supplies
2017-05-21,0,0.0,0.0,0.0,5.0,0.0,1.6666666666666667,64.4,1.93,5,2017,20,Supplies
2017-05-28,5,48.1,3.28,0.1,0.0,5.0,1.6666666666666667,0.0,0.0,5,2017,21,Supplies
2017-06-04,0,0.0,0.0,0.0,5.0,0.0,3.3333333333333335,48.1,3.28,6,2017,22,Supplies
2017-06-11,4,70.12,21.04,0.0,0.0,5.0,1.6666666666666667,0.0,0.0,6,2017,23,Supplies
2017-06-18,2,16.68,4.34,0.0,4.0,0.0,3.0,70.12,21.04,6,2017,24,Supplies
2017-06-25,1,11.18,0.84,0.2,2.0,4.0,2.0,16.68,4.34,6,2017,25,Supplies
2017-07-02,15,169.2,48.15,0.0,1.0,2.0,2.3333333333333335,11.18,0.84,7,2017,26,Supplies
2017-07-09,0,0.0,0.0,0.0,15.0,1.0,6.0,169.2,48.15,7,2017,27,Supplies
2017-07-16,0,0.0,0.0,0.0,0.0,15.0,5.333333333333333,0.0,0.0,7,2017,28,Supplies
2017-07-23,4,240.9,12.74,0.1,0.0,0.0,5.0,0.0,0.0,7,2017,29,Supplies
2017-07-30,3,37.75,4.25,0.2,4.0,0.0,1.3333333333333333,240.9,12.74,7,2017,30,Supplies
2017-08-06,3,23.76,2.08,0.2,3.0,4.0,2.3333333333333335,37.75,4.25,8,2017,31,Supplies
2017-08-13,0,0.0,0.0,0.0,3.0,3.0,3.3333333333333335,23.76,2.08,8,2017,32,Supplies
2017-08-20,5,22.77,4.13,0.1,0.0,3.0,2.0,0.0,0.0,8,2017,33,Supplies
2017-08-27,4,37.24,10.8,0.0,5.0,0.0,2.6666666666666665,22.77,4.13,8,2017,34,Supplies
2017-09-03,5,28.02,6.59,0.1,4.0,5.0,3.0,37.24,10.8,9,2017,35,Supplies
2017-09-10,3,8.83,-1.99,0.2,5.0,4.0,4.666666666666667,28.02,6.59,9,2017,36,Supplies
2017-09-17,0,0.0,0.0,0.0,3.0,5.0,4.0,8.83,-1.99,9,2017,37,Supplies
2017-09-24,13,4727.48,-1031.0,0.05,0.0,3.0,2.6666666666666665,0.0,0.0,9,2017,38,Supplies
2017-10-01,10,289.94,-15.080000000000005,0.13333333333333333,13.0,0.0,5.333333333333333,4727.48,-1031.0,10,2017,39,Supplies
2017-10-08,0,0.0,0.0,0.0,10.0,13.0,7.666666666666667,289.94,-15.080000000000005,10,2017,40,Supplies
2017-10-15,0,0.0,0.0,0.0,0.0,10.0,7.666666666666667,0.0,0.0,10,2017,41,Supplies
2017-10-22,0,0.0,0.0,0.0,0.0,0.0,3.3333333333333335,0.0,0.0,10,2017,42,Supplies
2017-10-29,0,0.0,0.0,0.0,0.0,0.0,0.0,0.0,0.0,10,2017,43,Supplies
2017-11-05,2,35.06,10.52,0.0,0.0,0.0,0.0,0.0,0.0,11,2017,44,Supplies
2017-11-12,3,25.5,6.63,0.0,2.0,0.0,0.6666666666666666,35.06,10.52,11,2017,45,Supplies
2017-11-19,2,9.61,-0.16000000000000003,0.2,3.0,2.0,1.6666666666666667,25.5,6.63,11,2017,46,Supplies
2017-11-26,2,4.36,0.17,0.0,2.0,3.0,2.3333333333333335,9.61,-0.16000000000000003,11,2017,47,Supplies
2017-12-03,0,0.0,0.0,0.0,2.0,2.0,2.3333333333333335,4.36,0.17,12,2017,48,Supplies
2017-12-10,4,255.62,9.19,0.0,0.0,2.0,1.3333333333333333,0.0,0.0,12,2017,49,Supplies
2017-12-17,7,67.62,18.41,0.0,4.0,0.0,2.0,255.62,9.19,12,2017,50,Supplies
2017-12-24,11,764.66,54.92,0.0,7.0,4.0,3.6666666666666665,67.62,18.41,12,2017,51,Supplies
2014-01-26,0,0.0,0.0,0.0,0.0,0.0,1.0,0.0,0.0,1,2014,4,Tables
2014-02-02,3,333.0,-16.65,0.2,0.0,0.0,0.0,0.0,0.0,2,2014,5,Tables
2014-02-09,0,0.0,0.0,0.0,3.0,0.0,1.0,333.0,-16.65,2,2014,6,Tables
2014-02-16,0,0.0,0.0,0.0,0.0,3.0,1.0,0.0,0.0,2,2014,7,Tables
2014-02-23,0,0.0,0.0,0.0,0.0,0.0,1.0,0.0,0.0,2,2014,8,Tables
2014-03-02,0,0.0,0.0,0.0,0.0,0.0,0.0,0.0,0.0,3,2014,9,Tables
2014-03-09,3,626.35,-23.49,0.2,0.0,0.0,0.0,0.0,0.0,3,2014,10,Tables
2014-03-16,7,1088.47,-295.67,0.30000000000000004,3.0,0.0,1.0,626.35,-23.49,3,2014,11,Tables
2014-03-23,14,3265.24,-1124.02,0.4000000000000001,7.0,3.0,3.3333333333333335,1088.47,-295.67,3,2014,12,Tables
2014-03-30,8,2406.15,-189.35,0.2333333333333333,14.0,7.0,8.0,3265.24,-1124.02,3,2014,13,Tables
2014-04-06,0,0.0,0.0,0.0,8.0,14.0,9.666666666666666,2406.15,-189.35,4,2014,14,Tables
2014-04-13,4,573.73,-64.54,0.2,0.0,8.0,7.333333333333333,0.0,0.0,4,2014,15,Tables
2014-04-20,7,1145.69,-227.62,0.3,4.0,0.0,4.0,573.73,-64.54,4,2014,16,Tables
2014-04-27,0,0.0,0.0,0.0,7.0,4.0,3.6666666666666665,1145.69,-227.62,4,2014,17,Tables
2014-05-04,0,0.0,0.0,0.0,0.0,7.0,3.6666666666666665,0.0,0.0,5,2014,18,Tables
2014-05-11,2,489.23,41.93,0.3,0.0,0.0,2.3333333333333335,0.0,0.0,5,2014,19,Tables
2014-05-18,0,0.0,0.0,0.0,2.0,0.0,0.6666666666666666,489.23,41.93,5,2014,20,Tables
2014-05-25,0,0.0,0.0,0.0,0.0,2.0,0.6666666666666666,0.0,0.0,5,2014,21,Tables
2014-06-01,13,922.5799999999999,-213.2,0.35,0.0,0.0,0.6666666666666666,0.0,0.0,6,2014,22,Tables
2014-06-08,9,1800.07,-272.13,0.26666666666666666,13.0,0.0,4.333333333333333,922.5799999999999,-213.2,6,2014,23,Tables
2014-06-15,3,375.41,-189.36,0.4,9.0,13.0,7.333333333333333,1800.07,-272.13,6,2014,24,Tables
2014-06-22,0,0.0,0.0,0.0,3.0,9.0,8.333333333333334,375.41,-189.36,6,2014,25,Tables
2014-06-29,1,85.98,22.35,0.0,0.0,3.0,4.0,0.0,0.0,6,2014,26,Tables
2014-07-06,5,463.19,-248.62,0.4,1.0,0.0,1.3333333333333333,85.98,22.35,7,2014,27,Tables
2014-07-13,9,981.9200000000001,93.21,0.16666666666666666,5.0,1.0,2.0,463.19,-248.62,7,2014,28,Tables
2014-07-20,1,70.56,-4.03,0.3,9.0,5.0,5.0,981.9200000000001,93.21,7,2014,29,Tables
2014-07-27,4,443.20000000000005,46.44,0.2,1.0,9.0,5.0,70.56,-4.03,7,2014,30,Tables
2014-08-03,0,0.0,0.0,0.0,4.0,1.0,4.666666666666667,443.20000000000005,46.44,8,2014,31,Tables
2014-08-10,13,1990.1100000000001,136.02999999999997,0.2,0.0,4.0,1.6666666666666667,0.0,0.0,8,2014,32,Tables
2014-08-17,6,853.09,-227.49,0.4,13.0,0.0,5.666666666666667,1990.1100000000001,136.02999999999997,8,2014,33,Tables
2014-08-24,0,0.0,0.0,0.0,6.0,13.0,6.333333333333333,853.09,-227.49,8,2014,34,Tables
2014-08-31,3,174.06,-110.76,0.45,0.0,6.0,6.333333333333333,0.0,0.0,8,2014,35,Tables
2014-09-07,16,3147.48,330.33000000000004,0.1,3.0,0.0,3.0,174.06,-110.76,9,2014,36,Tables
2014-09-14,0,0.0,0.0,0.0,16.0,3.0,6.333333333333333,3147.48,330.33000000000004,9,2014,37,Tables
2014-09-21,7,691.62,-453.51,0.5,0.0,16.0,6.333333333333333,0.0,0.0,9,2014,38,Tables
2014-09-28,0,0.0,0.0,0.0,7.0,0.0,7.666666666666667,691.62,-453.51,9,2014,39,Tables
2014-10-05,12,2825.27,297.3,0.26666666666666666,0.0,7.0,2.3333333333333335,0.0,0.0,10,2014,40,Tables
2014-10-12,0,0.0,0.0,0.0,12.0,0.0,6.333333333333333,2825.27,297.3,10,2014,41,Tables
2014-10-19,5,1298.55,311.65,0.0,0.0,12.0,4.0,0.0,0.0,10,2014,42,Tables
2014-10-26,10,1329.5,-158.4,0.26666666666666666,5.0,0.0,5.666666666666667,1298.55,311.65,10,2014,43,Tables
2014-11-02,7,1641.91,14.760000000000005,0.15,10.0,5.0,5.0,1329.5,-158.4,11,2014,44,Tables
2014-11-09,0,0.0,0.0,0.0,7.0,10.0,7.333333333333333,1641.91,14.760000000000005,11,2014,45,Tables
2014-11-16,0,0.0,0.0,0.0,0.0,7.0,5.666666666666667,0.0,0.0,11,2014,46,Tables
2014-11-23,10,1168.2800000000002,-179.59999999999997,0.3333333333333333,0.0,0.0,2.3333333333333335,0.0,0.0,11,2014,47,Tables
2014-11-30,5,1218.74,-121.87,0.3,10.0,0.0,3.3333333333333335,1168.2800000000002,-179.59999999999997,11,2014,48,Tables
2014-12-07,6,1398.4099999999999,-147.47,0.25,5.0,10.0,5.0,1218.74,-121.87,12,2014,49,Tables
2014-12-14,22,5141.13,210.11,0.25,6.0,5.0,7.0,1398.4099999999999,-147.47,12,2014,50,Tables
2014-12-21,9,2699.58,593.9100000000001,0.0,22.0,6.0,11.0,5141.13,210.11,12,2014,51,Tables
2014-12-28,2,53.32,-19.55,0.4,9.0,22.0,12.333333333333334,2699.58,593.9100000000001,12,2014,52,Tables
2015-01-04,3,523.76,-192.05,0.4,2.0,9.0,11.0,53.32,-19.55,1,2015,1,Tables
2015-01-11,8,1306.94,-130.58,0.1,3.0,2.0,4.666666666666667,523.76,-192.05,1,2015,2,Tables
2015-01-18,9,1913.4,401.81,0.0,8.0,3.0,4.333333333333333,1306.94,-130.58,1,2015,3,Tables
2015-01-25,1,102.44,-13.17,0.3,9.0,8.0,6.666666666666667,1913.4,401.81,1,2015,4,Tables
2015-02-01,13,4297.64,-1862.31,0.4,1.0,9.0,6.0,102.44,-13.17,2,2015,5,Tables
2015-02-08,7,1065.03,-23.319999999999993,0.25,13.0,1.0,7.666666666666667,4297.64,-1862.31,2,2015,6,Tables
2015-02-15,5,1038.84,51.94,0.2,7.0,13.0,7.0,1065.03,-23.319999999999993,2,2015,7,Tables
2015-02-22,1,35.54,-0.89,0.2,5.0,7.0,8.333333333333334,1038.84,51.94,2,2015,8,Tables
2015-03-01,0,0.0,0.0,0.0,1.0,5.0,4.333333333333333,35.54,-0.89,3,2015,9,Tables
2015-03-08,0,0.0,0.0,0.0,0.0,1.0,2.0,0.0,0.0,3,2015,10,Tables
2015-03-15,0,0.0,0.0,0.0,0.0,0.0,0.3333333333333333,0.0,0.0,3,2015,11,Tables
2015-03-22,2,171.96,44.71,0.0,0.0,0.0,0.0,0.0,0.0,3,2015,12,Tables
2015-03-29,8,3393.68,610.86,0.0,2.0,0.0,0.6666666666666666,171.96,44.71,3,2015,13,Tables
2015-04-05,0,0.0,0.0,0.0,8.0,2.0,3.3333333333333335,3393.68,610.86,4,2015,14,Tables
2015-04-12,0,0.0,0.0,0.0,0.0,8.0,3.3333333333333335,0.0,0.0,4,2015,15,Tables
2015-04-19,11,1773.75,-271.40999999999997,0.25,0.0,0.0,2.6666666666666665,0.0,0.0,4,2015,16,Tables
2015-04-26,1,191.52,-76.61,0.45,11.0,0.0,3.6666666666666665,1773.75,-271.40999999999997,4,2015,17,Tables
2015-05-03,0,0.0,0.0,0.0,1.0,11.0,4.0,191.52,-76.61,5,2015,18,Tables
2015-05-10,0,0.0,0.0,0.0,0.0,1.0,4.0,0.0,0.0,5,2015,19,Tables
2015-05-17,0,0.0,0.0,0.0,0.0,0.0,0.3333333333333333,0.0,0.0,5,2015,20,Tables
2015-05-24,0,0.0,0.0,0.0,0.0,0.0,0.0,0.0,0.0,5,2015,21,Tables
2015-05-31,0,0.0,0.0,0.0,0.0,0.0,0.0,0.0,0.0,5,2015,22,Tables
2015-06-07,0,0.0,0.0,0.0,0.0,0.0,0.0,0.0,0.0,6,2015,23,Tables
2015-06-14,1,85.98,22.35,0.0,0.0,0.0,0.0,0.0,0.0,6,2015,24,Tables
2015-06-21,0,0.0,0.0,0.0,1.0,0.0,0.3333333333333333,85.98,22.35,6,2015,25,Tables
2015-06-28,7,796.43,-525.64,0.5,0.0,1.0,0.3333333333333333,0.0,0.0,6,2015,26,Tables
2015-07-05,2,244.01,-31.37,0.3,7.0,0.0,2.6666666666666665,796.43,-525.64,7,2015,27,Tables
2015-07-12,5,508.59000000000003,-134.45000000000002,0.4,2.0,7.0,3.0,244.01,-31.37,7,2015,28,Tables
2015-07-19,0,0.0,0.0,0.0,5.0,2.0,4.666666666666667,508.59000000000003,-134.45000000000002,7,2015,29,Tables
2015-07-26,5,751.75,-165.01,0.25,0.0,5.0,2.3333333333333335,0.0,0.0,7,2015,30,Tables
2015-08-02,7,1090.78,-290.88,0.4,5.0,0.0,3.3333333333333335,751.75,-165.01,8,2015,31,Tables
2015-08-09,0,0.0,0.0,0.0,7.0,5.0,4.0,1090.78,-290.88,8,2015,32,Tables
2015-08-16,0,0.0,0.0,0.0,0.0,7.0,4.0,0.0,0.0,8,2015,33,Tables
2015-08-23,0,0.0,0.0,0.0,0.0,0.0,2.3333333333333335,0.0,0.0,8,2015,34,Tables
2015-08-30,8,1306.6299999999999,-210.22,0.3333333333333333,0.0,0.0,0.0,0.0,0.0,8,2015,35,Tables
2015-09-06,3,369.91,-13.87,0.2,8.0,0.0,2.6666666666666665,1306.6299999999999,-210.22,9,2015,36,Tables
2015-09-13,21,2029.64,198.94,0.13333333333333333,3.0,8.0,3.6666666666666665,369.91,-13.87,9,2015,37,Tables
2015-09-20,12,2229.07,207.37,0.15000000000000002,21.0,3.0,10.666666666666666,2029.64,198.94,9,2015,38,Tables
2015-09-27,3,1044.63,240.26,0.0,12.0,21.0,12.0,2229.07,207.37,9,2015,39,Tables
2015-10-04,4,1018.1,-373.3,0.4,3.0,12.0,12.0,1044.63,240.26,10,2015,40,Tables
2015-10-11,0,0.0,0.0,0.0,4.0,3.0,6.333333333333333,1018.1,-373.3,10,2015,41,Tables
2015-10-18,2,801.96,200.49,0.0,0.0,4.0,2.3333333333333335,0.0,0.0,10,2015,42,Tables
2015-10-25,13,965.3199999999999,-73.75999999999999,0.2333333333333333,2.0,0.0,2.0,801.96,200.49,10,2015,43,Tables
2015-11-01,0,0.0,0.0,0.0,13.0,2.0,5.0,965.3199999999999,-73.75999999999999,11,2015,44,Tables
2015-11-08,4,199.84,-37.11,0.3,0.0,13.0,5.0,0.0,0.0,11,2015,45,Tables
2015-11-15,10,1322.53,-631.1999999999999,0.475,4.0,0.0,5.666666666666667,199.84,-37.11,11,2015,46,Tables
2015-11-22,16,2327.3199999999997,-365.21999999999997,0.175,10.0,4.0,4.666666666666667,1322.53,-631.1999999999999,11,2015,47,Tables
2015-11-29,7,821.53,-157.01,0.375,16.0,10.0,10.0,2327.3199999999997,-365.21999999999997,11,2015,48,Tables
2015-12-06,0,0.0,0.0,0.0,7.0,16.0,11.0,821.53,-157.01,12,2015,49,Tables
2015-12-13,1,209.67,-13.98,0.4,0.0,7.0,7.666666666666667,0.0,0.0,12,2015,50,Tables
2015-12-20,4,1053.16,-105.32,0.3,1.0,0.0,2.6666666666666665,209.67,-13.98,12,2015,51,Tables
2015-12-27,10,1600.58,-480.18,0.4,4.0,1.0,1.6666666666666667,1053.16,-105.32,12,2015,52,Tables
2016-01-03,8,836.59,-264.92,0.4,10.0,4.0,5.0,1600.58,-480.18,1,2016,53,Tables
2016-01-10,4,701.21,-257.78,0.4,8.0,10.0,7.333333333333333,836.59,-264.92,1,2016,1,Tables
2016-01-17,4,547.81,-62.64,0.3,4.0,8.0,7.333333333333333,701.21,-257.78,1,2016,2,Tables
2016-01-24,0,0.0,0.0,0.0,4.0,4.0,5.333333333333333,547.81,-62.64,1,2016,3,Tables
2016-01-31,6,939.82,-637.8000000000001,0.45,0.0,4.0,2.6666666666666665,0.0,0.0,1,2016,4,Tables
2016-02-07,0,0.0,0.0,0.0,6.0,0.0,3.3333333333333335,939.82,-637.8000000000001,2,2016,5,Tables
2016-02-14,5,686.89,-31.83,0.25,0.0,6.0,2.0,0.0,0.0,2,2016,6,Tables
2016-02-21,0,0.0,0.0,0.0,5.0,0.0,3.6666666666666665,686.89,-31.83,2,2016,7,Tables
2016-02-28,0,0.0,0.0,0.0,0.0,5.0,1.6666666666666667,0.0,0.0,2,2016,8,Tables
2016-03-06,12,2301.8399999999997,221.07000000000002,0.16666666666666666,0.0,0.0,1.6666666666666667,0.0,0.0,3,2016,9,Tables
2016-03-13,15,2651.2200000000003,118.28,0.18,12.0,0.0,4.0,2301.8399999999997,221.07000000000002,3,2016,10,Tables
2016-03-20,7,887.04,51.46000000000001,0.2,15.0,12.0,9.0,2651.2200000000003,118.28,3,2016,11,Tables
2016-03-27,2,99.37,-1.42,0.3,7.0,15.0,11.333333333333334,887.04,51.46000000000001,3,2016,12,Tables
2016-04-03,0,0.0,0.0,0.0,2.0,7.0,8.0,99.37,-1.42,4,2016,13,Tables
2016-04-10,7,416.6,-144.45000000000002,0.4,0.0,2.0,3.0,0.0,0.0,4,2016,14,Tables
2016-04-17,10,876.3,-292.1,0.4,7.0,0.0,3.0,416.6,-144.45000000000002,4,2016,15,Tables
2016-04-24,2,205.18,-58.13,0.4,10.0,7.0,5.666666666666667,876.3,-292.1,4,2016,16,Tables
2016-05-01,0,0.0,0.0,0.0,2.0,10.0,6.333333333333333,205.18,-58.13,5,2016,17,Tables
2016-05-08,15,2613.48,332.98,0.15000000000000002,0.0,2.0,4.0,0.0,0.0,5,2016,18,Tables
2016-05-15,11,2516.07,153.76,0.15,15.0,0.0,5.666666666666667,2613.48,332.98,5,2016,19,Tables
2016-05-22,2,174.29,-19.92,0.3,11.0,15.0,8.666666666666666,2516.07,153.76,5,2016,20,Tables
2016-05-29,0,0.0,0.0,0.0,2.0,11.0,9.333333333333334,174.29,-19.92,5,2016,21,Tables
2016-06-05,12,2421.48,287.57,0.25,0.0,2.0,4.333333333333333,0.0,0.0,6,2016,22,Tables
2016-06-12,0,0.0,0.0,0.0,12.0,0.0,4.666666666666667,2421.48,287.57,6,2016,23,Tables
2016-06-19,19,3122.71,83.82000000000002,0.25,0.0,12.0,4.0,0.0,0.0,6,2016,24,Tables
2016-06-26,0,0.0,0.0,0.0,19.0,0.0,10.333333333333334,3122.71,83.82000000000002,6,2016,25,Tables
2016-07-03,0,0.0,0.0,0.0,0.0,19.0,6.333333333333333,0.0,0.0,7,2016,26,Tables
2016-07-10,0,0.0,0.0,0.0,0.0,0.0,6.333333333333333,0.0,0.0,7,2016,27,Tables
2016-07-17,0,0.0,0.0,0.0,0.0,0.0,0.0,0.0,0.0,7,2016,28,Tables
2016-07-24,0,0.0,0.0,0.0,0.0,0.0,0.0,0.0,0.0,7,2016,29,Tables
2016-07-31,15,3293.21,356.44,0.1,0.0,0.0,0.0,0.0,0.0,7,2016,30,Tables
2016-08-07,0,0.0,0.0,0.0,15.0,0.0,5.0,3293.21,356.44,8,2016,31,Tables
2016-08-14,12,2682.19,-496.17,0.275,0.0,15.0,5.0,0.0,0.0,8,2016,32,Tables
2016-08-21,20,3863.63,-147.17,0.26666666666666666,12.0,0.0,9.0,2682.19,-496.17,8,2016,33,Tables
2016-08-28,4,447.84,98.52,0.0,20.0,12.0,10.666666666666666,3863.63,-147.17,8,2016,34,Tables
2016-09-04,4,241.92,-56.45,0.4,4.0,20.0,12.0,447.84,98.52,9,2016,35,Tables
2016-09-11,3,692.94,173.24,0.0,4.0,4.0,9.333333333333334,241.92,-56.45,9,2016,36,Tables
2016-09-18,17,2648.66,221.42000000000002,0.21250000000000002,3.0,4.0,3.6666666666666665,692.94,173.24,9,2016,37,Tables
2016-09-25,3,393.17,-204.45,0.5,17.0,3.0,8.0,2648.66,221.42000000000002,9,2016,38,Tables
2016-10-02,0,0.0,0.0,0.0,3.0,17.0,7.666666666666667,393.17,-204.45,10,2016,39,Tables
2016-10-09,9,1636.6100000000001,-251.44,0.25,0.0,3.0,6.666666666666667,0.0,0.0,10,2016,40,Tables
2016-10-16,6,869.6300000000001,-503.49,0.45,9.0,0.0,4.0,1636.6100000000001,-251.44,10,2016,41,Tables
2016-10-23,2,661.18,-231.41,0.4,6.0,9.0,5.0,869.6300000000001,-503.49,10,2016,42,Tables
2016-10-30,0,0.0,0.0,0.0,2.0,6.0,5.666666666666667,661.18,-231.41,10,2016,43,Tables
2016-11-06,5,1146.72,2.4800000000000004,0.25,0.0,2.0,2.6666666666666665,0.0,0.0,11,2016,44,Tables
2016-11-13,9,3007.53,93.22999999999999,0.2,5.0,0.0,2.3333333333333335,1146.72,2.4800000000000004,11,2016,45,Tables
2016-11-20,4,630.02,-199.51,0.4,9.0,5.0,4.666666666666667,3007.53,93.22999999999999,11,2016,46,Tables
2016-11-27,18,2212.81,95.01000000000003,0.2833333333333334,4.0,9.0,6.0,630.02,-199.51,11,2016,47,Tables
2016-12-04,4,343.92,75.66,0.0,18.0,4.0,10.333333333333334,2212.81,95.01000000000003,12,2016,48,Tables
2016-12-11,12,1445.79,-330.25,0.35000000000000003,4.0,18.0,8.666666666666666,343.92,75.66,12,2016,49,Tables
2016-12-18,16,5334.93,-357.04,0.225,12.0,4.0,11.333333333333334,1445.79,-330.25,12,2016,50,Tables
2016-12-25,9,804.6,-363.02,0.4666666666666666,16.0,12.0,10.666666666666666,5334.93,-357.04,12,2016,51,Tables
2017-01-01,3,902.71,33.85,0.2,9.0,16.0,12.333333333333334,804.6,-363.02,1,2017,52,Tables
2017-01-08,4,933.26,-458.15,0.45,3.0,9.0,9.333333333333334,902.71,33.85,1,2017,1,Tables
2017-01-15,13,2949.18,285.28,0.0,4.0,3.0,5.333333333333333,933.26,-458.15,1,2017,2,Tables
2017-01-22,7,399.67,-14.99,0.2,13.0,4.0,6.666666666666667,2949.18,285.28,1,2017,3,Tables
2017-01-29,2,210.98,21.1,0.0,7.0,13.0,8.0,399.67,-14.99,1,2017,4,Tables
2017-02-05,8,1394.61,-146.81,0.26666666666666666,2.0,7.0,7.333333333333333,210.98,21.1,2,2017,5,Tables
2017-02-12,10,2805.18,-1099.07,0.3333333333333333,8.0,2.0,5.666666666666667,1394.61,-146.81,2,2017,6,Tables
2017-02-19,3,480.96,-269.34,0.5,10.0,8.0,6.666666666666667,2805.18,-1099.07,2,2017,7,Tables
2017-02-26,9,386.91,-185.72,0.5,3.0,10.0,7.0,480.96,-269.34,2,2017,8,Tables
2017-03-05,5,373.47,-112.04,0.4,9.0,3.0,7.333333333333333,386.91,-185.72,3,2017,9,Tables
2017-03-12,25,3452.7200000000003,-79.72,0.23333333333333336,5.0,9.0,5.666666666666667,373.47,-112.04,3,2017,10,Tables
2017-03-19,5,697.16,8.71,0.2,25.0,5.0,13.0,3452.7200000000003,-79.72,3,2017,11,Tables
2017-03-26,0,0.0,0.0,0.0,5.0,25.0,11.666666666666666,697.16,8.71,3,2017,12,Tables
2017-04-02,2,292.1,58.42,0.0,0.0,5.0,10.0,0.0,0.0,4,2017,13,Tables
2017-04-09,12,3101.52,4.489999999999995,0.20000000000000004,2.0,0.0,2.3333333333333335,292.1,58.42,4,2017,14,Tables
2017-04-16,3,523.76,-192.05,0.4,12.0,2.0,4.666666666666667,3101.52,4.489999999999995,4,2017,15,Tables
2017-04-23,0,0.0,0.0,0.0,3.0,12.0,5.666666666666667,523.76,-192.05,4,2017,16,Tables
2017-04-30,5,1048.35,-69.89,0.4,0.0,3.0,5.0,0.0,0.0,4,2017,17,Tables
2017-05-07,0,0.0,0.0,0.0,5.0,0.0,2.6666666666666665,1048.35,-69.89,5,2017,18,Tables
2017-05-14,2,166.5,-66.6,0.4,0.0,5.0,1.6666666666666667,0.0,0.0,5,2017,19,Tables
2017-05-21,0,0.0,0.0,0.0,2.0,0.0,2.3333333333333335,166.5,-66.6,5,2017,20,Tables
2017-05-28,0,0.0,0.0,0.0,0.0,2.0,0.6666666666666666,0.0,0.0,5,2017,21,Tables
2017-06-04,0,0.0,0.0,0.0,0.0,0.0,0.6666666666666666,0.0,0.0,6,2017,22,Tables
2017-06-11,7,2036.86,366.63,0.0,0.0,0.0,0.0,0.0,0.0,6,2017,23,Tables
2017-06-18,0,0.0,0.0,0.0,7.0,0.0,2.3333333333333335,2036.86,366.63,6,2017,24,Tables
2017-06-25,7,1328.8899999999999,63.17999999999999,0.15,0.0,7.0,2.3333333333333335,0.0,0.0,6,2017,25,Tables
2017-07-02,8,1351.94,-335.49,0.35,7.0,0.0,4.666666666666667,1328.8899999999999,63.17999999999999,7,2017,26,Tables
2017-07-09,5,854.47,-350.3,0.45,8.0,7.0,5.0,1351.94,-335.49,7,2017,27,Tables
2017-07-16,10,1378.0500000000002,-19.120000000000005,0.26666666666666666,5.0,8.0,6.666666666666667,854.47,-350.3,7,2017,28,Tables
2017-07-23,5,801.6,-448.9,0.5,10.0,5.0,7.666666666666667,1378.0500000000002,-19.120000000000005,7,2017,29,Tables
2017-07-30,7,436.71000000000004,-38.91,0.35,5.0,10.0,6.666666666666667,801.6,-448.9,7,2017,30,Tables
2017-08-06,2,892.98,80.37,0.0,7.0,5.0,7.333333333333333,436.71000000000004,-38.91,8,2017,31,Tables
2017-08-13,14,1769.65,-679.51,0.35,2.0,7.0,4.666666666666667,892.98,80.37,8,2017,32,Tables
2017-08-20,3,418.3,5.23,0.2,14.0,2.0,7.666666666666667,1769.65,-679.51,8,2017,33,Tables
2017-08-27,10,2012.96,-378.93,0.3,3.0,14.0,6.333333333333333,418.3,5.23,8,2017,34,Tables
2017-09-03,5,1137.75,250.31,0.0,10.0,3.0,9.0,2012.96,-378.93,9,2017,35,Tables
2017-09-10,10,1114.88,-482.04999999999995,0.375,5.0,10.0,6.0,1137.75,250.31,9,2017,36,Tables
2017-09-17,10,1197.23,33.69,0.2,10.0,5.0,8.333333333333334,1114.88,-482.04999999999995,9,2017,37,Tables
2017-09-24,0,0.0,0.0,0.0,10.0,10.0,8.333333333333334,1197.23,33.69,9,2017,38,Tables
2017-10-01,2,344.22,-189.32,0.4,0.0,10.0,6.666666666666667,0.0,0.0,10,2017,39,Tables
2017-10-08,4,933.41,-173.35,0.3,2.0,0.0,4.0,344.22,-189.32,10,2017,40,Tables
2017-10-15,8,3174.12,462.91,0.0,4.0,2.0,2.0,933.41,-173.35,10,2017,41,Tables
2017-10-22,18,2939.22,-1115.07,0.3,8.0,4.0,4.666666666666667,3174.12,462.91,10,2017,42,Tables
2017-10-29,18,1942.48,-152.51000000000002,0.22000000000000003,18.0,8.0,10.0,2939.22,-1115.07,10,2017,43,Tables
2017-11-05,5,405.77,-114.56,0.35,18.0,18.0,14.666666666666666,1942.48,-152.51000000000002,11,2017,44,Tables
2017-11-12,11,1234.0700000000002,-485.85,0.375,5.0,18.0,13.666666666666666,405.77,-114.56,11,2017,45,Tables
2017-11-19,12,1017.1700000000001,-232.57999999999998,0.39999999999999997,11.0,5.0,11.333333333333334,1234.0700000000002,-485.85,11,2017,46,Tables
2017-11-26,8,820.9,43.35,0.175,12.0,11.0,9.333333333333334,1017.1700000000001,-232.57999999999998,11,2017,47,Tables
2017-12-03,19,3847.0,-1272.88,0.4,8.0,12.0,10.333333333333334,820.9,43.35,12,2017,48,Tables
2017-12-10,11,1411.76,-19.720000000000006,0.16666666666666666,19.0,8.0,13.0,3847.0,-1272.88,12,2017,49,Tables
2017-12-17,6,1501.5700000000002,-150.16,0.3,11.0,19.0,12.666666666666666,1411.76,-19.720000000000006,12,2017,50,Tables
2017-12-24,6,1201.87,32.120000000000005,0.16666666666666666,6.0,11.0,12.0,1501.5700000000002,-150.16,12,2017,51,Tables
2017-12-31,2,273.06,-104.67,0.4,6.0,6.0,7.666666666666667,1201.87,32.120000000000005,12,2017,52,Tables
